fare_id,route_id,origin_id,destination_id,contains_id
1089,,1001,1118,
1089,,1001,1119,
1089,,1001,1120,
1089,,1001,1408,
1089,,1001,1409,
1089,,1001,1410,
1089,,1001,1509,
1089,,1001,1601,
1089,,1001,1602,
1089,,1001,1714,
1089,,1001,1715,
1089,,1001,1716,
1089,,1001,1802,
1089,,1001,1803,
1089,,1001,1804,
1089,,1001,1805,
1089,,1002,1118,
1089,,1002,1119,
1089,,1002,1120,
1089,,1002,1408,
1089,,1002,1409,
1089,,1002,1410,
1089,,1002,1509,
1089,,1002,1601,
1089,,1002,1602,
1089,,1002,1603,
1089,,1002,1715,
1089,,1002,1716,
1089,,1002,1803,
1089,,1002,1804,
1089,,1002,1805,
1089,,1003,1118,
1089,,1003,1119,
1089,,1003,1120,
1089,,1003,1408,
1089,,1003,1409,
1089,,1003,1410,
1089,,1003,1509,
1089,,1003,1601,
1089,,1003,1602,
1089,,1003,1603,
1089,,1003,1715,
1089,,1003,1716,
1089,,1003,1803,
1089,,1003,1804,
1089,,1003,1805,
1089,,1004,1119,
1089,,1004,1120,
1089,,1004,1121,
1089,,1004,1409,
1089,,1004,1410,
1089,,1004,1509,
1089,,1004,1601,
1089,,1004,1602,
1089,,1004,1603,
1089,,1004,1715,
1089,,1004,1716,
1089,,1004,1717,
1089,,1004,1803,
1089,,1004,1804,
1089,,1004,1805,
1089,,1004,1806,
1089,,1005,1119,
1089,,1005,1120,
1089,,1005,1121,
1089,,1005,1409,
1089,,1005,1410,
1089,,1005,1509,
1089,,1005,1601,
1089,,1005,1602,
1089,,1005,1603,
1089,,1005,1715,
1089,,1005,1716,
1089,,1005,1717,
1089,,1005,1804,
1089,,1005,1805,
1089,,1005,1806,
1089,,1006,1119,
1089,,1006,1120,
1089,,1006,1121,
1089,,1006,1122,
1089,,1006,1410,
1089,,1006,1509,
1089,,1006,1601,
1089,,1006,1602,
1089,,1006,1603,
1089,,1006,1716,
1089,,1006,1717,
1089,,1006,1804,
1089,,1006,1805,
1089,,1006,1806,
1089,,1006,1807,
1089,,1007,1120,
1089,,1007,1121,
1089,,1007,1122,
1089,,1007,1410,
1089,,1007,1602,
1089,,1007,1603,
1089,,1007,1604,
1089,,1007,1716,
1089,,1007,1717,
1089,,1007,1718,
1089,,1007,1804,
1089,,1007,1805,
1089,,1007,1806,
1089,,1007,1807,
1089,,1008,1120,
1089,,1008,1121,
1089,,1008,1122,
1089,,1008,1410,
1089,,1008,1602,
1089,,1008,1603,
1089,,1008,1604,
1089,,1008,1716,
1089,,1008,1717,
1089,,1008,1718,
1089,,1008,1804,
1089,,1008,1805,
1089,,1008,1806,
1089,,1008,1807,
1089,,1009,1120,
1089,,1009,1121,
1089,,1009,1122,
1089,,1009,1123,
1089,,1009,1602,
1089,,1009,1603,
1089,,1009,1604,
1089,,1009,1716,
1089,,1009,1717,
1089,,1009,1718,
1089,,1009,1805,
1089,,1009,1806,
1089,,1009,1807,
1089,,1010,1121,
1089,,1010,1122,
1089,,1010,1123,
1089,,1010,1603,
1089,,1010,1604,
1089,,1010,1605,
1089,,1010,1717,
1089,,1010,1718,
1089,,1010,1719,
1089,,1010,1805,
1089,,1010,1806,
1089,,1010,1807,
1089,,1010,1808,
1089,,1011,1121,
1089,,1011,1122,
1089,,1011,1123,
1089,,1011,1603,
1089,,1011,1604,
1089,,1011,1605,
1089,,1011,1606,
1089,,1011,1717,
1089,,1011,1718,
1089,,1011,1719,
1089,,1011,1805,
1089,,1011,1806,
1089,,1011,1807,
1089,,1011,1808,
1089,,1011,1809,
1089,,1012,1121,
1089,,1012,1122,
1089,,1012,1123,
1089,,1012,1124,
1089,,1012,1603,
1089,,1012,1604,
1089,,1012,1605,
1089,,1012,1606,
1089,,1012,1717,
1089,,1012,1718,
1089,,1012,1719,
1089,,1012,1806,
1089,,1012,1807,
1089,,1012,1808,
1089,,1012,1809,
1089,,1013,1122,
1089,,1013,1123,
1089,,1013,1124,
1089,,1013,1604,
1089,,1013,1605,
1089,,1013,1606,
1089,,1013,1717,
1089,,1013,1718,
1089,,1013,1719,
1089,,1013,1720,
1089,,1013,1806,
1089,,1013,1807,
1089,,1013,1808,
1089,,1013,1809,
1089,,1013,1810,
1089,,1014,1122,
1089,,1014,1123,
1089,,1014,1124,
1089,,1014,1125,
1089,,1014,1604,
1089,,1014,1605,
1089,,1014,1606,
1089,,1014,1607,
1089,,1014,1718,
1089,,1014,1719,
1089,,1014,1720,
1089,,1014,1807,
1089,,1014,1808,
1089,,1014,1809,
1089,,1014,1810,
1089,,1014,1811,
1089,,1015,1123,
1089,,1015,1124,
1089,,1015,1125,
1089,,1015,1126,
1089,,1015,1605,
1089,,1015,1606,
1089,,1015,1607,
1089,,1015,1608,
1089,,1015,1719,
1089,,1015,1720,
1089,,1015,1721,
1089,,1015,1808,
1089,,1015,1809,
1089,,1015,1810,
1089,,1015,1811,
1089,,1016,1124,
1089,,1016,1125,
1089,,1016,1126,
1089,,1016,1605,
1089,,1016,1606,
1089,,1016,1607,
1089,,1016,1608,
1089,,1016,1719,
1089,,1016,1720,
1089,,1016,1721,
1089,,1016,1809,
1089,,1016,1810,
1089,,1016,1811,
1089,,1017,1124,
1089,,1017,1125,
1089,,1017,1126,
1089,,1017,1606,
1089,,1017,1607,
1089,,1017,1608,
1089,,1017,1720,
1089,,1017,1721,
1089,,1017,1810,
1089,,1017,1811,
1089,,1018,1125,
1089,,1018,1126,
1089,,1018,1607,
1089,,1018,1608,
1089,,1018,1720,
1089,,1018,1721,
1089,,1018,1722,
1089,,1018,1810,
1089,,1018,1811,
1089,,1019,1125,
1089,,1019,1126,
1089,,1019,1608,
1089,,1019,1721,
1089,,1019,1722,
1089,,1019,1811,
1089,,1020,1125,
1089,,1020,1126,
1089,,1020,1608,
1089,,1020,1721,
1089,,1020,1722,
1089,,1020,1723,
1089,,1020,1811,
1089,,1021,1126,
1089,,1021,1608,
1089,,1021,1721,
1089,,1021,1722,
1089,,1021,1723,
1089,,1022,1722,
1089,,1022,1723,
1089,,1023,1722,
1089,,1023,1723,
1089,,1023,1724,
1089,,1023,1901,
1089,,1024,1723,
1089,,1024,1724,
1089,,1024,1725,
1089,,1024,1901,
1089,,1024,1902,
1089,,1025,1723,
1089,,1025,1724,
1089,,1025,1725,
1089,,1025,1901,
1089,,1025,1902,
1089,,1026,1724,
1089,,1026,1725,
1089,,1026,1901,
1089,,1026,1902,
1089,,1027,1724,
1089,,1027,1725,
1089,,1027,1901,
1089,,1027,1902,
1089,,1027,1903,
1089,,1028,1724,
1089,,1028,1725,
1089,,1028,1726,
1089,,1028,1901,
1089,,1028,1902,
1089,,1028,1903,
1089,,1028,1904,
1089,,1029,1725,
1089,,1029,1726,
1089,,1029,1902,
1089,,1029,1903,
1089,,1029,1904,
1089,,1029,1905,
1089,,1030,1726,
1089,,1030,1903,
1089,,1030,1904,
1089,,1030,1905,
1089,,1030,1906,
1089,,1030,1907,
1089,,1101,1726,
1089,,1101,1903,
1089,,1101,1904,
1089,,1101,1905,
1089,,1101,1906,
1089,,1101,1907,
1089,,1102,1724,
1089,,1102,1725,
1089,,1102,1726,
1089,,1102,1901,
1089,,1102,1902,
1089,,1102,1903,
1089,,1102,1904,
1089,,1103,1724,
1089,,1103,1725,
1089,,1103,1901,
1089,,1103,1902,
1089,,1103,1903,
1089,,1104,1723,
1089,,1104,1724,
1089,,1104,1725,
1089,,1104,1901,
1089,,1104,1902,
1089,,1105,1722,
1089,,1105,1723,
1089,,1106,1721,
1089,,1106,1722,
1089,,1106,1723,
1089,,1107,1720,
1089,,1107,1721,
1089,,1107,1809,
1089,,1107,1810,
1089,,1107,1811,
1089,,1108,1719,
1089,,1108,1720,
1089,,1108,1808,
1089,,1108,1809,
1089,,1108,1810,
1089,,1108,1811,
1089,,1109,1717,
1089,,1109,1718,
1089,,1109,1719,
1089,,1109,1720,
1089,,1109,1807,
1089,,1109,1808,
1089,,1109,1809,
1089,,1109,1810,
1089,,1110,1717,
1089,,1110,1718,
1089,,1110,1719,
1089,,1110,1805,
1089,,1110,1806,
1089,,1110,1807,
1089,,1110,1808,
1089,,1110,1809,
1089,,1111,1716,
1089,,1111,1717,
1089,,1111,1718,
1089,,1111,1805,
1089,,1111,1806,
1089,,1111,1807,
1089,,1111,1808,
1089,,1112,1716,
1089,,1112,1717,
1089,,1112,1804,
1089,,1112,1805,
1089,,1112,1806,
1089,,1112,2035,
1089,,1113,1714,
1089,,1113,1715,
1089,,1113,1716,
1089,,1113,1802,
1089,,1113,1803,
1089,,1113,1804,
1089,,1113,1805,
1089,,1113,2033,
1089,,1113,2034,
1089,,1113,2035,
1089,,1114,1713,
1089,,1114,1714,
1089,,1114,1715,
1089,,1114,1716,
1089,,1114,1801,
1089,,1114,1802,
1089,,1114,1803,
1089,,1114,1804,
1089,,1114,2032,
1089,,1114,2033,
1089,,1114,2034,
1089,,1114,2035,
1089,,1115,1713,
1089,,1115,1714,
1089,,1115,1715,
1089,,1115,1801,
1089,,1115,1802,
1089,,1115,1803,
1089,,1115,1804,
1089,,1115,2032,
1089,,1115,2033,
1089,,1115,2034,
1089,,1115,2035,
1089,,1116,1712,
1089,,1116,1713,
1089,,1116,1714,
1089,,1116,1715,
1089,,1116,1801,
1089,,1116,1802,
1089,,1116,1803,
1089,,1116,2031,
1089,,1116,2032,
1089,,1116,2033,
1089,,1116,2034,
1089,,1116,2035,
1089,,1117,1712,
1089,,1117,1713,
1089,,1117,1714,
1089,,1117,1715,
1089,,1117,1801,
1089,,1117,1802,
1089,,1117,1803,
1089,,1117,2030,
1089,,1117,2031,
1089,,1117,2032,
1089,,1117,2033,
1089,,1117,2034,
1089,,1118,1001,
1089,,1118,1002,
1089,,1118,1003,
1089,,1118,1302,
1089,,1118,1303,
1089,,1118,1304,
1089,,1118,1305,
1089,,1118,1711,
1089,,1118,1712,
1089,,1118,1713,
1089,,1118,1801,
1089,,1118,2028,
1089,,1118,2029,
1089,,1118,2030,
1089,,1118,2031,
1089,,1118,2032,
1089,,1119,1001,
1089,,1119,1002,
1089,,1119,1003,
1089,,1119,1004,
1089,,1119,1005,
1089,,1119,1006,
1089,,1119,1301,
1089,,1119,1302,
1089,,1119,1303,
1089,,1119,1304,
1089,,1119,1305,
1089,,1119,1710,
1089,,1119,1711,
1089,,1119,1712,
1089,,1119,2026,
1089,,1119,2027,
1089,,1119,2028,
1089,,1119,2029,
1089,,1119,2030,
1089,,1119,2031,
1089,,1120,1001,
1089,,1120,1002,
1089,,1120,1003,
1089,,1120,1004,
1089,,1120,1005,
1089,,1120,1006,
1089,,1120,1007,
1089,,1120,1008,
1089,,1120,1009,
1089,,1120,1301,
1089,,1120,1302,
1089,,1120,1303,
1089,,1120,1304,
1089,,1120,1305,
1089,,1120,1710,
1089,,1120,1711,
1089,,1120,2024,
1089,,1120,2025,
1089,,1120,2026,
1089,,1120,2027,
1089,,1120,2028,
1089,,1120,2029,
1089,,1121,1004,
1089,,1121,1005,
1089,,1121,1006,
1089,,1121,1007,
1089,,1121,1008,
1089,,1121,1009,
1089,,1121,1010,
1089,,1121,1011,
1089,,1121,1012,
1089,,1121,1202,
1089,,1121,1301,
1089,,1121,1710,
1089,,1121,2023,
1089,,1121,2024,
1089,,1121,2025,
1089,,1121,2026,
1089,,1121,2027,
1089,,1122,1006,
1089,,1122,1007,
1089,,1122,1008,
1089,,1122,1009,
1089,,1122,1010,
1089,,1122,1011,
1089,,1122,1012,
1089,,1122,1013,
1089,,1122,1014,
1089,,1122,1201,
1089,,1122,1202,
1089,,1122,1709,
1089,,1122,2021,
1089,,1122,2022,
1089,,1122,2023,
1089,,1122,2024,
1089,,1122,2025,
1089,,1123,1009,
1089,,1123,1010,
1089,,1123,1011,
1089,,1123,1012,
1089,,1123,1013,
1089,,1123,1014,
1089,,1123,1015,
1089,,1123,1201,
1089,,1123,1202,
1089,,1123,1708,
1089,,1123,1709,
1089,,1123,2020,
1089,,1123,2021,
1089,,1123,2022,
1089,,1123,2023,
1089,,1123,2024,
1089,,1124,1012,
1089,,1124,1013,
1089,,1124,1014,
1089,,1124,1015,
1089,,1124,1016,
1089,,1124,1017,
1089,,1124,1201,
1089,,1124,1202,
1089,,1124,1707,
1089,,1124,1708,
1089,,1124,1709,
1089,,1124,2018,
1089,,1124,2019,
1089,,1124,2020,
1089,,1124,2021,
1089,,1124,2022,
1089,,1124,2023,
1089,,1125,1014,
1089,,1125,1015,
1089,,1125,1016,
1089,,1125,1017,
1089,,1125,1018,
1089,,1125,1019,
1089,,1125,1020,
1089,,1125,1706,
1089,,1125,1707,
1089,,1125,1708,
1089,,1125,2001,
1089,,1125,2002,
1089,,1125,2003,
1089,,1125,2016,
1089,,1125,2017,
1089,,1125,2018,
1089,,1125,2019,
1089,,1125,2020,
1089,,1125,2021,
1089,,1126,1015,
1089,,1126,1016,
1089,,1126,1017,
1089,,1126,1018,
1089,,1126,1019,
1089,,1126,1020,
1089,,1126,1021,
1089,,1126,1706,
1089,,1126,1707,
1089,,1126,1708,
1089,,1126,2001,
1089,,1126,2002,
1089,,1126,2003,
1089,,1126,2004,
1089,,1126,2015,
1089,,1126,2016,
1089,,1126,2017,
1089,,1126,2018,
1089,,1126,2019,
1089,,1126,2020,
1089,,1201,1122,
1089,,1201,1123,
1089,,1201,1124,
1089,,1201,1604,
1089,,1201,1605,
1089,,1201,1606,
1089,,1201,1717,
1089,,1201,1718,
1089,,1201,1719,
1089,,1201,1720,
1089,,1201,1806,
1089,,1201,1807,
1089,,1201,1808,
1089,,1201,1809,
1089,,1201,1810,
1089,,1202,1121,
1089,,1202,1122,
1089,,1202,1123,
1089,,1202,1124,
1089,,1202,1603,
1089,,1202,1604,
1089,,1202,1605,
1089,,1202,1606,
1089,,1202,1717,
1089,,1202,1718,
1089,,1202,1719,
1089,,1202,1806,
1089,,1202,1807,
1089,,1202,1808,
1089,,1202,1809,
1089,,1301,1119,
1089,,1301,1120,
1089,,1301,1121,
1089,,1301,1409,
1089,,1301,1410,
1089,,1301,1509,
1089,,1301,1601,
1089,,1301,1602,
1089,,1301,1603,
1089,,1301,1715,
1089,,1301,1716,
1089,,1301,1717,
1089,,1301,1803,
1089,,1301,1804,
1089,,1301,1805,
1089,,1301,1806,
1089,,1302,1118,
1089,,1302,1119,
1089,,1302,1120,
1089,,1302,1408,
1089,,1302,1409,
1089,,1302,1410,
1089,,1302,1509,
1089,,1302,1601,
1089,,1302,1602,
1089,,1302,1603,
1089,,1302,1715,
1089,,1302,1716,
1089,,1302,1803,
1089,,1302,1804,
1089,,1302,1805,
1089,,1303,1118,
1089,,1303,1119,
1089,,1303,1120,
1089,,1303,1408,
1089,,1303,1409,
1089,,1303,1410,
1089,,1303,1509,
1089,,1303,1601,
1089,,1303,1602,
1089,,1303,1714,
1089,,1303,1715,
1089,,1303,1716,
1089,,1303,1802,
1089,,1303,1803,
1089,,1303,1804,
1089,,1303,1805,
1089,,1304,1118,
1089,,1304,1119,
1089,,1304,1120,
1089,,1304,1407,
1089,,1304,1408,
1089,,1304,1409,
1089,,1304,1410,
1089,,1304,1508,
1089,,1304,1509,
1089,,1304,1601,
1089,,1304,1602,
1089,,1304,1714,
1089,,1304,1715,
1089,,1304,1716,
1089,,1304,1802,
1089,,1304,1803,
1089,,1304,1804,
1089,,1304,1805,
1089,,1305,1118,
1089,,1305,1119,
1089,,1305,1120,
1089,,1305,1407,
1089,,1305,1408,
1089,,1305,1409,
1089,,1305,1410,
1089,,1305,1508,
1089,,1305,1509,
1089,,1305,1601,
1089,,1305,1602,
1089,,1305,1714,
1089,,1305,1715,
1089,,1305,1716,
1089,,1305,1802,
1089,,1305,1803,
1089,,1305,1804,
1089,,1401,1716,
1089,,1401,1717,
1089,,1401,1718,
1089,,1401,1805,
1089,,1401,1806,
1089,,1401,1807,
1089,,1401,1808,
1089,,1402,1716,
1089,,1402,1717,
1089,,1402,1804,
1089,,1402,1805,
1089,,1402,1806,
1089,,1402,1807,
1089,,1403,1714,
1089,,1403,1715,
1089,,1403,1716,
1089,,1403,1802,
1089,,1403,1803,
1089,,1403,1804,
1089,,1403,1805,
1089,,1403,2033,
1089,,1403,2034,
1089,,1403,2035,
1089,,1404,1713,
1089,,1404,1714,
1089,,1404,1715,
1089,,1404,1716,
1089,,1404,1801,
1089,,1404,1802,
1089,,1404,1803,
1089,,1404,1804,
1089,,1404,2032,
1089,,1404,2033,
1089,,1404,2034,
1089,,1404,2035,
1089,,1405,1713,
1089,,1405,1714,
1089,,1405,1715,
1089,,1405,1801,
1089,,1405,1802,
1089,,1405,1803,
1089,,1405,2031,
1089,,1405,2032,
1089,,1405,2033,
1089,,1405,2034,
1089,,1405,2035,
1089,,1406,1712,
1089,,1406,1713,
1089,,1406,1714,
1089,,1406,1715,
1089,,1406,1801,
1089,,1406,1802,
1089,,1406,1803,
1089,,1406,2030,
1089,,1406,2031,
1089,,1406,2032,
1089,,1406,2033,
1089,,1406,2034,
1089,,1406,2035,
1089,,1407,1304,
1089,,1407,1305,
1089,,1407,1712,
1089,,1407,1713,
1089,,1407,1714,
1089,,1407,1801,
1089,,1407,1802,
1089,,1407,2029,
1089,,1407,2030,
1089,,1407,2031,
1089,,1407,2032,
1089,,1407,2033,
1089,,1408,1001,
1089,,1408,1002,
1089,,1408,1003,
1089,,1408,1302,
1089,,1408,1303,
1089,,1408,1304,
1089,,1408,1305,
1089,,1408,1711,
1089,,1408,1712,
1089,,1408,1713,
1089,,1408,1801,
1089,,1408,2028,
1089,,1408,2029,
1089,,1408,2030,
1089,,1408,2031,
1089,,1408,2032,
1089,,1409,1001,
1089,,1409,1002,
1089,,1409,1003,
1089,,1409,1004,
1089,,1409,1005,
1089,,1409,1301,
1089,,1409,1302,
1089,,1409,1303,
1089,,1409,1304,
1089,,1409,1305,
1089,,1409,1710,
1089,,1409,1711,
1089,,1409,1712,
1089,,1409,2026,
1089,,1409,2027,
1089,,1409,2028,
1089,,1409,2029,
1089,,1409,2030,
1089,,1409,2031,
1089,,1410,1001,
1089,,1410,1002,
1089,,1410,1003,
1089,,1410,1004,
1089,,1410,1005,
1089,,1410,1006,
1089,,1410,1007,
1089,,1410,1008,
1089,,1410,1301,
1089,,1410,1302,
1089,,1410,1303,
1089,,1410,1304,
1089,,1410,1305,
1089,,1410,1710,
1089,,1410,1711,
1089,,1410,2025,
1089,,1410,2026,
1089,,1410,2027,
1089,,1410,2028,
1089,,1410,2029,
1089,,1410,2030,
1089,,1501,1716,
1089,,1501,1717,
1089,,1501,1718,
1089,,1501,1805,
1089,,1501,1806,
1089,,1501,1807,
1089,,1501,1808,
1089,,1502,1716,
1089,,1502,1717,
1089,,1502,1804,
1089,,1502,1805,
1089,,1502,1806,
1089,,1502,1807,
1089,,1503,1714,
1089,,1503,1715,
1089,,1503,1716,
1089,,1503,1802,
1089,,1503,1803,
1089,,1503,1804,
1089,,1503,1805,
1089,,1503,2033,
1089,,1503,2034,
1089,,1503,2035,
1089,,1504,1713,
1089,,1504,1714,
1089,,1504,1715,
1089,,1504,1716,
1089,,1504,1801,
1089,,1504,1802,
1089,,1504,1803,
1089,,1504,1804,
1089,,1504,2032,
1089,,1504,2033,
1089,,1504,2034,
1089,,1504,2035,
1089,,1505,1713,
1089,,1505,1714,
1089,,1505,1715,
1089,,1505,1801,
1089,,1505,1802,
1089,,1505,1803,
1089,,1505,1804,
1089,,1505,2031,
1089,,1505,2032,
1089,,1505,2033,
1089,,1505,2034,
1089,,1505,2035,
1089,,1506,1712,
1089,,1506,1713,
1089,,1506,1714,
1089,,1506,1715,
1089,,1506,1801,
1089,,1506,1802,
1089,,1506,1803,
1089,,1506,2031,
1089,,1506,2032,
1089,,1506,2033,
1089,,1506,2034,
1089,,1506,2035,
1089,,1507,1712,
1089,,1507,1713,
1089,,1507,1714,
1089,,1507,1715,
1089,,1507,1801,
1089,,1507,1802,
1089,,1507,1803,
1089,,1507,2030,
1089,,1507,2031,
1089,,1507,2032,
1089,,1507,2033,
1089,,1507,2034,
1089,,1507,2035,
1089,,1508,1304,
1089,,1508,1305,
1089,,1508,1712,
1089,,1508,1713,
1089,,1508,1714,
1089,,1508,1801,
1089,,1508,1802,
1089,,1508,2029,
1089,,1508,2030,
1089,,1508,2031,
1089,,1508,2032,
1089,,1508,2033,
1089,,1509,1001,
1089,,1509,1002,
1089,,1509,1003,
1089,,1509,1004,
1089,,1509,1005,
1089,,1509,1006,
1089,,1509,1301,
1089,,1509,1302,
1089,,1509,1303,
1089,,1509,1304,
1089,,1509,1305,
1089,,1509,1710,
1089,,1509,1711,
1089,,1509,1712,
1089,,1509,2026,
1089,,1509,2027,
1089,,1509,2028,
1089,,1509,2029,
1089,,1509,2030,
1089,,1509,2031,
1089,,1601,1001,
1089,,1601,1002,
1089,,1601,1003,
1089,,1601,1004,
1089,,1601,1005,
1089,,1601,1006,
1089,,1601,1301,
1089,,1601,1302,
1089,,1601,1303,
1089,,1601,1304,
1089,,1601,1305,
1089,,1601,1710,
1089,,1601,1711,
1089,,1601,1712,
1089,,1601,2026,
1089,,1601,2027,
1089,,1601,2028,
1089,,1601,2029,
1089,,1601,2030,
1089,,1601,2031,
1089,,1602,1001,
1089,,1602,1002,
1089,,1602,1003,
1089,,1602,1004,
1089,,1602,1005,
1089,,1602,1006,
1089,,1602,1007,
1089,,1602,1008,
1089,,1602,1009,
1089,,1602,1301,
1089,,1602,1302,
1089,,1602,1303,
1089,,1602,1304,
1089,,1602,1305,
1089,,1602,1710,
1089,,1602,1711,
1089,,1602,2024,
1089,,1602,2025,
1089,,1602,2026,
1089,,1602,2027,
1089,,1602,2028,
1089,,1602,2029,
1089,,1603,1002,
1089,,1603,1003,
1089,,1603,1004,
1089,,1603,1005,
1089,,1603,1006,
1089,,1603,1007,
1089,,1603,1008,
1089,,1603,1009,
1089,,1603,1010,
1089,,1603,1011,
1089,,1603,1012,
1089,,1603,1202,
1089,,1603,1301,
1089,,1603,1302,
1089,,1603,1710,
1089,,1603,1711,
1089,,1603,2024,
1089,,1603,2025,
1089,,1603,2026,
1089,,1603,2027,
1089,,1604,1007,
1089,,1604,1008,
1089,,1604,1009,
1089,,1604,1010,
1089,,1604,1011,
1089,,1604,1012,
1089,,1604,1013,
1089,,1604,1014,
1089,,1604,1201,
1089,,1604,1202,
1089,,1604,1709,
1089,,1604,2021,
1089,,1604,2022,
1089,,1604,2023,
1089,,1604,2024,
1089,,1604,2025,
1089,,1605,1010,
1089,,1605,1011,
1089,,1605,1012,
1089,,1605,1013,
1089,,1605,1014,
1089,,1605,1015,
1089,,1605,1016,
1089,,1605,1201,
1089,,1605,1202,
1089,,1605,1707,
1089,,1605,1708,
1089,,1605,1709,
1089,,1605,2019,
1089,,1605,2020,
1089,,1605,2021,
1089,,1605,2022,
1089,,1605,2023,
1089,,1606,1011,
1089,,1606,1012,
1089,,1606,1013,
1089,,1606,1014,
1089,,1606,1015,
1089,,1606,1016,
1089,,1606,1017,
1089,,1606,1201,
1089,,1606,1202,
1089,,1606,1707,
1089,,1606,1708,
1089,,1606,1709,
1089,,1606,2019,
1089,,1606,2020,
1089,,1606,2021,
1089,,1606,2022,
1089,,1606,2023,
1089,,1607,1014,
1089,,1607,1015,
1089,,1607,1016,
1089,,1607,1017,
1089,,1607,1018,
1089,,1607,1706,
1089,,1607,1707,
1089,,1607,1708,
1089,,1607,2001,
1089,,1607,2002,
1089,,1607,2018,
1089,,1607,2019,
1089,,1607,2020,
1089,,1607,2021,
1089,,1607,2022,
1089,,1608,1015,
1089,,1608,1016,
1089,,1608,1017,
1089,,1608,1018,
1089,,1608,1019,
1089,,1608,1020,
1089,,1608,1021,
1089,,1608,1706,
1089,,1608,1707,
1089,,1608,1708,
1089,,1608,2001,
1089,,1608,2002,
1089,,1608,2003,
1089,,1608,2004,
1089,,1608,2015,
1089,,1608,2016,
1089,,1608,2017,
1089,,1608,2018,
1089,,1608,2019,
1089,,1608,2020,
1089,,1701,1726,
1089,,1701,1903,
1089,,1701,1904,
1089,,1701,1905,
1089,,1701,1906,
1089,,1701,1907,
1089,,1702,1726,
1089,,1702,1904,
1089,,1702,1905,
1089,,1702,1906,
1089,,1702,1907,
1089,,1702,1908,
1089,,1703,1905,
1089,,1703,1906,
1089,,1703,1907,
1089,,1703,1908,
1089,,1703,1909,
1089,,1704,1908,
1089,,1704,1909,
1089,,1706,1125,
1089,,1706,1126,
1089,,1706,1607,
1089,,1706,1608,
1089,,1707,1124,
1089,,1707,1125,
1089,,1707,1126,
1089,,1707,1605,
1089,,1707,1606,
1089,,1707,1607,
1089,,1707,1608,
1089,,1708,1123,
1089,,1708,1124,
1089,,1708,1125,
1089,,1708,1126,
1089,,1708,1605,
1089,,1708,1606,
1089,,1708,1607,
1089,,1708,1608,
1089,,1709,1122,
1089,,1709,1123,
1089,,1709,1124,
1089,,1709,1604,
1089,,1709,1605,
1089,,1709,1606,
1089,,1710,1119,
1089,,1710,1120,
1089,,1710,1121,
1089,,1710,1409,
1089,,1710,1410,
1089,,1710,1509,
1089,,1710,1601,
1089,,1710,1602,
1089,,1710,1603,
1089,,1710,2035,
1089,,1711,1118,
1089,,1711,1119,
1089,,1711,1120,
1089,,1711,1408,
1089,,1711,1409,
1089,,1711,1410,
1089,,1711,1509,
1089,,1711,1601,
1089,,1711,1602,
1089,,1711,1603,
1089,,1711,2033,
1089,,1711,2034,
1089,,1711,2035,
1089,,1712,1116,
1089,,1712,1117,
1089,,1712,1118,
1089,,1712,1119,
1089,,1712,1406,
1089,,1712,1407,
1089,,1712,1408,
1089,,1712,1409,
1089,,1712,1506,
1089,,1712,1507,
1089,,1712,1508,
1089,,1712,1509,
1089,,1712,1601,
1089,,1712,2031,
1089,,1712,2032,
1089,,1712,2033,
1089,,1712,2034,
1089,,1712,2035,
1089,,1713,1114,
1089,,1713,1115,
1089,,1713,1116,
1089,,1713,1117,
1089,,1713,1118,
1089,,1713,1404,
1089,,1713,1405,
1089,,1713,1406,
1089,,1713,1407,
1089,,1713,1408,
1089,,1713,1504,
1089,,1713,1505,
1089,,1713,1506,
1089,,1713,1507,
1089,,1713,1508,
1089,,1713,2029,
1089,,1713,2030,
1089,,1713,2031,
1089,,1713,2032,
1089,,1713,2033,
1089,,1713,2034,
1089,,1714,1001,
1089,,1714,1113,
1089,,1714,1114,
1089,,1714,1115,
1089,,1714,1116,
1089,,1714,1117,
1089,,1714,1303,
1089,,1714,1304,
1089,,1714,1305,
1089,,1714,1403,
1089,,1714,1404,
1089,,1714,1405,
1089,,1714,1406,
1089,,1714,1407,
1089,,1714,1503,
1089,,1714,1504,
1089,,1714,1505,
1089,,1714,1506,
1089,,1714,1507,
1089,,1714,1508,
1089,,1714,2028,
1089,,1714,2029,
1089,,1714,2030,
1089,,1714,2031,
1089,,1714,2032,
1089,,1715,1001,
1089,,1715,1002,
1089,,1715,1003,
1089,,1715,1004,
1089,,1715,1005,
1089,,1715,1113,
1089,,1715,1114,
1089,,1715,1115,
1089,,1715,1116,
1089,,1715,1117,
1089,,1715,1301,
1089,,1715,1302,
1089,,1715,1303,
1089,,1715,1304,
1089,,1715,1305,
1089,,1715,1403,
1089,,1715,1404,
1089,,1715,1405,
1089,,1715,1406,
1089,,1715,1503,
1089,,1715,1504,
1089,,1715,1505,
1089,,1715,1506,
1089,,1715,1507,
1089,,1715,2027,
1089,,1715,2028,
1089,,1715,2029,
1089,,1715,2030,
1089,,1715,2031,
1089,,1716,1001,
1089,,1716,1002,
1089,,1716,1003,
1089,,1716,1004,
1089,,1716,1005,
1089,,1716,1006,
1089,,1716,1007,
1089,,1716,1008,
1089,,1716,1009,
1089,,1716,1111,
1089,,1716,1112,
1089,,1716,1113,
1089,,1716,1114,
1089,,1716,1301,
1089,,1716,1302,
1089,,1716,1303,
1089,,1716,1304,
1089,,1716,1305,
1089,,1716,1401,
1089,,1716,1402,
1089,,1716,1403,
1089,,1716,1404,
1089,,1716,1501,
1089,,1716,1502,
1089,,1716,1503,
1089,,1716,1504,
1089,,1716,2025,
1089,,1716,2026,
1089,,1716,2027,
1089,,1716,2028,
1089,,1716,2029,
1089,,1717,1004,
1089,,1717,1005,
1089,,1717,1006,
1089,,1717,1007,
1089,,1717,1008,
1089,,1717,1009,
1089,,1717,1010,
1089,,1717,1011,
1089,,1717,1012,
1089,,1717,1013,
1089,,1717,1109,
1089,,1717,1110,
1089,,1717,1111,
1089,,1717,1112,
1089,,1717,1201,
1089,,1717,1202,
1089,,1717,1301,
1089,,1717,1401,
1089,,1717,1402,
1089,,1717,1501,
1089,,1717,1502,
1089,,1717,2022,
1089,,1717,2023,
1089,,1717,2024,
1089,,1717,2025,
1089,,1717,2026,
1089,,1717,2027,
1089,,1718,1007,
1089,,1718,1008,
1089,,1718,1009,
1089,,1718,1010,
1089,,1718,1011,
1089,,1718,1012,
1089,,1718,1013,
1089,,1718,1014,
1089,,1718,1109,
1089,,1718,1110,
1089,,1718,1111,
1089,,1718,1201,
1089,,1718,1202,
1089,,1718,1401,
1089,,1718,1501,
1089,,1718,2021,
1089,,1718,2022,
1089,,1718,2023,
1089,,1718,2024,
1089,,1719,1010,
1089,,1719,1011,
1089,,1719,1012,
1089,,1719,1013,
1089,,1719,1014,
1089,,1719,1015,
1089,,1719,1016,
1089,,1719,1108,
1089,,1719,1109,
1089,,1719,1110,
1089,,1719,1201,
1089,,1719,1202,
1089,,1719,2019,
1089,,1719,2020,
1089,,1719,2021,
1089,,1719,2022,
1089,,1719,2023,
1089,,1720,1013,
1089,,1720,1014,
1089,,1720,1015,
1089,,1720,1016,
1089,,1720,1017,
1089,,1720,1018,
1089,,1720,1107,
1089,,1720,1108,
1089,,1720,1109,
1089,,1720,1201,
1089,,1720,2001,
1089,,1720,2018,
1089,,1720,2019,
1089,,1720,2020,
1089,,1720,2021,
1089,,1720,2022,
1089,,1720,2023,
1089,,1721,1015,
1089,,1721,1016,
1089,,1721,1017,
1089,,1721,1018,
1089,,1721,1019,
1089,,1721,1020,
1089,,1721,1021,
1089,,1721,1106,
1089,,1721,1107,
1089,,1721,2001,
1089,,1721,2002,
1089,,1721,2003,
1089,,1721,2004,
1089,,1721,2005,
1089,,1721,2014,
1089,,1721,2015,
1089,,1721,2016,
1089,,1721,2017,
1089,,1721,2018,
1089,,1721,2019,
1089,,1722,1018,
1089,,1722,1019,
1089,,1722,1020,
1089,,1722,1021,
1089,,1722,1022,
1089,,1722,1023,
1089,,1722,1105,
1089,,1722,1106,
1089,,1722,2001,
1089,,1722,2002,
1089,,1722,2003,
1089,,1722,2004,
1089,,1722,2005,
1089,,1722,2006,
1089,,1722,2013,
1089,,1722,2014,
1089,,1722,2015,
1089,,1722,2016,
1089,,1722,2017,
1089,,1722,2018,
1089,,1723,1020,
1089,,1723,1021,
1089,,1723,1022,
1089,,1723,1023,
1089,,1723,1024,
1089,,1723,1025,
1089,,1723,1104,
1089,,1723,1105,
1089,,1723,1106,
1089,,1723,2003,
1089,,1723,2004,
1089,,1723,2005,
1089,,1723,2006,
1089,,1723,2007,
1089,,1723,2012,
1089,,1723,2013,
1089,,1723,2014,
1089,,1723,2015,
1089,,1723,2016,
1089,,1724,1023,
1089,,1724,1024,
1089,,1724,1025,
1089,,1724,1026,
1089,,1724,1027,
1089,,1724,1028,
1089,,1724,1102,
1089,,1724,1103,
1089,,1724,1104,
1089,,1724,2006,
1089,,1724,2007,
1089,,1724,2008,
1089,,1724,2009,
1089,,1724,2010,
1089,,1724,2011,
1089,,1724,2012,
1089,,1725,1024,
1089,,1725,1025,
1089,,1725,1026,
1089,,1725,1027,
1089,,1725,1028,
1089,,1725,1029,
1089,,1725,1102,
1089,,1725,1103,
1089,,1725,1104,
1089,,1725,2007,
1089,,1725,2008,
1089,,1725,2009,
1089,,1725,2010,
1089,,1725,2011,
1089,,1725,2012,
1089,,1726,1028,
1089,,1726,1029,
1089,,1726,1030,
1089,,1726,1101,
1089,,1726,1102,
1089,,1726,1701,
1089,,1726,1702,
1089,,1801,1114,
1089,,1801,1115,
1089,,1801,1116,
1089,,1801,1117,
1089,,1801,1118,
1089,,1801,1404,
1089,,1801,1405,
1089,,1801,1406,
1089,,1801,1407,
1089,,1801,1408,
1089,,1801,1504,
1089,,1801,1505,
1089,,1801,1506,
1089,,1801,1507,
1089,,1801,1508,
1089,,1801,2029,
1089,,1801,2030,
1089,,1801,2031,
1089,,1801,2032,
1089,,1801,2033,
1089,,1801,2034,
1089,,1802,1001,
1089,,1802,1113,
1089,,1802,1114,
1089,,1802,1115,
1089,,1802,1116,
1089,,1802,1117,
1089,,1802,1303,
1089,,1802,1304,
1089,,1802,1305,
1089,,1802,1403,
1089,,1802,1404,
1089,,1802,1405,
1089,,1802,1406,
1089,,1802,1407,
1089,,1802,1503,
1089,,1802,1504,
1089,,1802,1505,
1089,,1802,1506,
1089,,1802,1507,
1089,,1802,1508,
1089,,1802,2028,
1089,,1802,2029,
1089,,1802,2030,
1089,,1802,2031,
1089,,1802,2032,
1089,,1803,1001,
1089,,1803,1002,
1089,,1803,1003,
1089,,1803,1004,
1089,,1803,1113,
1089,,1803,1114,
1089,,1803,1115,
1089,,1803,1116,
1089,,1803,1117,
1089,,1803,1301,
1089,,1803,1302,
1089,,1803,1303,
1089,,1803,1304,
1089,,1803,1305,
1089,,1803,1403,
1089,,1803,1404,
1089,,1803,1405,
1089,,1803,1406,
1089,,1803,1503,
1089,,1803,1504,
1089,,1803,1505,
1089,,1803,1506,
1089,,1803,1507,
1089,,1803,2027,
1089,,1803,2028,
1089,,1803,2029,
1089,,1803,2030,
1089,,1803,2031,
1089,,1803,2032,
1089,,1804,1001,
1089,,1804,1002,
1089,,1804,1003,
1089,,1804,1004,
1089,,1804,1005,
1089,,1804,1006,
1089,,1804,1007,
1089,,1804,1008,
1089,,1804,1112,
1089,,1804,1113,
1089,,1804,1114,
1089,,1804,1115,
1089,,1804,1301,
1089,,1804,1302,
1089,,1804,1303,
1089,,1804,1304,
1089,,1804,1305,
1089,,1804,1402,
1089,,1804,1403,
1089,,1804,1404,
1089,,1804,1502,
1089,,1804,1503,
1089,,1804,1504,
1089,,1804,1505,
1089,,1804,2025,
1089,,1804,2026,
1089,,1804,2027,
1089,,1804,2028,
1089,,1804,2029,
1089,,1804,2030,
1089,,1805,1001,
1089,,1805,1002,
1089,,1805,1003,
1089,,1805,1004,
1089,,1805,1005,
1089,,1805,1006,
1089,,1805,1007,
1089,,1805,1008,
1089,,1805,1009,
1089,,1805,1010,
1089,,1805,1011,
1089,,1805,1110,
1089,,1805,1111,
1089,,1805,1112,
1089,,1805,1113,
1089,,1805,1301,
1089,,1805,1302,
1089,,1805,1303,
1089,,1805,1304,
1089,,1805,1401,
1089,,1805,1402,
1089,,1805,1403,
1089,,1805,1501,
1089,,1805,1502,
1089,,1805,1503,
1089,,1805,2024,
1089,,1805,2025,
1089,,1805,2026,
1089,,1805,2027,
1089,,1805,2028,
1089,,1806,1004,
1089,,1806,1005,
1089,,1806,1006,
1089,,1806,1007,
1089,,1806,1008,
1089,,1806,1009,
1089,,1806,1010,
1089,,1806,1011,
1089,,1806,1012,
1089,,1806,1013,
1089,,1806,1110,
1089,,1806,1111,
1089,,1806,1112,
1089,,1806,1201,
1089,,1806,1202,
1089,,1806,1301,
1089,,1806,1401,
1089,,1806,1402,
1089,,1806,1501,
1089,,1806,1502,
1089,,1806,2023,
1089,,1806,2024,
1089,,1806,2025,
1089,,1806,2026,
1089,,1806,2027,
1089,,1807,1006,
1089,,1807,1007,
1089,,1807,1008,
1089,,1807,1009,
1089,,1807,1010,
1089,,1807,1011,
1089,,1807,1012,
1089,,1807,1013,
1089,,1807,1014,
1089,,1807,1109,
1089,,1807,1110,
1089,,1807,1111,
1089,,1807,1201,
1089,,1807,1202,
1089,,1807,1401,
1089,,1807,1402,
1089,,1807,1501,
1089,,1807,1502,
1089,,1807,2022,
1089,,1807,2023,
1089,,1807,2024,
1089,,1807,2025,
1089,,1808,1010,
1089,,1808,1011,
1089,,1808,1012,
1089,,1808,1013,
1089,,1808,1014,
1089,,1808,1015,
1089,,1808,1108,
1089,,1808,1109,
1089,,1808,1110,
1089,,1808,1111,
1089,,1808,1201,
1089,,1808,1202,
1089,,1808,1401,
1089,,1808,1501,
1089,,1808,2020,
1089,,1808,2021,
1089,,1808,2022,
1089,,1808,2023,
1089,,1808,2024,
1089,,1809,1011,
1089,,1809,1012,
1089,,1809,1013,
1089,,1809,1014,
1089,,1809,1015,
1089,,1809,1016,
1089,,1809,1107,
1089,,1809,1108,
1089,,1809,1109,
1089,,1809,1110,
1089,,1809,1201,
1089,,1809,1202,
1089,,1809,2019,
1089,,1809,2020,
1089,,1809,2021,
1089,,1809,2022,
1089,,1809,2023,
1089,,1810,1013,
1089,,1810,1014,
1089,,1810,1015,
1089,,1810,1016,
1089,,1810,1017,
1089,,1810,1018,
1089,,1810,1107,
1089,,1810,1108,
1089,,1810,1109,
1089,,1810,1201,
1089,,1810,2001,
1089,,1810,2018,
1089,,1810,2019,
1089,,1810,2020,
1089,,1810,2021,
1089,,1810,2022,
1089,,1811,1014,
1089,,1811,1015,
1089,,1811,1016,
1089,,1811,1017,
1089,,1811,1018,
1089,,1811,1019,
1089,,1811,1020,
1089,,1811,1107,
1089,,1811,1108,
1089,,1811,2001,
1089,,1811,2002,
1089,,1811,2003,
1089,,1811,2016,
1089,,1811,2017,
1089,,1811,2018,
1089,,1811,2019,
1089,,1811,2020,
1089,,1811,2021,
1089,,1901,1023,
1089,,1901,1024,
1089,,1901,1025,
1089,,1901,1026,
1089,,1901,1027,
1089,,1901,1028,
1089,,1901,1102,
1089,,1901,1103,
1089,,1901,1104,
1089,,1901,2006,
1089,,1901,2007,
1089,,1901,2008,
1089,,1901,2009,
1089,,1901,2010,
1089,,1901,2011,
1089,,1901,2012,
1089,,1902,1024,
1089,,1902,1025,
1089,,1902,1026,
1089,,1902,1027,
1089,,1902,1028,
1089,,1902,1029,
1089,,1902,1102,
1089,,1902,1103,
1089,,1902,1104,
1089,,1902,2007,
1089,,1902,2008,
1089,,1902,2009,
1089,,1902,2010,
1089,,1902,2011,
1089,,1902,2012,
1089,,1903,1027,
1089,,1903,1028,
1089,,1903,1029,
1089,,1903,1030,
1089,,1903,1101,
1089,,1903,1102,
1089,,1903,1103,
1089,,1903,1701,
1089,,1903,2009,
1089,,1903,2010,
1089,,1904,1028,
1089,,1904,1029,
1089,,1904,1030,
1089,,1904,1101,
1089,,1904,1102,
1089,,1904,1701,
1089,,1904,1702,
1089,,1905,1029,
1089,,1905,1030,
1089,,1905,1101,
1089,,1905,1701,
1089,,1905,1702,
1089,,1905,1703,
1089,,1906,1030,
1089,,1906,1101,
1089,,1906,1701,
1089,,1906,1702,
1089,,1906,1703,
1089,,1907,1030,
1089,,1907,1101,
1089,,1907,1701,
1089,,1907,1702,
1089,,1907,1703,
1089,,1908,1702,
1089,,1908,1703,
1089,,1908,1704,
1089,,1909,1703,
1089,,1909,1704,
1089,,2001,1125,
1089,,2001,1126,
1089,,2001,1607,
1089,,2001,1608,
1089,,2001,1720,
1089,,2001,1721,
1089,,2001,1722,
1089,,2001,1810,
1089,,2001,1811,
1089,,2002,1125,
1089,,2002,1126,
1089,,2002,1607,
1089,,2002,1608,
1089,,2002,1721,
1089,,2002,1722,
1089,,2002,1811,
1089,,2003,1125,
1089,,2003,1126,
1089,,2003,1608,
1089,,2003,1721,
1089,,2003,1722,
1089,,2003,1723,
1089,,2003,1811,
1089,,2004,1126,
1089,,2004,1608,
1089,,2004,1721,
1089,,2004,1722,
1089,,2004,1723,
1089,,2005,1721,
1089,,2005,1722,
1089,,2005,1723,
1089,,2006,1722,
1089,,2006,1723,
1089,,2006,1724,
1089,,2006,1901,
1089,,2007,1723,
1089,,2007,1724,
1089,,2007,1725,
1089,,2007,1901,
1089,,2007,1902,
1089,,2008,1724,
1089,,2008,1725,
1089,,2008,1901,
1089,,2008,1902,
1089,,2009,1724,
1089,,2009,1725,
1089,,2009,1901,
1089,,2009,1902,
1089,,2009,1903,
1089,,2010,1724,
1089,,2010,1725,
1089,,2010,1901,
1089,,2010,1902,
1089,,2010,1903,
1089,,2011,1724,
1089,,2011,1725,
1089,,2011,1901,
1089,,2011,1902,
1089,,2012,1723,
1089,,2012,1724,
1089,,2012,1725,
1089,,2012,1901,
1089,,2012,1902,
1089,,2013,1722,
1089,,2013,1723,
1089,,2014,1721,
1089,,2014,1722,
1089,,2014,1723,
1089,,2015,1126,
1089,,2015,1608,
1089,,2015,1721,
1089,,2015,1722,
1089,,2015,1723,
1089,,2016,1125,
1089,,2016,1126,
1089,,2016,1608,
1089,,2016,1721,
1089,,2016,1722,
1089,,2016,1723,
1089,,2016,1811,
1089,,2017,1125,
1089,,2017,1126,
1089,,2017,1608,
1089,,2017,1721,
1089,,2017,1722,
1089,,2017,1811,
1089,,2018,1124,
1089,,2018,1125,
1089,,2018,1126,
1089,,2018,1607,
1089,,2018,1608,
1089,,2018,1720,
1089,,2018,1721,
1089,,2018,1722,
1089,,2018,1810,
1089,,2018,1811,
1089,,2019,1124,
1089,,2019,1125,
1089,,2019,1126,
1089,,2019,1605,
1089,,2019,1606,
1089,,2019,1607,
1089,,2019,1608,
1089,,2019,1719,
1089,,2019,1720,
1089,,2019,1721,
1089,,2019,1809,
1089,,2019,1810,
1089,,2019,1811,
1089,,2020,1123,
1089,,2020,1124,
1089,,2020,1125,
1089,,2020,1126,
1089,,2020,1605,
1089,,2020,1606,
1089,,2020,1607,
1089,,2020,1608,
1089,,2020,1719,
1089,,2020,1720,
1089,,2020,1808,
1089,,2020,1809,
1089,,2020,1810,
1089,,2020,1811,
1089,,2021,1122,
1089,,2021,1123,
1089,,2021,1124,
1089,,2021,1125,
1089,,2021,1604,
1089,,2021,1605,
1089,,2021,1606,
1089,,2021,1607,
1089,,2021,1718,
1089,,2021,1719,
1089,,2021,1720,
1089,,2021,1808,
1089,,2021,1809,
1089,,2021,1810,
1089,,2021,1811,
1089,,2022,1122,
1089,,2022,1123,
1089,,2022,1124,
1089,,2022,1604,
1089,,2022,1605,
1089,,2022,1606,
1089,,2022,1607,
1089,,2022,1717,
1089,,2022,1718,
1089,,2022,1719,
1089,,2022,1720,
1089,,2022,1807,
1089,,2022,1808,
1089,,2022,1809,
1089,,2022,1810,
1089,,2023,1121,
1089,,2023,1122,
1089,,2023,1123,
1089,,2023,1124,
1089,,2023,1604,
1089,,2023,1605,
1089,,2023,1606,
1089,,2023,1717,
1089,,2023,1718,
1089,,2023,1719,
1089,,2023,1720,
1089,,2023,1806,
1089,,2023,1807,
1089,,2023,1808,
1089,,2023,1809,
1089,,2024,1120,
1089,,2024,1121,
1089,,2024,1122,
1089,,2024,1123,
1089,,2024,1602,
1089,,2024,1603,
1089,,2024,1604,
1089,,2024,1717,
1089,,2024,1718,
1089,,2024,1805,
1089,,2024,1806,
1089,,2024,1807,
1089,,2024,1808,
1089,,2025,1120,
1089,,2025,1121,
1089,,2025,1122,
1089,,2025,1410,
1089,,2025,1602,
1089,,2025,1603,
1089,,2025,1604,
1089,,2025,1716,
1089,,2025,1717,
1089,,2025,1804,
1089,,2025,1805,
1089,,2025,1806,
1089,,2025,1807,
1089,,2026,1119,
1089,,2026,1120,
1089,,2026,1121,
1089,,2026,1409,
1089,,2026,1410,
1089,,2026,1509,
1089,,2026,1601,
1089,,2026,1602,
1089,,2026,1603,
1089,,2026,1716,
1089,,2026,1717,
1089,,2026,1804,
1089,,2026,1805,
1089,,2026,1806,
1089,,2027,1119,
1089,,2027,1120,
1089,,2027,1121,
1089,,2027,1409,
1089,,2027,1410,
1089,,2027,1509,
1089,,2027,1601,
1089,,2027,1602,
1089,,2027,1603,
1089,,2027,1715,
1089,,2027,1716,
1089,,2027,1717,
1089,,2027,1803,
1089,,2027,1804,
1089,,2027,1805,
1089,,2027,1806,
1089,,2028,1118,
1089,,2028,1119,
1089,,2028,1120,
1089,,2028,1408,
1089,,2028,1409,
1089,,2028,1410,
1089,,2028,1509,
1089,,2028,1601,
1089,,2028,1602,
1089,,2028,1714,
1089,,2028,1715,
1089,,2028,1716,
1089,,2028,1802,
1089,,2028,1803,
1089,,2028,1804,
1089,,2028,1805,
1089,,2029,1118,
1089,,2029,1119,
1089,,2029,1120,
1089,,2029,1407,
1089,,2029,1408,
1089,,2029,1409,
1089,,2029,1410,
1089,,2029,1508,
1089,,2029,1509,
1089,,2029,1601,
1089,,2029,1602,
1089,,2029,1713,
1089,,2029,1714,
1089,,2029,1715,
1089,,2029,1716,
1089,,2029,1801,
1089,,2029,1802,
1089,,2029,1803,
1089,,2029,1804,
1089,,2030,1117,
1089,,2030,1118,
1089,,2030,1119,
1089,,2030,1406,
1089,,2030,1407,
1089,,2030,1408,
1089,,2030,1409,
1089,,2030,1410,
1089,,2030,1507,
1089,,2030,1508,
1089,,2030,1509,
1089,,2030,1601,
1089,,2030,1713,
1089,,2030,1714,
1089,,2030,1715,
1089,,2030,1801,
1089,,2030,1802,
1089,,2030,1803,
1089,,2030,1804,
1089,,2031,1116,
1089,,2031,1117,
1089,,2031,1118,
1089,,2031,1119,
1089,,2031,1405,
1089,,2031,1406,
1089,,2031,1407,
1089,,2031,1408,
1089,,2031,1409,
1089,,2031,1505,
1089,,2031,1506,
1089,,2031,1507,
1089,,2031,1508,
1089,,2031,1509,
1089,,2031,1601,
1089,,2031,1712,
1089,,2031,1713,
1089,,2031,1714,
1089,,2031,1715,
1089,,2031,1801,
1089,,2031,1802,
1089,,2031,1803,
1089,,2032,1114,
1089,,2032,1115,
1089,,2032,1116,
1089,,2032,1117,
1089,,2032,1118,
1089,,2032,1404,
1089,,2032,1405,
1089,,2032,1406,
1089,,2032,1407,
1089,,2032,1408,
1089,,2032,1504,
1089,,2032,1505,
1089,,2032,1506,
1089,,2032,1507,
1089,,2032,1508,
1089,,2032,1712,
1089,,2032,1713,
1089,,2032,1714,
1089,,2032,1801,
1089,,2032,1802,
1089,,2032,1803,
1089,,2033,1113,
1089,,2033,1114,
1089,,2033,1115,
1089,,2033,1116,
1089,,2033,1117,
1089,,2033,1403,
1089,,2033,1404,
1089,,2033,1405,
1089,,2033,1406,
1089,,2033,1407,
1089,,2033,1503,
1089,,2033,1504,
1089,,2033,1505,
1089,,2033,1506,
1089,,2033,1507,
1089,,2033,1508,
1089,,2033,1711,
1089,,2033,1712,
1089,,2033,1713,
1089,,2033,1801,
1089,,2034,1113,
1089,,2034,1114,
1089,,2034,1115,
1089,,2034,1116,
1089,,2034,1117,
1089,,2034,1403,
1089,,2034,1404,
1089,,2034,1405,
1089,,2034,1406,
1089,,2034,1503,
1089,,2034,1504,
1089,,2034,1505,
1089,,2034,1506,
1089,,2034,1507,
1089,,2034,1711,
1089,,2034,1712,
1089,,2034,1713,
1089,,2034,1801,
1089,,2035,1112,
1089,,2035,1113,
1089,,2035,1114,
1089,,2035,1115,
1089,,2035,1116,
1089,,2035,1403,
1089,,2035,1404,
1089,,2035,1405,
1089,,2035,1406,
1089,,2035,1503,
1089,,2035,1504,
1089,,2035,1505,
1089,,2035,1506,
1089,,2035,1507,
1089,,2035,1710,
1089,,2035,1711,
1089,,2035,1712,
1225,,1001,1121,
1225,,1001,1122,
1225,,1001,1123,
1225,,1001,1124,
1225,,1001,1125,
1225,,1001,1126,
1225,,1001,1603,
1225,,1001,1604,
1225,,1001,1605,
1225,,1001,1606,
1225,,1001,1607,
1225,,1001,1608,
1225,,1001,1717,
1225,,1001,1718,
1225,,1001,1719,
1225,,1001,1720,
1225,,1001,1721,
1225,,1001,1722,
1225,,1001,1806,
1225,,1001,1807,
1225,,1001,1808,
1225,,1001,1809,
1225,,1001,1810,
1225,,1001,1811,
1225,,1002,1121,
1225,,1002,1122,
1225,,1002,1123,
1225,,1002,1124,
1225,,1002,1125,
1225,,1002,1126,
1225,,1002,1604,
1225,,1002,1605,
1225,,1002,1606,
1225,,1002,1607,
1225,,1002,1608,
1225,,1002,1717,
1225,,1002,1718,
1225,,1002,1719,
1225,,1002,1720,
1225,,1002,1721,
1225,,1002,1722,
1225,,1002,1806,
1225,,1002,1807,
1225,,1002,1808,
1225,,1002,1809,
1225,,1002,1810,
1225,,1002,1811,
1225,,1003,1121,
1225,,1003,1122,
1225,,1003,1123,
1225,,1003,1124,
1225,,1003,1125,
1225,,1003,1126,
1225,,1003,1604,
1225,,1003,1605,
1225,,1003,1606,
1225,,1003,1607,
1225,,1003,1608,
1225,,1003,1717,
1225,,1003,1718,
1225,,1003,1719,
1225,,1003,1720,
1225,,1003,1721,
1225,,1003,1722,
1225,,1003,1806,
1225,,1003,1807,
1225,,1003,1808,
1225,,1003,1809,
1225,,1003,1810,
1225,,1003,1811,
1225,,1004,1122,
1225,,1004,1123,
1225,,1004,1124,
1225,,1004,1125,
1225,,1004,1126,
1225,,1004,1604,
1225,,1004,1605,
1225,,1004,1606,
1225,,1004,1607,
1225,,1004,1608,
1225,,1004,1718,
1225,,1004,1719,
1225,,1004,1720,
1225,,1004,1721,
1225,,1004,1722,
1225,,1004,1723,
1225,,1004,1807,
1225,,1004,1808,
1225,,1004,1809,
1225,,1004,1810,
1225,,1004,1811,
1225,,1005,1122,
1225,,1005,1123,
1225,,1005,1124,
1225,,1005,1125,
1225,,1005,1126,
1225,,1005,1604,
1225,,1005,1605,
1225,,1005,1606,
1225,,1005,1607,
1225,,1005,1608,
1225,,1005,1718,
1225,,1005,1719,
1225,,1005,1720,
1225,,1005,1721,
1225,,1005,1722,
1225,,1005,1723,
1225,,1005,1807,
1225,,1005,1808,
1225,,1005,1809,
1225,,1005,1810,
1225,,1005,1811,
1225,,1006,1123,
1225,,1006,1124,
1225,,1006,1125,
1225,,1006,1126,
1225,,1006,1604,
1225,,1006,1605,
1225,,1006,1606,
1225,,1006,1607,
1225,,1006,1608,
1225,,1006,1718,
1225,,1006,1719,
1225,,1006,1720,
1225,,1006,1721,
1225,,1006,1722,
1225,,1006,1723,
1225,,1006,1808,
1225,,1006,1809,
1225,,1006,1810,
1225,,1006,1811,
1225,,1007,1123,
1225,,1007,1124,
1225,,1007,1125,
1225,,1007,1126,
1225,,1007,1605,
1225,,1007,1606,
1225,,1007,1607,
1225,,1007,1608,
1225,,1007,1719,
1225,,1007,1720,
1225,,1007,1721,
1225,,1007,1722,
1225,,1007,1723,
1225,,1007,1808,
1225,,1007,1809,
1225,,1007,1810,
1225,,1007,1811,
1225,,1008,1123,
1225,,1008,1124,
1225,,1008,1125,
1225,,1008,1126,
1225,,1008,1605,
1225,,1008,1606,
1225,,1008,1607,
1225,,1008,1608,
1225,,1008,1719,
1225,,1008,1720,
1225,,1008,1721,
1225,,1008,1722,
1225,,1008,1723,
1225,,1008,1808,
1225,,1008,1809,
1225,,1008,1810,
1225,,1008,1811,
1225,,1009,1124,
1225,,1009,1125,
1225,,1009,1126,
1225,,1009,1605,
1225,,1009,1606,
1225,,1009,1607,
1225,,1009,1608,
1225,,1009,1719,
1225,,1009,1720,
1225,,1009,1721,
1225,,1009,1722,
1225,,1009,1723,
1225,,1009,1808,
1225,,1009,1809,
1225,,1009,1810,
1225,,1009,1811,
1225,,1010,1124,
1225,,1010,1125,
1225,,1010,1126,
1225,,1010,1606,
1225,,1010,1607,
1225,,1010,1608,
1225,,1010,1720,
1225,,1010,1721,
1225,,1010,1722,
1225,,1010,1723,
1225,,1010,1809,
1225,,1010,1810,
1225,,1010,1811,
1225,,1011,1124,
1225,,1011,1125,
1225,,1011,1126,
1225,,1011,1607,
1225,,1011,1608,
1225,,1011,1720,
1225,,1011,1721,
1225,,1011,1722,
1225,,1011,1723,
1225,,1011,1724,
1225,,1011,1810,
1225,,1011,1811,
1225,,1011,1901,
1225,,1011,1902,
1225,,1012,1125,
1225,,1012,1126,
1225,,1012,1607,
1225,,1012,1608,
1225,,1012,1720,
1225,,1012,1721,
1225,,1012,1722,
1225,,1012,1723,
1225,,1012,1724,
1225,,1012,1725,
1225,,1012,1810,
1225,,1012,1811,
1225,,1012,1901,
1225,,1012,1902,
1225,,1013,1125,
1225,,1013,1126,
1225,,1013,1607,
1225,,1013,1608,
1225,,1013,1721,
1225,,1013,1722,
1225,,1013,1723,
1225,,1013,1724,
1225,,1013,1725,
1225,,1013,1811,
1225,,1013,1901,
1225,,1013,1902,
1225,,1014,1126,
1225,,1014,1608,
1225,,1014,1721,
1225,,1014,1722,
1225,,1014,1723,
1225,,1014,1724,
1225,,1014,1725,
1225,,1014,1901,
1225,,1014,1902,
1225,,1014,1903,
1225,,1015,1722,
1225,,1015,1723,
1225,,1015,1724,
1225,,1015,1725,
1225,,1015,1726,
1225,,1015,1901,
1225,,1015,1902,
1225,,1015,1903,
1225,,1015,1904,
1225,,1016,1722,
1225,,1016,1723,
1225,,1016,1724,
1225,,1016,1725,
1225,,1016,1726,
1225,,1016,1901,
1225,,1016,1902,
1225,,1016,1903,
1225,,1016,1904,
1225,,1017,1722,
1225,,1017,1723,
1225,,1017,1724,
1225,,1017,1725,
1225,,1017,1726,
1225,,1017,1901,
1225,,1017,1902,
1225,,1017,1903,
1225,,1017,1904,
1225,,1017,1905,
1225,,1017,1906,
1225,,1018,1723,
1225,,1018,1724,
1225,,1018,1725,
1225,,1018,1726,
1225,,1018,1901,
1225,,1018,1902,
1225,,1018,1903,
1225,,1018,1904,
1225,,1018,1905,
1225,,1018,1906,
1225,,1019,1723,
1225,,1019,1724,
1225,,1019,1725,
1225,,1019,1726,
1225,,1019,1901,
1225,,1019,1902,
1225,,1019,1903,
1225,,1019,1904,
1225,,1019,1905,
1225,,1019,1906,
1225,,1019,1907,
1225,,1020,1724,
1225,,1020,1725,
1225,,1020,1726,
1225,,1020,1901,
1225,,1020,1902,
1225,,1020,1903,
1225,,1020,1904,
1225,,1020,1905,
1225,,1020,1906,
1225,,1020,1907,
1225,,1020,1908,
1225,,1021,1724,
1225,,1021,1725,
1225,,1021,1726,
1225,,1021,1901,
1225,,1021,1902,
1225,,1021,1903,
1225,,1021,1904,
1225,,1021,1905,
1225,,1021,1906,
1225,,1021,1907,
1225,,1021,1908,
1225,,1022,1724,
1225,,1022,1725,
1225,,1022,1726,
1225,,1022,1901,
1225,,1022,1902,
1225,,1022,1903,
1225,,1022,1904,
1225,,1022,1905,
1225,,1022,1906,
1225,,1022,1907,
1225,,1022,1908,
1225,,1022,1909,
1225,,1023,1725,
1225,,1023,1726,
1225,,1023,1902,
1225,,1023,1903,
1225,,1023,1904,
1225,,1023,1905,
1225,,1023,1906,
1225,,1023,1907,
1225,,1023,1908,
1225,,1023,1909,
1225,,1024,1726,
1225,,1024,1903,
1225,,1024,1904,
1225,,1024,1905,
1225,,1024,1906,
1225,,1024,1907,
1225,,1024,1908,
1225,,1024,1909,
1225,,1025,1726,
1225,,1025,1903,
1225,,1025,1904,
1225,,1025,1905,
1225,,1025,1906,
1225,,1025,1907,
1225,,1025,1908,
1225,,1025,1909,
1225,,1026,1726,
1225,,1026,1903,
1225,,1026,1904,
1225,,1026,1905,
1225,,1026,1906,
1225,,1026,1907,
1225,,1026,1908,
1225,,1026,1909,
1225,,1027,1726,
1225,,1027,1904,
1225,,1027,1905,
1225,,1027,1906,
1225,,1027,1907,
1225,,1027,1908,
1225,,1027,1909,
1225,,1028,1905,
1225,,1028,1906,
1225,,1028,1907,
1225,,1028,1908,
1225,,1028,1909,
1225,,1029,1906,
1225,,1029,1907,
1225,,1029,1908,
1225,,1029,1909,
1225,,1030,1908,
1225,,1030,1909,
1225,,1101,1908,
1225,,1101,1909,
1225,,1102,1905,
1225,,1102,1906,
1225,,1102,1907,
1225,,1102,1908,
1225,,1102,1909,
1225,,1103,1726,
1225,,1103,1904,
1225,,1103,1905,
1225,,1103,1906,
1225,,1103,1907,
1225,,1103,1908,
1225,,1103,1909,
1225,,1104,1726,
1225,,1104,1903,
1225,,1104,1904,
1225,,1104,1905,
1225,,1104,1906,
1225,,1104,1907,
1225,,1104,1908,
1225,,1104,1909,
1225,,1105,1724,
1225,,1105,1725,
1225,,1105,1726,
1225,,1105,1901,
1225,,1105,1902,
1225,,1105,1903,
1225,,1105,1904,
1225,,1105,1905,
1225,,1105,1906,
1225,,1105,1907,
1225,,1105,1908,
1225,,1105,1909,
1225,,1106,1724,
1225,,1106,1725,
1225,,1106,1726,
1225,,1106,1901,
1225,,1106,1902,
1225,,1106,1903,
1225,,1106,1904,
1225,,1106,1905,
1225,,1106,1906,
1225,,1106,1907,
1225,,1106,1908,
1225,,1107,1722,
1225,,1107,1723,
1225,,1107,1724,
1225,,1107,1725,
1225,,1107,1726,
1225,,1107,1901,
1225,,1107,1902,
1225,,1107,1903,
1225,,1107,1904,
1225,,1107,1905,
1225,,1108,1721,
1225,,1108,1722,
1225,,1108,1723,
1225,,1108,1724,
1225,,1108,1725,
1225,,1108,1726,
1225,,1108,1901,
1225,,1108,1902,
1225,,1108,1903,
1225,,1108,1904,
1225,,1109,1721,
1225,,1109,1722,
1225,,1109,1723,
1225,,1109,1724,
1225,,1109,1725,
1225,,1109,1811,
1225,,1109,1901,
1225,,1109,1902,
1225,,1110,1720,
1225,,1110,1721,
1225,,1110,1722,
1225,,1110,1723,
1225,,1110,1724,
1225,,1110,1725,
1225,,1110,1810,
1225,,1110,1811,
1225,,1110,1901,
1225,,1110,1902,
1225,,1111,1719,
1225,,1111,1720,
1225,,1111,1721,
1225,,1111,1722,
1225,,1111,1723,
1225,,1111,1809,
1225,,1111,1810,
1225,,1111,1811,
1225,,1112,1718,
1225,,1112,1719,
1225,,1112,1720,
1225,,1112,1721,
1225,,1112,1722,
1225,,1112,1723,
1225,,1112,1807,
1225,,1112,1808,
1225,,1112,1809,
1225,,1112,1810,
1225,,1112,1811,
1225,,1113,1717,
1225,,1113,1718,
1225,,1113,1719,
1225,,1113,1720,
1225,,1113,1721,
1225,,1113,1722,
1225,,1113,1806,
1225,,1113,1807,
1225,,1113,1808,
1225,,1113,1809,
1225,,1113,1810,
1225,,1113,1811,
1225,,1114,1717,
1225,,1114,1718,
1225,,1114,1719,
1225,,1114,1720,
1225,,1114,1721,
1225,,1114,1805,
1225,,1114,1806,
1225,,1114,1807,
1225,,1114,1808,
1225,,1114,1809,
1225,,1114,1810,
1225,,1114,1811,
1225,,1115,1716,
1225,,1115,1717,
1225,,1115,1718,
1225,,1115,1719,
1225,,1115,1720,
1225,,1115,1721,
1225,,1115,1805,
1225,,1115,1806,
1225,,1115,1807,
1225,,1115,1808,
1225,,1115,1809,
1225,,1115,1810,
1225,,1115,1811,
1225,,1116,1716,
1225,,1116,1717,
1225,,1116,1718,
1225,,1116,1719,
1225,,1116,1720,
1225,,1116,1804,
1225,,1116,1805,
1225,,1116,1806,
1225,,1116,1807,
1225,,1116,1808,
1225,,1116,1809,
1225,,1116,1810,
1225,,1116,1811,
1225,,1117,1716,
1225,,1117,1717,
1225,,1117,1718,
1225,,1117,1719,
1225,,1117,1720,
1225,,1117,1804,
1225,,1117,1805,
1225,,1117,1806,
1225,,1117,1807,
1225,,1117,1808,
1225,,1117,1809,
1225,,1117,1810,
1225,,1117,1811,
1225,,1117,2035,
1225,,1118,1714,
1225,,1118,1715,
1225,,1118,1716,
1225,,1118,1717,
1225,,1118,1718,
1225,,1118,1719,
1225,,1118,1802,
1225,,1118,1803,
1225,,1118,1804,
1225,,1118,1805,
1225,,1118,1806,
1225,,1118,1807,
1225,,1118,1808,
1225,,1118,1809,
1225,,1118,2033,
1225,,1118,2034,
1225,,1118,2035,
1225,,1119,1713,
1225,,1119,1714,
1225,,1119,1715,
1225,,1119,1716,
1225,,1119,1717,
1225,,1119,1718,
1225,,1119,1801,
1225,,1119,1802,
1225,,1119,1803,
1225,,1119,1804,
1225,,1119,1805,
1225,,1119,1806,
1225,,1119,1807,
1225,,1119,1808,
1225,,1119,2032,
1225,,1119,2033,
1225,,1119,2034,
1225,,1119,2035,
1225,,1120,1712,
1225,,1120,1713,
1225,,1120,1714,
1225,,1120,1715,
1225,,1120,1716,
1225,,1120,1717,
1225,,1120,1801,
1225,,1120,1802,
1225,,1120,1803,
1225,,1120,1804,
1225,,1120,1805,
1225,,1120,1806,
1225,,1120,1807,
1225,,1120,2030,
1225,,1120,2031,
1225,,1120,2032,
1225,,1120,2033,
1225,,1120,2034,
1225,,1120,2035,
1225,,1121,1001,
1225,,1121,1002,
1225,,1121,1003,
1225,,1121,1302,
1225,,1121,1303,
1225,,1121,1304,
1225,,1121,1305,
1225,,1121,1711,
1225,,1121,1712,
1225,,1121,1713,
1225,,1121,1714,
1225,,1121,1715,
1225,,1121,1716,
1225,,1121,1801,
1225,,1121,1802,
1225,,1121,1803,
1225,,1121,1804,
1225,,1121,1805,
1225,,1121,2028,
1225,,1121,2029,
1225,,1121,2030,
1225,,1121,2031,
1225,,1121,2032,
1225,,1121,2033,
1225,,1121,2034,
1225,,1121,2035,
1225,,1122,1001,
1225,,1122,1002,
1225,,1122,1003,
1225,,1122,1004,
1225,,1122,1005,
1225,,1122,1301,
1225,,1122,1302,
1225,,1122,1303,
1225,,1122,1304,
1225,,1122,1305,
1225,,1122,1710,
1225,,1122,1711,
1225,,1122,1712,
1225,,1122,1713,
1225,,1122,1714,
1225,,1122,1715,
1225,,1122,1716,
1225,,1122,1801,
1225,,1122,1802,
1225,,1122,1803,
1225,,1122,1804,
1225,,1122,2026,
1225,,1122,2027,
1225,,1122,2028,
1225,,1122,2029,
1225,,1122,2030,
1225,,1122,2031,
1225,,1122,2032,
1225,,1122,2033,
1225,,1122,2034,
1225,,1122,2035,
1225,,1123,1001,
1225,,1123,1002,
1225,,1123,1003,
1225,,1123,1004,
1225,,1123,1005,
1225,,1123,1006,
1225,,1123,1007,
1225,,1123,1008,
1225,,1123,1301,
1225,,1123,1302,
1225,,1123,1303,
1225,,1123,1304,
1225,,1123,1305,
1225,,1123,1710,
1225,,1123,1711,
1225,,1123,1712,
1225,,1123,1713,
1225,,1123,1714,
1225,,1123,1715,
1225,,1123,1801,
1225,,1123,1802,
1225,,1123,1803,
1225,,1123,2025,
1225,,1123,2026,
1225,,1123,2027,
1225,,1123,2028,
1225,,1123,2029,
1225,,1123,2030,
1225,,1123,2031,
1225,,1123,2032,
1225,,1123,2033,
1225,,1123,2034,
1225,,1123,2035,
1225,,1124,1001,
1225,,1124,1002,
1225,,1124,1003,
1225,,1124,1004,
1225,,1124,1005,
1225,,1124,1006,
1225,,1124,1007,
1225,,1124,1008,
1225,,1124,1009,
1225,,1124,1010,
1225,,1124,1011,
1225,,1124,1301,
1225,,1124,1302,
1225,,1124,1303,
1225,,1124,1304,
1225,,1124,1305,
1225,,1124,1710,
1225,,1124,1711,
1225,,1124,1712,
1225,,1124,1713,
1225,,1124,1714,
1225,,1124,1801,
1225,,1124,1802,
1225,,1124,2024,
1225,,1124,2025,
1225,,1124,2026,
1225,,1124,2027,
1225,,1124,2028,
1225,,1124,2029,
1225,,1124,2030,
1225,,1124,2031,
1225,,1124,2032,
1225,,1124,2033,
1225,,1125,1001,
1225,,1125,1002,
1225,,1125,1003,
1225,,1125,1004,
1225,,1125,1005,
1225,,1125,1006,
1225,,1125,1007,
1225,,1125,1008,
1225,,1125,1009,
1225,,1125,1010,
1225,,1125,1011,
1225,,1125,1012,
1225,,1125,1013,
1225,,1125,1201,
1225,,1125,1202,
1225,,1125,1301,
1225,,1125,1302,
1225,,1125,1303,
1225,,1125,1304,
1225,,1125,1305,
1225,,1125,1709,
1225,,1125,1710,
1225,,1125,1711,
1225,,1125,1712,
1225,,1125,2022,
1225,,1125,2023,
1225,,1125,2024,
1225,,1125,2025,
1225,,1125,2026,
1225,,1125,2027,
1225,,1125,2028,
1225,,1125,2029,
1225,,1125,2030,
1225,,1125,2031,
1225,,1126,1001,
1225,,1126,1002,
1225,,1126,1003,
1225,,1126,1004,
1225,,1126,1005,
1225,,1126,1006,
1225,,1126,1007,
1225,,1126,1008,
1225,,1126,1009,
1225,,1126,1010,
1225,,1126,1011,
1225,,1126,1012,
1225,,1126,1013,
1225,,1126,1014,
1225,,1126,1201,
1225,,1126,1202,
1225,,1126,1301,
1225,,1126,1302,
1225,,1126,1303,
1225,,1126,1304,
1225,,1126,1305,
1225,,1126,1709,
1225,,1126,1710,
1225,,1126,1711,
1225,,1126,1712,
1225,,1126,2021,
1225,,1126,2022,
1225,,1126,2023,
1225,,1126,2024,
1225,,1126,2025,
1225,,1126,2026,
1225,,1126,2027,
1225,,1126,2028,
1225,,1126,2029,
1225,,1126,2030,
1225,,1126,2031,
1225,,1201,1125,
1225,,1201,1126,
1225,,1201,1607,
1225,,1201,1608,
1225,,1201,1721,
1225,,1201,1722,
1225,,1201,1723,
1225,,1201,1724,
1225,,1201,1725,
1225,,1201,1811,
1225,,1201,1901,
1225,,1201,1902,
1225,,1202,1125,
1225,,1202,1126,
1225,,1202,1607,
1225,,1202,1608,
1225,,1202,1720,
1225,,1202,1721,
1225,,1202,1722,
1225,,1202,1723,
1225,,1202,1724,
1225,,1202,1725,
1225,,1202,1810,
1225,,1202,1811,
1225,,1202,1901,
1225,,1202,1902,
1225,,1301,1122,
1225,,1301,1123,
1225,,1301,1124,
1225,,1301,1125,
1225,,1301,1126,
1225,,1301,1604,
1225,,1301,1605,
1225,,1301,1606,
1225,,1301,1607,
1225,,1301,1608,
1225,,1301,1718,
1225,,1301,1719,
1225,,1301,1720,
1225,,1301,1721,
1225,,1301,1722,
1225,,1301,1723,
1225,,1301,1807,
1225,,1301,1808,
1225,,1301,1809,
1225,,1301,1810,
1225,,1301,1811,
1225,,1302,1121,
1225,,1302,1122,
1225,,1302,1123,
1225,,1302,1124,
1225,,1302,1125,
1225,,1302,1126,
1225,,1302,1604,
1225,,1302,1605,
1225,,1302,1606,
1225,,1302,1607,
1225,,1302,1608,
1225,,1302,1717,
1225,,1302,1718,
1225,,1302,1719,
1225,,1302,1720,
1225,,1302,1721,
1225,,1302,1722,
1225,,1302,1806,
1225,,1302,1807,
1225,,1302,1808,
1225,,1302,1809,
1225,,1302,1810,
1225,,1302,1811,
1225,,1303,1121,
1225,,1303,1122,
1225,,1303,1123,
1225,,1303,1124,
1225,,1303,1125,
1225,,1303,1126,
1225,,1303,1603,
1225,,1303,1604,
1225,,1303,1605,
1225,,1303,1606,
1225,,1303,1607,
1225,,1303,1608,
1225,,1303,1717,
1225,,1303,1718,
1225,,1303,1719,
1225,,1303,1720,
1225,,1303,1721,
1225,,1303,1722,
1225,,1303,1806,
1225,,1303,1807,
1225,,1303,1808,
1225,,1303,1809,
1225,,1303,1810,
1225,,1303,1811,
1225,,1304,1121,
1225,,1304,1122,
1225,,1304,1123,
1225,,1304,1124,
1225,,1304,1125,
1225,,1304,1126,
1225,,1304,1603,
1225,,1304,1604,
1225,,1304,1605,
1225,,1304,1606,
1225,,1304,1607,
1225,,1304,1608,
1225,,1304,1717,
1225,,1304,1718,
1225,,1304,1719,
1225,,1304,1720,
1225,,1304,1721,
1225,,1304,1722,
1225,,1304,1806,
1225,,1304,1807,
1225,,1304,1808,
1225,,1304,1809,
1225,,1304,1810,
1225,,1304,1811,
1225,,1305,1121,
1225,,1305,1122,
1225,,1305,1123,
1225,,1305,1124,
1225,,1305,1125,
1225,,1305,1126,
1225,,1305,1603,
1225,,1305,1604,
1225,,1305,1605,
1225,,1305,1606,
1225,,1305,1607,
1225,,1305,1608,
1225,,1305,1717,
1225,,1305,1718,
1225,,1305,1719,
1225,,1305,1720,
1225,,1305,1721,
1225,,1305,1805,
1225,,1305,1806,
1225,,1305,1807,
1225,,1305,1808,
1225,,1305,1809,
1225,,1305,1810,
1225,,1305,1811,
1225,,1401,1719,
1225,,1401,1720,
1225,,1401,1721,
1225,,1401,1722,
1225,,1401,1723,
1225,,1401,1809,
1225,,1401,1810,
1225,,1401,1811,
1225,,1402,1718,
1225,,1402,1719,
1225,,1402,1720,
1225,,1402,1721,
1225,,1402,1722,
1225,,1402,1723,
1225,,1402,1808,
1225,,1402,1809,
1225,,1402,1810,
1225,,1402,1811,
1225,,1403,1717,
1225,,1403,1718,
1225,,1403,1719,
1225,,1403,1720,
1225,,1403,1721,
1225,,1403,1722,
1225,,1403,1806,
1225,,1403,1807,
1225,,1403,1808,
1225,,1403,1809,
1225,,1403,1810,
1225,,1403,1811,
1225,,1404,1717,
1225,,1404,1718,
1225,,1404,1719,
1225,,1404,1720,
1225,,1404,1721,
1225,,1404,1805,
1225,,1404,1806,
1225,,1404,1807,
1225,,1404,1808,
1225,,1404,1809,
1225,,1404,1810,
1225,,1404,1811,
1225,,1405,1716,
1225,,1405,1717,
1225,,1405,1718,
1225,,1405,1719,
1225,,1405,1720,
1225,,1405,1721,
1225,,1405,1804,
1225,,1405,1805,
1225,,1405,1806,
1225,,1405,1807,
1225,,1405,1808,
1225,,1405,1809,
1225,,1405,1810,
1225,,1405,1811,
1225,,1406,1716,
1225,,1406,1717,
1225,,1406,1718,
1225,,1406,1719,
1225,,1406,1720,
1225,,1406,1804,
1225,,1406,1805,
1225,,1406,1806,
1225,,1406,1807,
1225,,1406,1808,
1225,,1406,1809,
1225,,1406,1810,
1225,,1406,1811,
1225,,1407,1715,
1225,,1407,1716,
1225,,1407,1717,
1225,,1407,1718,
1225,,1407,1719,
1225,,1407,1720,
1225,,1407,1803,
1225,,1407,1804,
1225,,1407,1805,
1225,,1407,1806,
1225,,1407,1807,
1225,,1407,1808,
1225,,1407,1809,
1225,,1407,1810,
1225,,1407,2034,
1225,,1407,2035,
1225,,1408,1714,
1225,,1408,1715,
1225,,1408,1716,
1225,,1408,1717,
1225,,1408,1718,
1225,,1408,1719,
1225,,1408,1802,
1225,,1408,1803,
1225,,1408,1804,
1225,,1408,1805,
1225,,1408,1806,
1225,,1408,1807,
1225,,1408,1808,
1225,,1408,1809,
1225,,1408,2033,
1225,,1408,2034,
1225,,1408,2035,
1225,,1409,1713,
1225,,1409,1714,
1225,,1409,1715,
1225,,1409,1716,
1225,,1409,1717,
1225,,1409,1718,
1225,,1409,1719,
1225,,1409,1801,
1225,,1409,1802,
1225,,1409,1803,
1225,,1409,1804,
1225,,1409,1805,
1225,,1409,1806,
1225,,1409,1807,
1225,,1409,1808,
1225,,1409,2032,
1225,,1409,2033,
1225,,1409,2034,
1225,,1409,2035,
1225,,1410,1712,
1225,,1410,1713,
1225,,1410,1714,
1225,,1410,1715,
1225,,1410,1716,
1225,,1410,1717,
1225,,1410,1718,
1225,,1410,1801,
1225,,1410,1802,
1225,,1410,1803,
1225,,1410,1804,
1225,,1410,1805,
1225,,1410,1806,
1225,,1410,1807,
1225,,1410,2031,
1225,,1410,2032,
1225,,1410,2033,
1225,,1410,2034,
1225,,1410,2035,
1225,,1501,1719,
1225,,1501,1720,
1225,,1501,1721,
1225,,1501,1722,
1225,,1501,1723,
1225,,1501,1809,
1225,,1501,1810,
1225,,1501,1811,
1225,,1502,1718,
1225,,1502,1719,
1225,,1502,1720,
1225,,1502,1721,
1225,,1502,1722,
1225,,1502,1723,
1225,,1502,1808,
1225,,1502,1809,
1225,,1502,1810,
1225,,1502,1811,
1225,,1503,1717,
1225,,1503,1718,
1225,,1503,1719,
1225,,1503,1720,
1225,,1503,1721,
1225,,1503,1722,
1225,,1503,1806,
1225,,1503,1807,
1225,,1503,1808,
1225,,1503,1809,
1225,,1503,1810,
1225,,1503,1811,
1225,,1504,1717,
1225,,1504,1718,
1225,,1504,1719,
1225,,1504,1720,
1225,,1504,1721,
1225,,1504,1805,
1225,,1504,1806,
1225,,1504,1807,
1225,,1504,1808,
1225,,1504,1809,
1225,,1504,1810,
1225,,1504,1811,
1225,,1505,1716,
1225,,1505,1717,
1225,,1505,1718,
1225,,1505,1719,
1225,,1505,1720,
1225,,1505,1721,
1225,,1505,1805,
1225,,1505,1806,
1225,,1505,1807,
1225,,1505,1808,
1225,,1505,1809,
1225,,1505,1810,
1225,,1505,1811,
1225,,1506,1716,
1225,,1506,1717,
1225,,1506,1718,
1225,,1506,1719,
1225,,1506,1720,
1225,,1506,1804,
1225,,1506,1805,
1225,,1506,1806,
1225,,1506,1807,
1225,,1506,1808,
1225,,1506,1809,
1225,,1506,1810,
1225,,1506,1811,
1225,,1507,1716,
1225,,1507,1717,
1225,,1507,1718,
1225,,1507,1719,
1225,,1507,1720,
1225,,1507,1804,
1225,,1507,1805,
1225,,1507,1806,
1225,,1507,1807,
1225,,1507,1808,
1225,,1507,1809,
1225,,1507,1810,
1225,,1507,1811,
1225,,1508,1715,
1225,,1508,1716,
1225,,1508,1717,
1225,,1508,1718,
1225,,1508,1719,
1225,,1508,1720,
1225,,1508,1803,
1225,,1508,1804,
1225,,1508,1805,
1225,,1508,1806,
1225,,1508,1807,
1225,,1508,1808,
1225,,1508,1809,
1225,,1508,1810,
1225,,1508,2034,
1225,,1508,2035,
1225,,1509,1713,
1225,,1509,1714,
1225,,1509,1715,
1225,,1509,1716,
1225,,1509,1717,
1225,,1509,1718,
1225,,1509,1801,
1225,,1509,1802,
1225,,1509,1803,
1225,,1509,1804,
1225,,1509,1805,
1225,,1509,1806,
1225,,1509,1807,
1225,,1509,1808,
1225,,1509,2032,
1225,,1509,2033,
1225,,1509,2034,
1225,,1509,2035,
1225,,1601,1713,
1225,,1601,1714,
1225,,1601,1715,
1225,,1601,1716,
1225,,1601,1717,
1225,,1601,1718,
1225,,1601,1801,
1225,,1601,1802,
1225,,1601,1803,
1225,,1601,1804,
1225,,1601,1805,
1225,,1601,1806,
1225,,1601,1807,
1225,,1601,1808,
1225,,1601,2032,
1225,,1601,2033,
1225,,1601,2034,
1225,,1601,2035,
1225,,1602,1712,
1225,,1602,1713,
1225,,1602,1714,
1225,,1602,1715,
1225,,1602,1716,
1225,,1602,1717,
1225,,1602,1801,
1225,,1602,1802,
1225,,1602,1803,
1225,,1602,1804,
1225,,1602,1805,
1225,,1602,1806,
1225,,1602,1807,
1225,,1602,2030,
1225,,1602,2031,
1225,,1602,2032,
1225,,1602,2033,
1225,,1602,2034,
1225,,1602,2035,
1225,,1603,1001,
1225,,1603,1303,
1225,,1603,1304,
1225,,1603,1305,
1225,,1603,1712,
1225,,1603,1713,
1225,,1603,1714,
1225,,1603,1715,
1225,,1603,1716,
1225,,1603,1801,
1225,,1603,1802,
1225,,1603,1803,
1225,,1603,1804,
1225,,1603,1805,
1225,,1603,2028,
1225,,1603,2029,
1225,,1603,2030,
1225,,1603,2031,
1225,,1603,2032,
1225,,1603,2033,
1225,,1603,2034,
1225,,1603,2035,
1225,,1604,1001,
1225,,1604,1002,
1225,,1604,1003,
1225,,1604,1004,
1225,,1604,1005,
1225,,1604,1006,
1225,,1604,1301,
1225,,1604,1302,
1225,,1604,1303,
1225,,1604,1304,
1225,,1604,1305,
1225,,1604,1710,
1225,,1604,1711,
1225,,1604,1712,
1225,,1604,1713,
1225,,1604,1714,
1225,,1604,1715,
1225,,1604,1716,
1225,,1604,1801,
1225,,1604,1802,
1225,,1604,1803,
1225,,1604,1804,
1225,,1604,2026,
1225,,1604,2027,
1225,,1604,2028,
1225,,1604,2029,
1225,,1604,2030,
1225,,1604,2031,
1225,,1604,2032,
1225,,1604,2033,
1225,,1604,2034,
1225,,1604,2035,
1225,,1605,1001,
1225,,1605,1002,
1225,,1605,1003,
1225,,1605,1004,
1225,,1605,1005,
1225,,1605,1006,
1225,,1605,1007,
1225,,1605,1008,
1225,,1605,1009,
1225,,1605,1301,
1225,,1605,1302,
1225,,1605,1303,
1225,,1605,1304,
1225,,1605,1305,
1225,,1605,1710,
1225,,1605,1711,
1225,,1605,1712,
1225,,1605,1713,
1225,,1605,1714,
1225,,1605,1715,
1225,,1605,1801,
1225,,1605,1802,
1225,,1605,1803,
1225,,1605,2024,
1225,,1605,2025,
1225,,1605,2026,
1225,,1605,2027,
1225,,1605,2028,
1225,,1605,2029,
1225,,1605,2030,
1225,,1605,2031,
1225,,1605,2032,
1225,,1605,2033,
1225,,1605,2034,
1225,,1605,2035,
1225,,1606,1001,
1225,,1606,1002,
1225,,1606,1003,
1225,,1606,1004,
1225,,1606,1005,
1225,,1606,1006,
1225,,1606,1007,
1225,,1606,1008,
1225,,1606,1009,
1225,,1606,1010,
1225,,1606,1301,
1225,,1606,1302,
1225,,1606,1303,
1225,,1606,1304,
1225,,1606,1305,
1225,,1606,1710,
1225,,1606,1711,
1225,,1606,1712,
1225,,1606,1713,
1225,,1606,1714,
1225,,1606,1801,
1225,,1606,1802,
1225,,1606,2024,
1225,,1606,2025,
1225,,1606,2026,
1225,,1606,2027,
1225,,1606,2028,
1225,,1606,2029,
1225,,1606,2030,
1225,,1606,2031,
1225,,1606,2032,
1225,,1606,2033,
1225,,1607,1001,
1225,,1607,1002,
1225,,1607,1003,
1225,,1607,1004,
1225,,1607,1005,
1225,,1607,1006,
1225,,1607,1007,
1225,,1607,1008,
1225,,1607,1009,
1225,,1607,1010,
1225,,1607,1011,
1225,,1607,1012,
1225,,1607,1013,
1225,,1607,1201,
1225,,1607,1202,
1225,,1607,1301,
1225,,1607,1302,
1225,,1607,1303,
1225,,1607,1304,
1225,,1607,1305,
1225,,1607,1709,
1225,,1607,1710,
1225,,1607,1711,
1225,,1607,1712,
1225,,1607,1713,
1225,,1607,1801,
1225,,1607,2023,
1225,,1607,2024,
1225,,1607,2025,
1225,,1607,2026,
1225,,1607,2027,
1225,,1607,2028,
1225,,1607,2029,
1225,,1607,2030,
1225,,1607,2031,
1225,,1607,2032,
1225,,1608,1001,
1225,,1608,1002,
1225,,1608,1003,
1225,,1608,1004,
1225,,1608,1005,
1225,,1608,1006,
1225,,1608,1007,
1225,,1608,1008,
1225,,1608,1009,
1225,,1608,1010,
1225,,1608,1011,
1225,,1608,1012,
1225,,1608,1013,
1225,,1608,1014,
1225,,1608,1201,
1225,,1608,1202,
1225,,1608,1301,
1225,,1608,1302,
1225,,1608,1303,
1225,,1608,1304,
1225,,1608,1305,
1225,,1608,1709,
1225,,1608,1710,
1225,,1608,1711,
1225,,1608,1712,
1225,,1608,2021,
1225,,1608,2022,
1225,,1608,2023,
1225,,1608,2024,
1225,,1608,2025,
1225,,1608,2026,
1225,,1608,2027,
1225,,1608,2028,
1225,,1608,2029,
1225,,1608,2030,
1225,,1608,2031,
1225,,1701,1908,
1225,,1701,1909,
1225,,1702,1909,
1225,,1709,1125,
1225,,1709,1126,
1225,,1709,1607,
1225,,1709,1608,
1225,,1710,1122,
1225,,1710,1123,
1225,,1710,1124,
1225,,1710,1125,
1225,,1710,1126,
1225,,1710,1604,
1225,,1710,1605,
1225,,1710,1606,
1225,,1710,1607,
1225,,1710,1608,
1225,,1711,1121,
1225,,1711,1122,
1225,,1711,1123,
1225,,1711,1124,
1225,,1711,1125,
1225,,1711,1126,
1225,,1711,1604,
1225,,1711,1605,
1225,,1711,1606,
1225,,1711,1607,
1225,,1711,1608,
1225,,1712,1120,
1225,,1712,1121,
1225,,1712,1122,
1225,,1712,1123,
1225,,1712,1124,
1225,,1712,1125,
1225,,1712,1126,
1225,,1712,1410,
1225,,1712,1602,
1225,,1712,1603,
1225,,1712,1604,
1225,,1712,1605,
1225,,1712,1606,
1225,,1712,1607,
1225,,1712,1608,
1225,,1713,1119,
1225,,1713,1120,
1225,,1713,1121,
1225,,1713,1122,
1225,,1713,1123,
1225,,1713,1124,
1225,,1713,1409,
1225,,1713,1410,
1225,,1713,1509,
1225,,1713,1601,
1225,,1713,1602,
1225,,1713,1603,
1225,,1713,1604,
1225,,1713,1605,
1225,,1713,1606,
1225,,1713,1607,
1225,,1713,2035,
1225,,1714,1118,
1225,,1714,1119,
1225,,1714,1120,
1225,,1714,1121,
1225,,1714,1122,
1225,,1714,1123,
1225,,1714,1124,
1225,,1714,1408,
1225,,1714,1409,
1225,,1714,1410,
1225,,1714,1509,
1225,,1714,1601,
1225,,1714,1602,
1225,,1714,1603,
1225,,1714,1604,
1225,,1714,1605,
1225,,1714,1606,
1225,,1714,2033,
1225,,1714,2034,
1225,,1714,2035,
1225,,1715,1118,
1225,,1715,1119,
1225,,1715,1120,
1225,,1715,1121,
1225,,1715,1122,
1225,,1715,1123,
1225,,1715,1407,
1225,,1715,1408,
1225,,1715,1409,
1225,,1715,1410,
1225,,1715,1508,
1225,,1715,1509,
1225,,1715,1601,
1225,,1715,1602,
1225,,1715,1603,
1225,,1715,1604,
1225,,1715,1605,
1225,,1715,2032,
1225,,1715,2033,
1225,,1715,2034,
1225,,1715,2035,
1225,,1716,1115,
1225,,1716,1116,
1225,,1716,1117,
1225,,1716,1118,
1225,,1716,1119,
1225,,1716,1120,
1225,,1716,1121,
1225,,1716,1122,
1225,,1716,1405,
1225,,1716,1406,
1225,,1716,1407,
1225,,1716,1408,
1225,,1716,1409,
1225,,1716,1410,
1225,,1716,1505,
1225,,1716,1506,
1225,,1716,1507,
1225,,1716,1508,
1225,,1716,1509,
1225,,1716,1601,
1225,,1716,1602,
1225,,1716,1603,
1225,,1716,1604,
1225,,1716,2030,
1225,,1716,2031,
1225,,1716,2032,
1225,,1716,2033,
1225,,1716,2034,
1225,,1716,2035,
1225,,1717,1001,
1225,,1717,1002,
1225,,1717,1003,
1225,,1717,1113,
1225,,1717,1114,
1225,,1717,1115,
1225,,1717,1116,
1225,,1717,1117,
1225,,1717,1118,
1225,,1717,1119,
1225,,1717,1120,
1225,,1717,1302,
1225,,1717,1303,
1225,,1717,1304,
1225,,1717,1305,
1225,,1717,1403,
1225,,1717,1404,
1225,,1717,1405,
1225,,1717,1406,
1225,,1717,1407,
1225,,1717,1408,
1225,,1717,1409,
1225,,1717,1410,
1225,,1717,1503,
1225,,1717,1504,
1225,,1717,1505,
1225,,1717,1506,
1225,,1717,1507,
1225,,1717,1508,
1225,,1717,1509,
1225,,1717,1601,
1225,,1717,1602,
1225,,1717,2028,
1225,,1717,2029,
1225,,1717,2030,
1225,,1717,2031,
1225,,1717,2032,
1225,,1717,2033,
1225,,1717,2034,
1225,,1717,2035,
1225,,1718,1001,
1225,,1718,1002,
1225,,1718,1003,
1225,,1718,1004,
1225,,1718,1005,
1225,,1718,1006,
1225,,1718,1112,
1225,,1718,1113,
1225,,1718,1114,
1225,,1718,1115,
1225,,1718,1116,
1225,,1718,1117,
1225,,1718,1118,
1225,,1718,1119,
1225,,1718,1301,
1225,,1718,1302,
1225,,1718,1303,
1225,,1718,1304,
1225,,1718,1305,
1225,,1718,1402,
1225,,1718,1403,
1225,,1718,1404,
1225,,1718,1405,
1225,,1718,1406,
1225,,1718,1407,
1225,,1718,1408,
1225,,1718,1409,
1225,,1718,1410,
1225,,1718,1502,
1225,,1718,1503,
1225,,1718,1504,
1225,,1718,1505,
1225,,1718,1506,
1225,,1718,1507,
1225,,1718,1508,
1225,,1718,1509,
1225,,1718,1601,
1225,,1718,2025,
1225,,1718,2026,
1225,,1718,2027,
1225,,1718,2028,
1225,,1718,2029,
1225,,1718,2030,
1225,,1718,2031,
1225,,1718,2032,
1225,,1718,2033,
1225,,1718,2034,
1225,,1718,2035,
1225,,1719,1001,
1225,,1719,1002,
1225,,1719,1003,
1225,,1719,1004,
1225,,1719,1005,
1225,,1719,1006,
1225,,1719,1007,
1225,,1719,1008,
1225,,1719,1009,
1225,,1719,1111,
1225,,1719,1112,
1225,,1719,1113,
1225,,1719,1114,
1225,,1719,1115,
1225,,1719,1116,
1225,,1719,1117,
1225,,1719,1118,
1225,,1719,1301,
1225,,1719,1302,
1225,,1719,1303,
1225,,1719,1304,
1225,,1719,1305,
1225,,1719,1401,
1225,,1719,1402,
1225,,1719,1403,
1225,,1719,1404,
1225,,1719,1405,
1225,,1719,1406,
1225,,1719,1407,
1225,,1719,1408,
1225,,1719,1409,
1225,,1719,1501,
1225,,1719,1502,
1225,,1719,1503,
1225,,1719,1504,
1225,,1719,1505,
1225,,1719,1506,
1225,,1719,1507,
1225,,1719,1508,
1225,,1719,2024,
1225,,1719,2025,
1225,,1719,2026,
1225,,1719,2027,
1225,,1719,2028,
1225,,1719,2029,
1225,,1719,2030,
1225,,1719,2031,
1225,,1719,2032,
1225,,1719,2033,
1225,,1719,2034,
1225,,1719,2035,
1225,,1720,1001,
1225,,1720,1002,
1225,,1720,1003,
1225,,1720,1004,
1225,,1720,1005,
1225,,1720,1006,
1225,,1720,1007,
1225,,1720,1008,
1225,,1720,1009,
1225,,1720,1010,
1225,,1720,1011,
1225,,1720,1012,
1225,,1720,1110,
1225,,1720,1111,
1225,,1720,1112,
1225,,1720,1113,
1225,,1720,1114,
1225,,1720,1115,
1225,,1720,1116,
1225,,1720,1117,
1225,,1720,1202,
1225,,1720,1301,
1225,,1720,1302,
1225,,1720,1303,
1225,,1720,1304,
1225,,1720,1305,
1225,,1720,1401,
1225,,1720,1402,
1225,,1720,1403,
1225,,1720,1404,
1225,,1720,1405,
1225,,1720,1406,
1225,,1720,1407,
1225,,1720,1501,
1225,,1720,1502,
1225,,1720,1503,
1225,,1720,1504,
1225,,1720,1505,
1225,,1720,1506,
1225,,1720,1507,
1225,,1720,1508,
1225,,1720,2024,
1225,,1720,2025,
1225,,1720,2026,
1225,,1720,2027,
1225,,1720,2028,
1225,,1720,2029,
1225,,1720,2030,
1225,,1720,2031,
1225,,1720,2032,
1225,,1721,1001,
1225,,1721,1002,
1225,,1721,1003,
1225,,1721,1004,
1225,,1721,1005,
1225,,1721,1006,
1225,,1721,1007,
1225,,1721,1008,
1225,,1721,1009,
1225,,1721,1010,
1225,,1721,1011,
1225,,1721,1012,
1225,,1721,1013,
1225,,1721,1014,
1225,,1721,1108,
1225,,1721,1109,
1225,,1721,1110,
1225,,1721,1111,
1225,,1721,1112,
1225,,1721,1113,
1225,,1721,1114,
1225,,1721,1115,
1225,,1721,1201,
1225,,1721,1202,
1225,,1721,1301,
1225,,1721,1302,
1225,,1721,1303,
1225,,1721,1304,
1225,,1721,1305,
1225,,1721,1401,
1225,,1721,1402,
1225,,1721,1403,
1225,,1721,1404,
1225,,1721,1405,
1225,,1721,1501,
1225,,1721,1502,
1225,,1721,1503,
1225,,1721,1504,
1225,,1721,1505,
1225,,1721,2020,
1225,,1721,2021,
1225,,1721,2022,
1225,,1721,2023,
1225,,1721,2024,
1225,,1721,2025,
1225,,1721,2026,
1225,,1721,2027,
1225,,1721,2028,
1225,,1721,2029,
1225,,1721,2030,
1225,,1722,1001,
1225,,1722,1002,
1225,,1722,1003,
1225,,1722,1004,
1225,,1722,1005,
1225,,1722,1006,
1225,,1722,1007,
1225,,1722,1008,
1225,,1722,1009,
1225,,1722,1010,
1225,,1722,1011,
1225,,1722,1012,
1225,,1722,1013,
1225,,1722,1014,
1225,,1722,1015,
1225,,1722,1016,
1225,,1722,1017,
1225,,1722,1107,
1225,,1722,1108,
1225,,1722,1109,
1225,,1722,1110,
1225,,1722,1111,
1225,,1722,1112,
1225,,1722,1113,
1225,,1722,1201,
1225,,1722,1202,
1225,,1722,1301,
1225,,1722,1302,
1225,,1722,1303,
1225,,1722,1304,
1225,,1722,1401,
1225,,1722,1402,
1225,,1722,1403,
1225,,1722,1501,
1225,,1722,1502,
1225,,1722,1503,
1225,,1722,2019,
1225,,1722,2020,
1225,,1722,2021,
1225,,1722,2022,
1225,,1722,2023,
1225,,1722,2024,
1225,,1722,2025,
1225,,1722,2026,
1225,,1722,2027,
1225,,1722,2028,
1225,,1723,1004,
1225,,1723,1005,
1225,,1723,1006,
1225,,1723,1007,
1225,,1723,1008,
1225,,1723,1009,
1225,,1723,1010,
1225,,1723,1011,
1225,,1723,1012,
1225,,1723,1013,
1225,,1723,1014,
1225,,1723,1015,
1225,,1723,1016,
1225,,1723,1017,
1225,,1723,1018,
1225,,1723,1019,
1225,,1723,1107,
1225,,1723,1108,
1225,,1723,1109,
1225,,1723,1110,
1225,,1723,1111,
1225,,1723,1112,
1225,,1723,1201,
1225,,1723,1202,
1225,,1723,1301,
1225,,1723,1401,
1225,,1723,1402,
1225,,1723,1501,
1225,,1723,1502,
1225,,1723,2001,
1225,,1723,2002,
1225,,1723,2017,
1225,,1723,2018,
1225,,1723,2019,
1225,,1723,2020,
1225,,1723,2021,
1225,,1723,2022,
1225,,1723,2023,
1225,,1723,2024,
1225,,1723,2025,
1225,,1723,2026,
1225,,1723,2027,
1225,,1724,1011,
1225,,1724,1012,
1225,,1724,1013,
1225,,1724,1014,
1225,,1724,1015,
1225,,1724,1016,
1225,,1724,1017,
1225,,1724,1018,
1225,,1724,1019,
1225,,1724,1020,
1225,,1724,1021,
1225,,1724,1022,
1225,,1724,1105,
1225,,1724,1106,
1225,,1724,1107,
1225,,1724,1108,
1225,,1724,1109,
1225,,1724,1110,
1225,,1724,1201,
1225,,1724,1202,
1225,,1724,2001,
1225,,1724,2002,
1225,,1724,2003,
1225,,1724,2004,
1225,,1724,2005,
1225,,1724,2013,
1225,,1724,2014,
1225,,1724,2015,
1225,,1724,2016,
1225,,1724,2017,
1225,,1724,2018,
1225,,1724,2019,
1225,,1724,2020,
1225,,1724,2021,
1225,,1724,2022,
1225,,1724,2023,
1225,,1725,1012,
1225,,1725,1013,
1225,,1725,1014,
1225,,1725,1015,
1225,,1725,1016,
1225,,1725,1017,
1225,,1725,1018,
1225,,1725,1019,
1225,,1725,1020,
1225,,1725,1021,
1225,,1725,1022,
1225,,1725,1023,
1225,,1725,1105,
1225,,1725,1106,
1225,,1725,1107,
1225,,1725,1108,
1225,,1725,1109,
1225,,1725,1110,
1225,,1725,1201,
1225,,1725,1202,
1225,,1725,2001,
1225,,1725,2002,
1225,,1725,2003,
1225,,1725,2004,
1225,,1725,2005,
1225,,1725,2006,
1225,,1725,2013,
1225,,1725,2014,
1225,,1725,2015,
1225,,1725,2016,
1225,,1725,2017,
1225,,1725,2018,
1225,,1725,2019,
1225,,1725,2020,
1225,,1725,2021,
1225,,1725,2022,
1225,,1725,2023,
1225,,1726,1015,
1225,,1726,1016,
1225,,1726,1017,
1225,,1726,1018,
1225,,1726,1019,
1225,,1726,1020,
1225,,1726,1021,
1225,,1726,1022,
1225,,1726,1023,
1225,,1726,1024,
1225,,1726,1025,
1225,,1726,1026,
1225,,1726,1027,
1225,,1726,1103,
1225,,1726,1104,
1225,,1726,1105,
1225,,1726,1106,
1225,,1726,1107,
1225,,1726,1108,
1225,,1726,2001,
1225,,1726,2002,
1225,,1726,2003,
1225,,1726,2004,
1225,,1726,2005,
1225,,1726,2006,
1225,,1726,2007,
1225,,1726,2008,
1225,,1726,2009,
1225,,1726,2010,
1225,,1726,2011,
1225,,1726,2012,
1225,,1726,2013,
1225,,1726,2014,
1225,,1726,2015,
1225,,1726,2016,
1225,,1726,2017,
1225,,1726,2018,
1225,,1726,2019,
1225,,1801,1119,
1225,,1801,1120,
1225,,1801,1121,
1225,,1801,1122,
1225,,1801,1123,
1225,,1801,1124,
1225,,1801,1409,
1225,,1801,1410,
1225,,1801,1509,
1225,,1801,1601,
1225,,1801,1602,
1225,,1801,1603,
1225,,1801,1604,
1225,,1801,1605,
1225,,1801,1606,
1225,,1801,1607,
1225,,1801,2035,
1225,,1802,1118,
1225,,1802,1119,
1225,,1802,1120,
1225,,1802,1121,
1225,,1802,1122,
1225,,1802,1123,
1225,,1802,1124,
1225,,1802,1408,
1225,,1802,1409,
1225,,1802,1410,
1225,,1802,1509,
1225,,1802,1601,
1225,,1802,1602,
1225,,1802,1603,
1225,,1802,1604,
1225,,1802,1605,
1225,,1802,1606,
1225,,1802,2033,
1225,,1802,2034,
1225,,1802,2035,
1225,,1803,1118,
1225,,1803,1119,
1225,,1803,1120,
1225,,1803,1121,
1225,,1803,1122,
1225,,1803,1123,
1225,,1803,1407,
1225,,1803,1408,
1225,,1803,1409,
1225,,1803,1410,
1225,,1803,1508,
1225,,1803,1509,
1225,,1803,1601,
1225,,1803,1602,
1225,,1803,1603,
1225,,1803,1604,
1225,,1803,1605,
1225,,1803,2033,
1225,,1803,2034,
1225,,1803,2035,
1225,,1804,1116,
1225,,1804,1117,
1225,,1804,1118,
1225,,1804,1119,
1225,,1804,1120,
1225,,1804,1121,
1225,,1804,1122,
1225,,1804,1405,
1225,,1804,1406,
1225,,1804,1407,
1225,,1804,1408,
1225,,1804,1409,
1225,,1804,1410,
1225,,1804,1506,
1225,,1804,1507,
1225,,1804,1508,
1225,,1804,1509,
1225,,1804,1601,
1225,,1804,1602,
1225,,1804,1603,
1225,,1804,1604,
1225,,1804,2031,
1225,,1804,2032,
1225,,1804,2033,
1225,,1804,2034,
1225,,1804,2035,
1225,,1805,1114,
1225,,1805,1115,
1225,,1805,1116,
1225,,1805,1117,
1225,,1805,1118,
1225,,1805,1119,
1225,,1805,1120,
1225,,1805,1121,
1225,,1805,1305,
1225,,1805,1404,
1225,,1805,1405,
1225,,1805,1406,
1225,,1805,1407,
1225,,1805,1408,
1225,,1805,1409,
1225,,1805,1410,
1225,,1805,1504,
1225,,1805,1505,
1225,,1805,1506,
1225,,1805,1507,
1225,,1805,1508,
1225,,1805,1509,
1225,,1805,1601,
1225,,1805,1602,
1225,,1805,1603,
1225,,1805,2029,
1225,,1805,2030,
1225,,1805,2031,
1225,,1805,2032,
1225,,1805,2033,
1225,,1805,2034,
1225,,1805,2035,
1225,,1806,1001,
1225,,1806,1002,
1225,,1806,1003,
1225,,1806,1113,
1225,,1806,1114,
1225,,1806,1115,
1225,,1806,1116,
1225,,1806,1117,
1225,,1806,1118,
1225,,1806,1119,
1225,,1806,1120,
1225,,1806,1302,
1225,,1806,1303,
1225,,1806,1304,
1225,,1806,1305,
1225,,1806,1403,
1225,,1806,1404,
1225,,1806,1405,
1225,,1806,1406,
1225,,1806,1407,
1225,,1806,1408,
1225,,1806,1409,
1225,,1806,1410,
1225,,1806,1503,
1225,,1806,1504,
1225,,1806,1505,
1225,,1806,1506,
1225,,1806,1507,
1225,,1806,1508,
1225,,1806,1509,
1225,,1806,1601,
1225,,1806,1602,
1225,,1806,2028,
1225,,1806,2029,
1225,,1806,2030,
1225,,1806,2031,
1225,,1806,2032,
1225,,1806,2033,
1225,,1806,2034,
1225,,1806,2035,
1225,,1807,1001,
1225,,1807,1002,
1225,,1807,1003,
1225,,1807,1004,
1225,,1807,1005,
1225,,1807,1112,
1225,,1807,1113,
1225,,1807,1114,
1225,,1807,1115,
1225,,1807,1116,
1225,,1807,1117,
1225,,1807,1118,
1225,,1807,1119,
1225,,1807,1120,
1225,,1807,1301,
1225,,1807,1302,
1225,,1807,1303,
1225,,1807,1304,
1225,,1807,1305,
1225,,1807,1403,
1225,,1807,1404,
1225,,1807,1405,
1225,,1807,1406,
1225,,1807,1407,
1225,,1807,1408,
1225,,1807,1409,
1225,,1807,1410,
1225,,1807,1503,
1225,,1807,1504,
1225,,1807,1505,
1225,,1807,1506,
1225,,1807,1507,
1225,,1807,1508,
1225,,1807,1509,
1225,,1807,1601,
1225,,1807,1602,
1225,,1807,2026,
1225,,1807,2027,
1225,,1807,2028,
1225,,1807,2029,
1225,,1807,2030,
1225,,1807,2031,
1225,,1807,2032,
1225,,1807,2033,
1225,,1807,2034,
1225,,1807,2035,
1225,,1808,1001,
1225,,1808,1002,
1225,,1808,1003,
1225,,1808,1004,
1225,,1808,1005,
1225,,1808,1006,
1225,,1808,1007,
1225,,1808,1008,
1225,,1808,1009,
1225,,1808,1112,
1225,,1808,1113,
1225,,1808,1114,
1225,,1808,1115,
1225,,1808,1116,
1225,,1808,1117,
1225,,1808,1118,
1225,,1808,1119,
1225,,1808,1301,
1225,,1808,1302,
1225,,1808,1303,
1225,,1808,1304,
1225,,1808,1305,
1225,,1808,1402,
1225,,1808,1403,
1225,,1808,1404,
1225,,1808,1405,
1225,,1808,1406,
1225,,1808,1407,
1225,,1808,1408,
1225,,1808,1409,
1225,,1808,1502,
1225,,1808,1503,
1225,,1808,1504,
1225,,1808,1505,
1225,,1808,1506,
1225,,1808,1507,
1225,,1808,1508,
1225,,1808,1509,
1225,,1808,1601,
1225,,1808,2025,
1225,,1808,2026,
1225,,1808,2027,
1225,,1808,2028,
1225,,1808,2029,
1225,,1808,2030,
1225,,1808,2031,
1225,,1808,2032,
1225,,1808,2033,
1225,,1808,2034,
1225,,1808,2035,
1225,,1809,1001,
1225,,1809,1002,
1225,,1809,1003,
1225,,1809,1004,
1225,,1809,1005,
1225,,1809,1006,
1225,,1809,1007,
1225,,1809,1008,
1225,,1809,1009,
1225,,1809,1010,
1225,,1809,1111,
1225,,1809,1112,
1225,,1809,1113,
1225,,1809,1114,
1225,,1809,1115,
1225,,1809,1116,
1225,,1809,1117,
1225,,1809,1118,
1225,,1809,1301,
1225,,1809,1302,
1225,,1809,1303,
1225,,1809,1304,
1225,,1809,1305,
1225,,1809,1401,
1225,,1809,1402,
1225,,1809,1403,
1225,,1809,1404,
1225,,1809,1405,
1225,,1809,1406,
1225,,1809,1407,
1225,,1809,1408,
1225,,1809,1501,
1225,,1809,1502,
1225,,1809,1503,
1225,,1809,1504,
1225,,1809,1505,
1225,,1809,1506,
1225,,1809,1507,
1225,,1809,1508,
1225,,1809,2024,
1225,,1809,2025,
1225,,1809,2026,
1225,,1809,2027,
1225,,1809,2028,
1225,,1809,2029,
1225,,1809,2030,
1225,,1809,2031,
1225,,1809,2032,
1225,,1809,2033,
1225,,1809,2034,
1225,,1810,1001,
1225,,1810,1002,
1225,,1810,1003,
1225,,1810,1004,
1225,,1810,1005,
1225,,1810,1006,
1225,,1810,1007,
1225,,1810,1008,
1225,,1810,1009,
1225,,1810,1010,
1225,,1810,1011,
1225,,1810,1012,
1225,,1810,1110,
1225,,1810,1111,
1225,,1810,1112,
1225,,1810,1113,
1225,,1810,1114,
1225,,1810,1115,
1225,,1810,1116,
1225,,1810,1117,
1225,,1810,1202,
1225,,1810,1301,
1225,,1810,1302,
1225,,1810,1303,
1225,,1810,1304,
1225,,1810,1305,
1225,,1810,1401,
1225,,1810,1402,
1225,,1810,1403,
1225,,1810,1404,
1225,,1810,1405,
1225,,1810,1406,
1225,,1810,1407,
1225,,1810,1501,
1225,,1810,1502,
1225,,1810,1503,
1225,,1810,1504,
1225,,1810,1505,
1225,,1810,1506,
1225,,1810,1507,
1225,,1810,1508,
1225,,1810,2023,
1225,,1810,2024,
1225,,1810,2025,
1225,,1810,2026,
1225,,1810,2027,
1225,,1810,2028,
1225,,1810,2029,
1225,,1810,2030,
1225,,1810,2031,
1225,,1810,2032,
1225,,1811,1001,
1225,,1811,1002,
1225,,1811,1003,
1225,,1811,1004,
1225,,1811,1005,
1225,,1811,1006,
1225,,1811,1007,
1225,,1811,1008,
1225,,1811,1009,
1225,,1811,1010,
1225,,1811,1011,
1225,,1811,1012,
1225,,1811,1013,
1225,,1811,1109,
1225,,1811,1110,
1225,,1811,1111,
1225,,1811,1112,
1225,,1811,1113,
1225,,1811,1114,
1225,,1811,1115,
1225,,1811,1116,
1225,,1811,1117,
1225,,1811,1201,
1225,,1811,1202,
1225,,1811,1301,
1225,,1811,1302,
1225,,1811,1303,
1225,,1811,1304,
1225,,1811,1305,
1225,,1811,1401,
1225,,1811,1402,
1225,,1811,1403,
1225,,1811,1404,
1225,,1811,1405,
1225,,1811,1406,
1225,,1811,1501,
1225,,1811,1502,
1225,,1811,1503,
1225,,1811,1504,
1225,,1811,1505,
1225,,1811,1506,
1225,,1811,1507,
1225,,1811,2022,
1225,,1811,2023,
1225,,1811,2024,
1225,,1811,2025,
1225,,1811,2026,
1225,,1811,2027,
1225,,1811,2028,
1225,,1811,2029,
1225,,1811,2030,
1225,,1811,2031,
1225,,1901,1011,
1225,,1901,1012,
1225,,1901,1013,
1225,,1901,1014,
1225,,1901,1015,
1225,,1901,1016,
1225,,1901,1017,
1225,,1901,1018,
1225,,1901,1019,
1225,,1901,1020,
1225,,1901,1021,
1225,,1901,1022,
1225,,1901,1105,
1225,,1901,1106,
1225,,1901,1107,
1225,,1901,1108,
1225,,1901,1109,
1225,,1901,1110,
1225,,1901,1201,
1225,,1901,1202,
1225,,1901,2001,
1225,,1901,2002,
1225,,1901,2003,
1225,,1901,2004,
1225,,1901,2005,
1225,,1901,2013,
1225,,1901,2014,
1225,,1901,2015,
1225,,1901,2016,
1225,,1901,2017,
1225,,1901,2018,
1225,,1901,2019,
1225,,1901,2020,
1225,,1901,2021,
1225,,1901,2022,
1225,,1901,2023,
1225,,1902,1011,
1225,,1902,1012,
1225,,1902,1013,
1225,,1902,1014,
1225,,1902,1015,
1225,,1902,1016,
1225,,1902,1017,
1225,,1902,1018,
1225,,1902,1019,
1225,,1902,1020,
1225,,1902,1021,
1225,,1902,1022,
1225,,1902,1023,
1225,,1902,1105,
1225,,1902,1106,
1225,,1902,1107,
1225,,1902,1108,
1225,,1902,1109,
1225,,1902,1110,
1225,,1902,1201,
1225,,1902,1202,
1225,,1902,2001,
1225,,1902,2002,
1225,,1902,2003,
1225,,1902,2004,
1225,,1902,2005,
1225,,1902,2006,
1225,,1902,2013,
1225,,1902,2014,
1225,,1902,2015,
1225,,1902,2016,
1225,,1902,2017,
1225,,1902,2018,
1225,,1902,2019,
1225,,1902,2020,
1225,,1902,2021,
1225,,1902,2022,
1225,,1902,2023,
1225,,1903,1014,
1225,,1903,1015,
1225,,1903,1016,
1225,,1903,1017,
1225,,1903,1018,
1225,,1903,1019,
1225,,1903,1020,
1225,,1903,1021,
1225,,1903,1022,
1225,,1903,1023,
1225,,1903,1024,
1225,,1903,1025,
1225,,1903,1026,
1225,,1903,1104,
1225,,1903,1105,
1225,,1903,1106,
1225,,1903,1107,
1225,,1903,1108,
1225,,1903,2001,
1225,,1903,2002,
1225,,1903,2003,
1225,,1903,2004,
1225,,1903,2005,
1225,,1903,2006,
1225,,1903,2007,
1225,,1903,2008,
1225,,1903,2011,
1225,,1903,2012,
1225,,1903,2013,
1225,,1903,2014,
1225,,1903,2015,
1225,,1903,2016,
1225,,1903,2017,
1225,,1903,2018,
1225,,1903,2019,
1225,,1903,2020,
1225,,1903,2021,
1225,,1904,1015,
1225,,1904,1016,
1225,,1904,1017,
1225,,1904,1018,
1225,,1904,1019,
1225,,1904,1020,
1225,,1904,1021,
1225,,1904,1022,
1225,,1904,1023,
1225,,1904,1024,
1225,,1904,1025,
1225,,1904,1026,
1225,,1904,1027,
1225,,1904,1103,
1225,,1904,1104,
1225,,1904,1105,
1225,,1904,1106,
1225,,1904,1107,
1225,,1904,1108,
1225,,1904,2001,
1225,,1904,2002,
1225,,1904,2003,
1225,,1904,2004,
1225,,1904,2005,
1225,,1904,2006,
1225,,1904,2007,
1225,,1904,2008,
1225,,1904,2009,
1225,,1904,2010,
1225,,1904,2011,
1225,,1904,2012,
1225,,1904,2013,
1225,,1904,2014,
1225,,1904,2015,
1225,,1904,2016,
1225,,1904,2017,
1225,,1904,2018,
1225,,1904,2019,
1225,,1905,1017,
1225,,1905,1018,
1225,,1905,1019,
1225,,1905,1020,
1225,,1905,1021,
1225,,1905,1022,
1225,,1905,1023,
1225,,1905,1024,
1225,,1905,1025,
1225,,1905,1026,
1225,,1905,1027,
1225,,1905,1028,
1225,,1905,1102,
1225,,1905,1103,
1225,,1905,1104,
1225,,1905,1105,
1225,,1905,1106,
1225,,1905,1107,
1225,,1905,2001,
1225,,1905,2002,
1225,,1905,2003,
1225,,1905,2004,
1225,,1905,2005,
1225,,1905,2006,
1225,,1905,2007,
1225,,1905,2008,
1225,,1905,2009,
1225,,1905,2010,
1225,,1905,2011,
1225,,1905,2012,
1225,,1905,2013,
1225,,1905,2014,
1225,,1905,2015,
1225,,1905,2016,
1225,,1905,2017,
1225,,1905,2018,
1225,,1906,1017,
1225,,1906,1018,
1225,,1906,1019,
1225,,1906,1020,
1225,,1906,1021,
1225,,1906,1022,
1225,,1906,1023,
1225,,1906,1024,
1225,,1906,1025,
1225,,1906,1026,
1225,,1906,1027,
1225,,1906,1028,
1225,,1906,1029,
1225,,1906,1102,
1225,,1906,1103,
1225,,1906,1104,
1225,,1906,1105,
1225,,1906,1106,
1225,,1906,2001,
1225,,1906,2002,
1225,,1906,2003,
1225,,1906,2004,
1225,,1906,2005,
1225,,1906,2006,
1225,,1906,2007,
1225,,1906,2008,
1225,,1906,2009,
1225,,1906,2010,
1225,,1906,2011,
1225,,1906,2012,
1225,,1906,2013,
1225,,1906,2014,
1225,,1906,2015,
1225,,1906,2016,
1225,,1906,2017,
1225,,1906,2018,
1225,,1907,1019,
1225,,1907,1020,
1225,,1907,1021,
1225,,1907,1022,
1225,,1907,1023,
1225,,1907,1024,
1225,,1907,1025,
1225,,1907,1026,
1225,,1907,1027,
1225,,1907,1028,
1225,,1907,1029,
1225,,1907,1102,
1225,,1907,1103,
1225,,1907,1104,
1225,,1907,1105,
1225,,1907,1106,
1225,,1907,2002,
1225,,1907,2003,
1225,,1907,2004,
1225,,1907,2005,
1225,,1907,2006,
1225,,1907,2007,
1225,,1907,2008,
1225,,1907,2009,
1225,,1907,2010,
1225,,1907,2011,
1225,,1907,2012,
1225,,1907,2013,
1225,,1907,2014,
1225,,1907,2015,
1225,,1907,2016,
1225,,1907,2017,
1225,,1908,1020,
1225,,1908,1021,
1225,,1908,1022,
1225,,1908,1023,
1225,,1908,1024,
1225,,1908,1025,
1225,,1908,1026,
1225,,1908,1027,
1225,,1908,1028,
1225,,1908,1029,
1225,,1908,1030,
1225,,1908,1101,
1225,,1908,1102,
1225,,1908,1103,
1225,,1908,1104,
1225,,1908,1105,
1225,,1908,1106,
1225,,1908,1701,
1225,,1908,2004,
1225,,1908,2005,
1225,,1908,2006,
1225,,1908,2007,
1225,,1908,2008,
1225,,1908,2009,
1225,,1908,2010,
1225,,1908,2011,
1225,,1908,2012,
1225,,1908,2013,
1225,,1908,2014,
1225,,1908,2015,
1225,,1909,1022,
1225,,1909,1023,
1225,,1909,1024,
1225,,1909,1025,
1225,,1909,1026,
1225,,1909,1027,
1225,,1909,1028,
1225,,1909,1029,
1225,,1909,1030,
1225,,1909,1101,
1225,,1909,1102,
1225,,1909,1103,
1225,,1909,1104,
1225,,1909,1105,
1225,,1909,1701,
1225,,1909,1702,
1225,,1909,2005,
1225,,1909,2006,
1225,,1909,2007,
1225,,1909,2008,
1225,,1909,2009,
1225,,1909,2010,
1225,,1909,2011,
1225,,1909,2012,
1225,,1909,2013,
1225,,1909,2014,
1225,,2001,1723,
1225,,2001,1724,
1225,,2001,1725,
1225,,2001,1726,
1225,,2001,1901,
1225,,2001,1902,
1225,,2001,1903,
1225,,2001,1904,
1225,,2001,1905,
1225,,2001,1906,
1225,,2002,1723,
1225,,2002,1724,
1225,,2002,1725,
1225,,2002,1726,
1225,,2002,1901,
1225,,2002,1902,
1225,,2002,1903,
1225,,2002,1904,
1225,,2002,1905,
1225,,2002,1906,
1225,,2002,1907,
1225,,2003,1724,
1225,,2003,1725,
1225,,2003,1726,
1225,,2003,1901,
1225,,2003,1902,
1225,,2003,1903,
1225,,2003,1904,
1225,,2003,1905,
1225,,2003,1906,
1225,,2003,1907,
1225,,2004,1724,
1225,,2004,1725,
1225,,2004,1726,
1225,,2004,1901,
1225,,2004,1902,
1225,,2004,1903,
1225,,2004,1904,
1225,,2004,1905,
1225,,2004,1906,
1225,,2004,1907,
1225,,2004,1908,
1225,,2005,1724,
1225,,2005,1725,
1225,,2005,1726,
1225,,2005,1901,
1225,,2005,1902,
1225,,2005,1903,
1225,,2005,1904,
1225,,2005,1905,
1225,,2005,1906,
1225,,2005,1907,
1225,,2005,1908,
1225,,2005,1909,
1225,,2006,1725,
1225,,2006,1726,
1225,,2006,1902,
1225,,2006,1903,
1225,,2006,1904,
1225,,2006,1905,
1225,,2006,1906,
1225,,2006,1907,
1225,,2006,1908,
1225,,2006,1909,
1225,,2007,1726,
1225,,2007,1903,
1225,,2007,1904,
1225,,2007,1905,
1225,,2007,1906,
1225,,2007,1907,
1225,,2007,1908,
1225,,2007,1909,
1225,,2008,1726,
1225,,2008,1903,
1225,,2008,1904,
1225,,2008,1905,
1225,,2008,1906,
1225,,2008,1907,
1225,,2008,1908,
1225,,2008,1909,
1225,,2009,1726,
1225,,2009,1904,
1225,,2009,1905,
1225,,2009,1906,
1225,,2009,1907,
1225,,2009,1908,
1225,,2009,1909,
1225,,2010,1726,
1225,,2010,1904,
1225,,2010,1905,
1225,,2010,1906,
1225,,2010,1907,
1225,,2010,1908,
1225,,2010,1909,
1225,,2011,1726,
1225,,2011,1903,
1225,,2011,1904,
1225,,2011,1905,
1225,,2011,1906,
1225,,2011,1907,
1225,,2011,1908,
1225,,2011,1909,
1225,,2012,1726,
1225,,2012,1903,
1225,,2012,1904,
1225,,2012,1905,
1225,,2012,1906,
1225,,2012,1907,
1225,,2012,1908,
1225,,2012,1909,
1225,,2013,1724,
1225,,2013,1725,
1225,,2013,1726,
1225,,2013,1901,
1225,,2013,1902,
1225,,2013,1903,
1225,,2013,1904,
1225,,2013,1905,
1225,,2013,1906,
1225,,2013,1907,
1225,,2013,1908,
1225,,2013,1909,
1225,,2014,1724,
1225,,2014,1725,
1225,,2014,1726,
1225,,2014,1901,
1225,,2014,1902,
1225,,2014,1903,
1225,,2014,1904,
1225,,2014,1905,
1225,,2014,1906,
1225,,2014,1907,
1225,,2014,1908,
1225,,2014,1909,
1225,,2015,1724,
1225,,2015,1725,
1225,,2015,1726,
1225,,2015,1901,
1225,,2015,1902,
1225,,2015,1903,
1225,,2015,1904,
1225,,2015,1905,
1225,,2015,1906,
1225,,2015,1907,
1225,,2015,1908,
1225,,2016,1724,
1225,,2016,1725,
1225,,2016,1726,
1225,,2016,1901,
1225,,2016,1902,
1225,,2016,1903,
1225,,2016,1904,
1225,,2016,1905,
1225,,2016,1906,
1225,,2016,1907,
1225,,2017,1723,
1225,,2017,1724,
1225,,2017,1725,
1225,,2017,1726,
1225,,2017,1901,
1225,,2017,1902,
1225,,2017,1903,
1225,,2017,1904,
1225,,2017,1905,
1225,,2017,1906,
1225,,2017,1907,
1225,,2018,1723,
1225,,2018,1724,
1225,,2018,1725,
1225,,2018,1726,
1225,,2018,1901,
1225,,2018,1902,
1225,,2018,1903,
1225,,2018,1904,
1225,,2018,1905,
1225,,2018,1906,
1225,,2019,1722,
1225,,2019,1723,
1225,,2019,1724,
1225,,2019,1725,
1225,,2019,1726,
1225,,2019,1901,
1225,,2019,1902,
1225,,2019,1903,
1225,,2019,1904,
1225,,2020,1721,
1225,,2020,1722,
1225,,2020,1723,
1225,,2020,1724,
1225,,2020,1725,
1225,,2020,1901,
1225,,2020,1902,
1225,,2020,1903,
1225,,2021,1126,
1225,,2021,1608,
1225,,2021,1721,
1225,,2021,1722,
1225,,2021,1723,
1225,,2021,1724,
1225,,2021,1725,
1225,,2021,1901,
1225,,2021,1902,
1225,,2021,1903,
1225,,2022,1125,
1225,,2022,1126,
1225,,2022,1608,
1225,,2022,1721,
1225,,2022,1722,
1225,,2022,1723,
1225,,2022,1724,
1225,,2022,1725,
1225,,2022,1811,
1225,,2022,1901,
1225,,2022,1902,
1225,,2023,1125,
1225,,2023,1126,
1225,,2023,1607,
1225,,2023,1608,
1225,,2023,1721,
1225,,2023,1722,
1225,,2023,1723,
1225,,2023,1724,
1225,,2023,1725,
1225,,2023,1810,
1225,,2023,1811,
1225,,2023,1901,
1225,,2023,1902,
1225,,2024,1124,
1225,,2024,1125,
1225,,2024,1126,
1225,,2024,1605,
1225,,2024,1606,
1225,,2024,1607,
1225,,2024,1608,
1225,,2024,1719,
1225,,2024,1720,
1225,,2024,1721,
1225,,2024,1722,
1225,,2024,1723,
1225,,2024,1809,
1225,,2024,1810,
1225,,2024,1811,
1225,,2025,1123,
1225,,2025,1124,
1225,,2025,1125,
1225,,2025,1126,
1225,,2025,1605,
1225,,2025,1606,
1225,,2025,1607,
1225,,2025,1608,
1225,,2025,1718,
1225,,2025,1719,
1225,,2025,1720,
1225,,2025,1721,
1225,,2025,1722,
1225,,2025,1723,
1225,,2025,1808,
1225,,2025,1809,
1225,,2025,1810,
1225,,2025,1811,
1225,,2026,1122,
1225,,2026,1123,
1225,,2026,1124,
1225,,2026,1125,
1225,,2026,1126,
1225,,2026,1604,
1225,,2026,1605,
1225,,2026,1606,
1225,,2026,1607,
1225,,2026,1608,
1225,,2026,1718,
1225,,2026,1719,
1225,,2026,1720,
1225,,2026,1721,
1225,,2026,1722,
1225,,2026,1723,
1225,,2026,1807,
1225,,2026,1808,
1225,,2026,1809,
1225,,2026,1810,
1225,,2026,1811,
1225,,2027,1122,
1225,,2027,1123,
1225,,2027,1124,
1225,,2027,1125,
1225,,2027,1126,
1225,,2027,1604,
1225,,2027,1605,
1225,,2027,1606,
1225,,2027,1607,
1225,,2027,1608,
1225,,2027,1718,
1225,,2027,1719,
1225,,2027,1720,
1225,,2027,1721,
1225,,2027,1722,
1225,,2027,1723,
1225,,2027,1807,
1225,,2027,1808,
1225,,2027,1809,
1225,,2027,1810,
1225,,2027,1811,
1225,,2028,1121,
1225,,2028,1122,
1225,,2028,1123,
1225,,2028,1124,
1225,,2028,1125,
1225,,2028,1126,
1225,,2028,1603,
1225,,2028,1604,
1225,,2028,1605,
1225,,2028,1606,
1225,,2028,1607,
1225,,2028,1608,
1225,,2028,1717,
1225,,2028,1718,
1225,,2028,1719,
1225,,2028,1720,
1225,,2028,1721,
1225,,2028,1722,
1225,,2028,1806,
1225,,2028,1807,
1225,,2028,1808,
1225,,2028,1809,
1225,,2028,1810,
1225,,2028,1811,
1225,,2029,1121,
1225,,2029,1122,
1225,,2029,1123,
1225,,2029,1124,
1225,,2029,1125,
1225,,2029,1126,
1225,,2029,1603,
1225,,2029,1604,
1225,,2029,1605,
1225,,2029,1606,
1225,,2029,1607,
1225,,2029,1608,
1225,,2029,1717,
1225,,2029,1718,
1225,,2029,1719,
1225,,2029,1720,
1225,,2029,1721,
1225,,2029,1805,
1225,,2029,1806,
1225,,2029,1807,
1225,,2029,1808,
1225,,2029,1809,
1225,,2029,1810,
1225,,2029,1811,
1225,,2030,1120,
1225,,2030,1121,
1225,,2030,1122,
1225,,2030,1123,
1225,,2030,1124,
1225,,2030,1125,
1225,,2030,1126,
1225,,2030,1602,
1225,,2030,1603,
1225,,2030,1604,
1225,,2030,1605,
1225,,2030,1606,
1225,,2030,1607,
1225,,2030,1608,
1225,,2030,1716,
1225,,2030,1717,
1225,,2030,1718,
1225,,2030,1719,
1225,,2030,1720,
1225,,2030,1721,
1225,,2030,1805,
1225,,2030,1806,
1225,,2030,1807,
1225,,2030,1808,
1225,,2030,1809,
1225,,2030,1810,
1225,,2030,1811,
1225,,2031,1120,
1225,,2031,1121,
1225,,2031,1122,
1225,,2031,1123,
1225,,2031,1124,
1225,,2031,1125,
1225,,2031,1126,
1225,,2031,1410,
1225,,2031,1602,
1225,,2031,1603,
1225,,2031,1604,
1225,,2031,1605,
1225,,2031,1606,
1225,,2031,1607,
1225,,2031,1608,
1225,,2031,1716,
1225,,2031,1717,
1225,,2031,1718,
1225,,2031,1719,
1225,,2031,1720,
1225,,2031,1804,
1225,,2031,1805,
1225,,2031,1806,
1225,,2031,1807,
1225,,2031,1808,
1225,,2031,1809,
1225,,2031,1810,
1225,,2031,1811,
1225,,2032,1119,
1225,,2032,1120,
1225,,2032,1121,
1225,,2032,1122,
1225,,2032,1123,
1225,,2032,1124,
1225,,2032,1409,
1225,,2032,1410,
1225,,2032,1509,
1225,,2032,1601,
1225,,2032,1602,
1225,,2032,1603,
1225,,2032,1604,
1225,,2032,1605,
1225,,2032,1606,
1225,,2032,1607,
1225,,2032,1715,
1225,,2032,1716,
1225,,2032,1717,
1225,,2032,1718,
1225,,2032,1719,
1225,,2032,1720,
1225,,2032,1804,
1225,,2032,1805,
1225,,2032,1806,
1225,,2032,1807,
1225,,2032,1808,
1225,,2032,1809,
1225,,2032,1810,
1225,,2033,1118,
1225,,2033,1119,
1225,,2033,1120,
1225,,2033,1121,
1225,,2033,1122,
1225,,2033,1123,
1225,,2033,1124,
1225,,2033,1408,
1225,,2033,1409,
1225,,2033,1410,
1225,,2033,1509,
1225,,2033,1601,
1225,,2033,1602,
1225,,2033,1603,
1225,,2033,1604,
1225,,2033,1605,
1225,,2033,1606,
1225,,2033,1714,
1225,,2033,1715,
1225,,2033,1716,
1225,,2033,1717,
1225,,2033,1718,
1225,,2033,1719,
1225,,2033,1802,
1225,,2033,1803,
1225,,2033,1804,
1225,,2033,1805,
1225,,2033,1806,
1225,,2033,1807,
1225,,2033,1808,
1225,,2033,1809,
1225,,2034,1118,
1225,,2034,1119,
1225,,2034,1120,
1225,,2034,1121,
1225,,2034,1122,
1225,,2034,1123,
1225,,2034,1407,
1225,,2034,1408,
1225,,2034,1409,
1225,,2034,1410,
1225,,2034,1508,
1225,,2034,1509,
1225,,2034,1601,
1225,,2034,1602,
1225,,2034,1603,
1225,,2034,1604,
1225,,2034,1605,
1225,,2034,1714,
1225,,2034,1715,
1225,,2034,1716,
1225,,2034,1717,
1225,,2034,1718,
1225,,2034,1719,
1225,,2034,1802,
1225,,2034,1803,
1225,,2034,1804,
1225,,2034,1805,
1225,,2034,1806,
1225,,2034,1807,
1225,,2034,1808,
1225,,2034,1809,
1225,,2035,1117,
1225,,2035,1118,
1225,,2035,1119,
1225,,2035,1120,
1225,,2035,1121,
1225,,2035,1122,
1225,,2035,1123,
1225,,2035,1407,
1225,,2035,1408,
1225,,2035,1409,
1225,,2035,1410,
1225,,2035,1508,
1225,,2035,1509,
1225,,2035,1601,
1225,,2035,1602,
1225,,2035,1603,
1225,,2035,1604,
1225,,2035,1605,
1225,,2035,1713,
1225,,2035,1714,
1225,,2035,1715,
1225,,2035,1716,
1225,,2035,1717,
1225,,2035,1718,
1225,,2035,1719,
1225,,2035,1801,
1225,,2035,1802,
1225,,2035,1803,
1225,,2035,1804,
1225,,2035,1805,
1225,,2035,1806,
1225,,2035,1807,
1225,,2035,1808,
1393,,1001,1723,
1393,,1001,1724,
1393,,1001,1725,
1393,,1001,1726,
1393,,1001,1901,
1393,,1001,1902,
1393,,1001,1903,
1393,,1001,1904,
1393,,1001,1905,
1393,,1001,1906,
1393,,1002,1723,
1393,,1002,1724,
1393,,1002,1725,
1393,,1002,1726,
1393,,1002,1901,
1393,,1002,1902,
1393,,1002,1903,
1393,,1002,1904,
1393,,1002,1905,
1393,,1002,1906,
1393,,1002,1907,
1393,,1003,1723,
1393,,1003,1724,
1393,,1003,1725,
1393,,1003,1726,
1393,,1003,1901,
1393,,1003,1902,
1393,,1003,1903,
1393,,1003,1904,
1393,,1003,1905,
1393,,1003,1906,
1393,,1003,1907,
1393,,1004,1724,
1393,,1004,1725,
1393,,1004,1726,
1393,,1004,1901,
1393,,1004,1902,
1393,,1004,1903,
1393,,1004,1904,
1393,,1004,1905,
1393,,1004,1906,
1393,,1004,1907,
1393,,1005,1724,
1393,,1005,1725,
1393,,1005,1726,
1393,,1005,1901,
1393,,1005,1902,
1393,,1005,1903,
1393,,1005,1904,
1393,,1005,1905,
1393,,1005,1906,
1393,,1005,1907,
1393,,1005,1908,
1393,,1006,1724,
1393,,1006,1725,
1393,,1006,1726,
1393,,1006,1901,
1393,,1006,1902,
1393,,1006,1903,
1393,,1006,1904,
1393,,1006,1905,
1393,,1006,1906,
1393,,1006,1907,
1393,,1006,1908,
1393,,1007,1724,
1393,,1007,1725,
1393,,1007,1726,
1393,,1007,1901,
1393,,1007,1902,
1393,,1007,1903,
1393,,1007,1904,
1393,,1007,1905,
1393,,1007,1906,
1393,,1007,1907,
1393,,1007,1908,
1393,,1007,1909,
1393,,1008,1724,
1393,,1008,1725,
1393,,1008,1726,
1393,,1008,1901,
1393,,1008,1902,
1393,,1008,1903,
1393,,1008,1904,
1393,,1008,1905,
1393,,1008,1906,
1393,,1008,1907,
1393,,1008,1908,
1393,,1008,1909,
1393,,1009,1724,
1393,,1009,1725,
1393,,1009,1726,
1393,,1009,1901,
1393,,1009,1902,
1393,,1009,1903,
1393,,1009,1904,
1393,,1009,1905,
1393,,1009,1906,
1393,,1009,1907,
1393,,1009,1908,
1393,,1009,1909,
1393,,1010,1724,
1393,,1010,1725,
1393,,1010,1726,
1393,,1010,1901,
1393,,1010,1902,
1393,,1010,1903,
1393,,1010,1904,
1393,,1010,1905,
1393,,1010,1906,
1393,,1010,1907,
1393,,1010,1908,
1393,,1010,1909,
1393,,1011,1725,
1393,,1011,1726,
1393,,1011,1903,
1393,,1011,1904,
1393,,1011,1905,
1393,,1011,1906,
1393,,1011,1907,
1393,,1011,1908,
1393,,1011,1909,
1393,,1012,1726,
1393,,1012,1903,
1393,,1012,1904,
1393,,1012,1905,
1393,,1012,1906,
1393,,1012,1907,
1393,,1012,1908,
1393,,1012,1909,
1393,,1013,1726,
1393,,1013,1903,
1393,,1013,1904,
1393,,1013,1905,
1393,,1013,1906,
1393,,1013,1907,
1393,,1013,1908,
1393,,1013,1909,
1393,,1014,1726,
1393,,1014,1904,
1393,,1014,1905,
1393,,1014,1906,
1393,,1014,1907,
1393,,1014,1908,
1393,,1014,1909,
1393,,1015,1905,
1393,,1015,1906,
1393,,1015,1907,
1393,,1015,1908,
1393,,1015,1909,
1393,,1016,1905,
1393,,1016,1906,
1393,,1016,1907,
1393,,1016,1908,
1393,,1016,1909,
1393,,1017,1907,
1393,,1017,1908,
1393,,1017,1909,
1393,,1018,1907,
1393,,1018,1908,
1393,,1018,1909,
1393,,1019,1908,
1393,,1019,1909,
1393,,1020,1909,
1393,,1021,1909,
1393,,1106,1909,
1393,,1107,1906,
1393,,1107,1907,
1393,,1107,1908,
1393,,1107,1909,
1393,,1108,1905,
1393,,1108,1906,
1393,,1108,1907,
1393,,1108,1908,
1393,,1108,1909,
1393,,1109,1726,
1393,,1109,1903,
1393,,1109,1904,
1393,,1109,1905,
1393,,1109,1906,
1393,,1109,1907,
1393,,1109,1908,
1393,,1109,1909,
1393,,1110,1726,
1393,,1110,1903,
1393,,1110,1904,
1393,,1110,1905,
1393,,1110,1906,
1393,,1110,1907,
1393,,1110,1908,
1393,,1110,1909,
1393,,1111,1724,
1393,,1111,1725,
1393,,1111,1726,
1393,,1111,1901,
1393,,1111,1902,
1393,,1111,1903,
1393,,1111,1904,
1393,,1111,1905,
1393,,1111,1906,
1393,,1111,1907,
1393,,1111,1908,
1393,,1111,1909,
1393,,1112,1724,
1393,,1112,1725,
1393,,1112,1726,
1393,,1112,1901,
1393,,1112,1902,
1393,,1112,1903,
1393,,1112,1904,
1393,,1112,1905,
1393,,1112,1906,
1393,,1112,1907,
1393,,1112,1908,
1393,,1113,1723,
1393,,1113,1724,
1393,,1113,1725,
1393,,1113,1726,
1393,,1113,1901,
1393,,1113,1902,
1393,,1113,1903,
1393,,1113,1904,
1393,,1113,1905,
1393,,1113,1906,
1393,,1114,1722,
1393,,1114,1723,
1393,,1114,1724,
1393,,1114,1725,
1393,,1114,1726,
1393,,1114,1901,
1393,,1114,1902,
1393,,1114,1903,
1393,,1114,1904,
1393,,1115,1722,
1393,,1115,1723,
1393,,1115,1724,
1393,,1115,1725,
1393,,1115,1726,
1393,,1115,1901,
1393,,1115,1902,
1393,,1115,1903,
1393,,1115,1904,
1393,,1116,1721,
1393,,1116,1722,
1393,,1116,1723,
1393,,1116,1724,
1393,,1116,1725,
1393,,1116,1901,
1393,,1116,1902,
1393,,1116,1903,
1393,,1117,1721,
1393,,1117,1722,
1393,,1117,1723,
1393,,1117,1724,
1393,,1117,1725,
1393,,1117,1901,
1393,,1117,1902,
1393,,1117,1903,
1393,,1118,1720,
1393,,1118,1721,
1393,,1118,1722,
1393,,1118,1723,
1393,,1118,1724,
1393,,1118,1725,
1393,,1118,1810,
1393,,1118,1811,
1393,,1118,1901,
1393,,1118,1902,
1393,,1119,1719,
1393,,1119,1720,
1393,,1119,1721,
1393,,1119,1722,
1393,,1119,1723,
1393,,1119,1809,
1393,,1119,1810,
1393,,1119,1811,
1393,,1120,1718,
1393,,1120,1719,
1393,,1120,1720,
1393,,1120,1721,
1393,,1120,1722,
1393,,1120,1723,
1393,,1120,1808,
1393,,1120,1809,
1393,,1120,1810,
1393,,1120,1811,
1393,,1121,1717,
1393,,1121,1718,
1393,,1121,1719,
1393,,1121,1720,
1393,,1121,1721,
1393,,1121,1722,
1393,,1121,1806,
1393,,1121,1807,
1393,,1121,1808,
1393,,1121,1809,
1393,,1121,1810,
1393,,1121,1811,
1393,,1122,1717,
1393,,1122,1718,
1393,,1122,1719,
1393,,1122,1720,
1393,,1122,1721,
1393,,1122,1805,
1393,,1122,1806,
1393,,1122,1807,
1393,,1122,1808,
1393,,1122,1809,
1393,,1122,1810,
1393,,1122,1811,
1393,,1123,1716,
1393,,1123,1717,
1393,,1123,1718,
1393,,1123,1719,
1393,,1123,1720,
1393,,1123,1804,
1393,,1123,1805,
1393,,1123,1806,
1393,,1123,1807,
1393,,1123,1808,
1393,,1123,1809,
1393,,1123,1810,
1393,,1123,1811,
1393,,1124,1715,
1393,,1124,1716,
1393,,1124,1717,
1393,,1124,1718,
1393,,1124,1719,
1393,,1124,1720,
1393,,1124,1803,
1393,,1124,1804,
1393,,1124,1805,
1393,,1124,1806,
1393,,1124,1807,
1393,,1124,1808,
1393,,1124,1809,
1393,,1124,1810,
1393,,1124,2034,
1393,,1124,2035,
1393,,1125,1713,
1393,,1125,1714,
1393,,1125,1715,
1393,,1125,1716,
1393,,1125,1717,
1393,,1125,1718,
1393,,1125,1719,
1393,,1125,1801,
1393,,1125,1802,
1393,,1125,1803,
1393,,1125,1804,
1393,,1125,1805,
1393,,1125,1806,
1393,,1125,1807,
1393,,1125,1808,
1393,,1125,2032,
1393,,1125,2033,
1393,,1125,2034,
1393,,1125,2035,
1393,,1126,1713,
1393,,1126,1714,
1393,,1126,1715,
1393,,1126,1716,
1393,,1126,1717,
1393,,1126,1718,
1393,,1126,1801,
1393,,1126,1802,
1393,,1126,1803,
1393,,1126,1804,
1393,,1126,1805,
1393,,1126,1806,
1393,,1126,1807,
1393,,1126,1808,
1393,,1126,2032,
1393,,1126,2033,
1393,,1126,2034,
1393,,1126,2035,
1393,,1201,1726,
1393,,1201,1903,
1393,,1201,1904,
1393,,1201,1905,
1393,,1201,1906,
1393,,1201,1907,
1393,,1201,1908,
1393,,1201,1909,
1393,,1202,1726,
1393,,1202,1903,
1393,,1202,1904,
1393,,1202,1905,
1393,,1202,1906,
1393,,1202,1907,
1393,,1202,1908,
1393,,1202,1909,
1393,,1301,1724,
1393,,1301,1725,
1393,,1301,1726,
1393,,1301,1901,
1393,,1301,1902,
1393,,1301,1903,
1393,,1301,1904,
1393,,1301,1905,
1393,,1301,1906,
1393,,1301,1907,
1393,,1302,1723,
1393,,1302,1724,
1393,,1302,1725,
1393,,1302,1726,
1393,,1302,1901,
1393,,1302,1902,
1393,,1302,1903,
1393,,1302,1904,
1393,,1302,1905,
1393,,1302,1906,
1393,,1302,1907,
1393,,1303,1723,
1393,,1303,1724,
1393,,1303,1725,
1393,,1303,1726,
1393,,1303,1901,
1393,,1303,1902,
1393,,1303,1903,
1393,,1303,1904,
1393,,1303,1905,
1393,,1303,1906,
1393,,1304,1723,
1393,,1304,1724,
1393,,1304,1725,
1393,,1304,1726,
1393,,1304,1901,
1393,,1304,1902,
1393,,1304,1903,
1393,,1304,1904,
1393,,1304,1905,
1393,,1304,1906,
1393,,1305,1722,
1393,,1305,1723,
1393,,1305,1724,
1393,,1305,1725,
1393,,1305,1726,
1393,,1305,1901,
1393,,1305,1902,
1393,,1305,1903,
1393,,1305,1904,
1393,,1305,1905,
1393,,1305,1906,
1393,,1401,1724,
1393,,1401,1725,
1393,,1401,1726,
1393,,1401,1901,
1393,,1401,1902,
1393,,1401,1903,
1393,,1401,1904,
1393,,1401,1905,
1393,,1401,1906,
1393,,1401,1907,
1393,,1401,1908,
1393,,1401,1909,
1393,,1402,1724,
1393,,1402,1725,
1393,,1402,1726,
1393,,1402,1901,
1393,,1402,1902,
1393,,1402,1903,
1393,,1402,1904,
1393,,1402,1905,
1393,,1402,1906,
1393,,1402,1907,
1393,,1402,1908,
1393,,1402,1909,
1393,,1403,1723,
1393,,1403,1724,
1393,,1403,1725,
1393,,1403,1726,
1393,,1403,1901,
1393,,1403,1902,
1393,,1403,1903,
1393,,1403,1904,
1393,,1403,1905,
1393,,1403,1906,
1393,,1404,1722,
1393,,1404,1723,
1393,,1404,1724,
1393,,1404,1725,
1393,,1404,1726,
1393,,1404,1901,
1393,,1404,1902,
1393,,1404,1903,
1393,,1404,1904,
1393,,1404,1905,
1393,,1405,1722,
1393,,1405,1723,
1393,,1405,1724,
1393,,1405,1725,
1393,,1405,1726,
1393,,1405,1901,
1393,,1405,1902,
1393,,1405,1903,
1393,,1405,1904,
1393,,1406,1721,
1393,,1406,1722,
1393,,1406,1723,
1393,,1406,1724,
1393,,1406,1725,
1393,,1406,1901,
1393,,1406,1902,
1393,,1406,1903,
1393,,1407,1721,
1393,,1407,1722,
1393,,1407,1723,
1393,,1407,1724,
1393,,1407,1725,
1393,,1407,1811,
1393,,1407,1901,
1393,,1407,1902,
1393,,1408,1720,
1393,,1408,1721,
1393,,1408,1722,
1393,,1408,1723,
1393,,1408,1724,
1393,,1408,1725,
1393,,1408,1810,
1393,,1408,1811,
1393,,1408,1901,
1393,,1408,1902,
1393,,1409,1720,
1393,,1409,1721,
1393,,1409,1722,
1393,,1409,1723,
1393,,1409,1809,
1393,,1409,1810,
1393,,1409,1811,
1393,,1410,1719,
1393,,1410,1720,
1393,,1410,1721,
1393,,1410,1722,
1393,,1410,1723,
1393,,1410,1808,
1393,,1410,1809,
1393,,1410,1810,
1393,,1410,1811,
1393,,1501,1724,
1393,,1501,1725,
1393,,1501,1726,
1393,,1501,1901,
1393,,1501,1902,
1393,,1501,1903,
1393,,1501,1904,
1393,,1501,1905,
1393,,1501,1906,
1393,,1501,1907,
1393,,1501,1908,
1393,,1501,1909,
1393,,1502,1724,
1393,,1502,1725,
1393,,1502,1726,
1393,,1502,1901,
1393,,1502,1902,
1393,,1502,1903,
1393,,1502,1904,
1393,,1502,1905,
1393,,1502,1906,
1393,,1502,1907,
1393,,1502,1908,
1393,,1502,1909,
1393,,1503,1723,
1393,,1503,1724,
1393,,1503,1725,
1393,,1503,1726,
1393,,1503,1901,
1393,,1503,1902,
1393,,1503,1903,
1393,,1503,1904,
1393,,1503,1905,
1393,,1503,1906,
1393,,1504,1722,
1393,,1504,1723,
1393,,1504,1724,
1393,,1504,1725,
1393,,1504,1726,
1393,,1504,1901,
1393,,1504,1902,
1393,,1504,1903,
1393,,1504,1904,
1393,,1505,1722,
1393,,1505,1723,
1393,,1505,1724,
1393,,1505,1725,
1393,,1505,1726,
1393,,1505,1901,
1393,,1505,1902,
1393,,1505,1903,
1393,,1505,1904,
1393,,1506,1721,
1393,,1506,1722,
1393,,1506,1723,
1393,,1506,1724,
1393,,1506,1725,
1393,,1506,1726,
1393,,1506,1901,
1393,,1506,1902,
1393,,1506,1903,
1393,,1506,1904,
1393,,1507,1721,
1393,,1507,1722,
1393,,1507,1723,
1393,,1507,1724,
1393,,1507,1725,
1393,,1507,1901,
1393,,1507,1902,
1393,,1507,1903,
1393,,1508,1721,
1393,,1508,1722,
1393,,1508,1723,
1393,,1508,1724,
1393,,1508,1725,
1393,,1508,1811,
1393,,1508,1901,
1393,,1508,1902,
1393,,1509,1719,
1393,,1509,1720,
1393,,1509,1721,
1393,,1509,1722,
1393,,1509,1723,
1393,,1509,1809,
1393,,1509,1810,
1393,,1509,1811,
1393,,1601,1719,
1393,,1601,1720,
1393,,1601,1721,
1393,,1601,1722,
1393,,1601,1723,
1393,,1601,1809,
1393,,1601,1810,
1393,,1601,1811,
1393,,1602,1718,
1393,,1602,1719,
1393,,1602,1720,
1393,,1602,1721,
1393,,1602,1722,
1393,,1602,1723,
1393,,1602,1808,
1393,,1602,1809,
1393,,1602,1810,
1393,,1602,1811,
1393,,1603,1717,
1393,,1603,1718,
1393,,1603,1719,
1393,,1603,1720,
1393,,1603,1721,
1393,,1603,1722,
1393,,1603,1806,
1393,,1603,1807,
1393,,1603,1808,
1393,,1603,1809,
1393,,1603,1810,
1393,,1603,1811,
1393,,1604,1717,
1393,,1604,1718,
1393,,1604,1719,
1393,,1604,1720,
1393,,1604,1721,
1393,,1604,1805,
1393,,1604,1806,
1393,,1604,1807,
1393,,1604,1808,
1393,,1604,1809,
1393,,1604,1810,
1393,,1604,1811,
1393,,1605,1716,
1393,,1605,1717,
1393,,1605,1718,
1393,,1605,1719,
1393,,1605,1720,
1393,,1605,1804,
1393,,1605,1805,
1393,,1605,1806,
1393,,1605,1807,
1393,,1605,1808,
1393,,1605,1809,
1393,,1605,1810,
1393,,1605,1811,
1393,,1606,1715,
1393,,1606,1716,
1393,,1606,1717,
1393,,1606,1718,
1393,,1606,1719,
1393,,1606,1720,
1393,,1606,1803,
1393,,1606,1804,
1393,,1606,1805,
1393,,1606,1806,
1393,,1606,1807,
1393,,1606,1808,
1393,,1606,1809,
1393,,1606,1810,
1393,,1606,2034,
1393,,1606,2035,
1393,,1607,1714,
1393,,1607,1715,
1393,,1607,1716,
1393,,1607,1717,
1393,,1607,1718,
1393,,1607,1719,
1393,,1607,1802,
1393,,1607,1803,
1393,,1607,1804,
1393,,1607,1805,
1393,,1607,1806,
1393,,1607,1807,
1393,,1607,1808,
1393,,1607,1809,
1393,,1607,2033,
1393,,1607,2034,
1393,,1607,2035,
1393,,1608,1713,
1393,,1608,1714,
1393,,1608,1715,
1393,,1608,1716,
1393,,1608,1717,
1393,,1608,1718,
1393,,1608,1801,
1393,,1608,1802,
1393,,1608,1803,
1393,,1608,1804,
1393,,1608,1805,
1393,,1608,1806,
1393,,1608,1807,
1393,,1608,2032,
1393,,1608,2033,
1393,,1608,2034,
1393,,1608,2035,
1393,,1713,1125,
1393,,1713,1126,
1393,,1713,1608,
1393,,1714,1125,
1393,,1714,1126,
1393,,1714,1607,
1393,,1714,1608,
1393,,1715,1124,
1393,,1715,1125,
1393,,1715,1126,
1393,,1715,1606,
1393,,1715,1607,
1393,,1715,1608,
1393,,1716,1123,
1393,,1716,1124,
1393,,1716,1125,
1393,,1716,1126,
1393,,1716,1605,
1393,,1716,1606,
1393,,1716,1607,
1393,,1716,1608,
1393,,1717,1121,
1393,,1717,1122,
1393,,1717,1123,
1393,,1717,1124,
1393,,1717,1125,
1393,,1717,1126,
1393,,1717,1603,
1393,,1717,1604,
1393,,1717,1605,
1393,,1717,1606,
1393,,1717,1607,
1393,,1717,1608,
1393,,1718,1120,
1393,,1718,1121,
1393,,1718,1122,
1393,,1718,1123,
1393,,1718,1124,
1393,,1718,1125,
1393,,1718,1126,
1393,,1718,1602,
1393,,1718,1603,
1393,,1718,1604,
1393,,1718,1605,
1393,,1718,1606,
1393,,1718,1607,
1393,,1718,1608,
1393,,1719,1119,
1393,,1719,1120,
1393,,1719,1121,
1393,,1719,1122,
1393,,1719,1123,
1393,,1719,1124,
1393,,1719,1125,
1393,,1719,1410,
1393,,1719,1509,
1393,,1719,1601,
1393,,1719,1602,
1393,,1719,1603,
1393,,1719,1604,
1393,,1719,1605,
1393,,1719,1606,
1393,,1719,1607,
1393,,1720,1118,
1393,,1720,1119,
1393,,1720,1120,
1393,,1720,1121,
1393,,1720,1122,
1393,,1720,1123,
1393,,1720,1124,
1393,,1720,1408,
1393,,1720,1409,
1393,,1720,1410,
1393,,1720,1509,
1393,,1720,1601,
1393,,1720,1602,
1393,,1720,1603,
1393,,1720,1604,
1393,,1720,1605,
1393,,1720,1606,
1393,,1720,2033,
1393,,1720,2034,
1393,,1720,2035,
1393,,1721,1116,
1393,,1721,1117,
1393,,1721,1118,
1393,,1721,1119,
1393,,1721,1120,
1393,,1721,1121,
1393,,1721,1122,
1393,,1721,1406,
1393,,1721,1407,
1393,,1721,1408,
1393,,1721,1409,
1393,,1721,1410,
1393,,1721,1506,
1393,,1721,1507,
1393,,1721,1508,
1393,,1721,1509,
1393,,1721,1601,
1393,,1721,1602,
1393,,1721,1603,
1393,,1721,1604,
1393,,1721,2031,
1393,,1721,2032,
1393,,1721,2033,
1393,,1721,2034,
1393,,1721,2035,
1393,,1722,1114,
1393,,1722,1115,
1393,,1722,1116,
1393,,1722,1117,
1393,,1722,1118,
1393,,1722,1119,
1393,,1722,1120,
1393,,1722,1121,
1393,,1722,1305,
1393,,1722,1404,
1393,,1722,1405,
1393,,1722,1406,
1393,,1722,1407,
1393,,1722,1408,
1393,,1722,1409,
1393,,1722,1410,
1393,,1722,1504,
1393,,1722,1505,
1393,,1722,1506,
1393,,1722,1507,
1393,,1722,1508,
1393,,1722,1509,
1393,,1722,1601,
1393,,1722,1602,
1393,,1722,1603,
1393,,1722,2029,
1393,,1722,2030,
1393,,1722,2031,
1393,,1722,2032,
1393,,1722,2033,
1393,,1722,2034,
1393,,1722,2035,
1393,,1723,1001,
1393,,1723,1002,
1393,,1723,1003,
1393,,1723,1113,
1393,,1723,1114,
1393,,1723,1115,
1393,,1723,1116,
1393,,1723,1117,
1393,,1723,1118,
1393,,1723,1119,
1393,,1723,1120,
1393,,1723,1302,
1393,,1723,1303,
1393,,1723,1304,
1393,,1723,1305,
1393,,1723,1403,
1393,,1723,1404,
1393,,1723,1405,
1393,,1723,1406,
1393,,1723,1407,
1393,,1723,1408,
1393,,1723,1409,
1393,,1723,1410,
1393,,1723,1503,
1393,,1723,1504,
1393,,1723,1505,
1393,,1723,1506,
1393,,1723,1507,
1393,,1723,1508,
1393,,1723,1509,
1393,,1723,1601,
1393,,1723,1602,
1393,,1723,2028,
1393,,1723,2029,
1393,,1723,2030,
1393,,1723,2031,
1393,,1723,2032,
1393,,1723,2033,
1393,,1723,2034,
1393,,1723,2035,
1393,,1724,1001,
1393,,1724,1002,
1393,,1724,1003,
1393,,1724,1004,
1393,,1724,1005,
1393,,1724,1006,
1393,,1724,1007,
1393,,1724,1008,
1393,,1724,1009,
1393,,1724,1010,
1393,,1724,1111,
1393,,1724,1112,
1393,,1724,1113,
1393,,1724,1114,
1393,,1724,1115,
1393,,1724,1116,
1393,,1724,1117,
1393,,1724,1118,
1393,,1724,1301,
1393,,1724,1302,
1393,,1724,1303,
1393,,1724,1304,
1393,,1724,1305,
1393,,1724,1401,
1393,,1724,1402,
1393,,1724,1403,
1393,,1724,1404,
1393,,1724,1405,
1393,,1724,1406,
1393,,1724,1407,
1393,,1724,1408,
1393,,1724,1501,
1393,,1724,1502,
1393,,1724,1503,
1393,,1724,1504,
1393,,1724,1505,
1393,,1724,1506,
1393,,1724,1507,
1393,,1724,1508,
1393,,1724,2024,
1393,,1724,2025,
1393,,1724,2026,
1393,,1724,2027,
1393,,1724,2028,
1393,,1724,2029,
1393,,1724,2030,
1393,,1724,2031,
1393,,1724,2032,
1393,,1724,2033,
1393,,1724,2034,
1393,,1725,1001,
1393,,1725,1002,
1393,,1725,1003,
1393,,1725,1004,
1393,,1725,1005,
1393,,1725,1006,
1393,,1725,1007,
1393,,1725,1008,
1393,,1725,1009,
1393,,1725,1010,
1393,,1725,1011,
1393,,1725,1111,
1393,,1725,1112,
1393,,1725,1113,
1393,,1725,1114,
1393,,1725,1115,
1393,,1725,1116,
1393,,1725,1117,
1393,,1725,1118,
1393,,1725,1301,
1393,,1725,1302,
1393,,1725,1303,
1393,,1725,1304,
1393,,1725,1305,
1393,,1725,1401,
1393,,1725,1402,
1393,,1725,1403,
1393,,1725,1404,
1393,,1725,1405,
1393,,1725,1406,
1393,,1725,1407,
1393,,1725,1408,
1393,,1725,1501,
1393,,1725,1502,
1393,,1725,1503,
1393,,1725,1504,
1393,,1725,1505,
1393,,1725,1506,
1393,,1725,1507,
1393,,1725,1508,
1393,,1725,2024,
1393,,1725,2025,
1393,,1725,2026,
1393,,1725,2027,
1393,,1725,2028,
1393,,1725,2029,
1393,,1725,2030,
1393,,1725,2031,
1393,,1725,2032,
1393,,1725,2033,
1393,,1726,1001,
1393,,1726,1002,
1393,,1726,1003,
1393,,1726,1004,
1393,,1726,1005,
1393,,1726,1006,
1393,,1726,1007,
1393,,1726,1008,
1393,,1726,1009,
1393,,1726,1010,
1393,,1726,1011,
1393,,1726,1012,
1393,,1726,1013,
1393,,1726,1014,
1393,,1726,1109,
1393,,1726,1110,
1393,,1726,1111,
1393,,1726,1112,
1393,,1726,1113,
1393,,1726,1114,
1393,,1726,1115,
1393,,1726,1201,
1393,,1726,1202,
1393,,1726,1301,
1393,,1726,1302,
1393,,1726,1303,
1393,,1726,1304,
1393,,1726,1305,
1393,,1726,1401,
1393,,1726,1402,
1393,,1726,1403,
1393,,1726,1404,
1393,,1726,1405,
1393,,1726,1501,
1393,,1726,1502,
1393,,1726,1503,
1393,,1726,1504,
1393,,1726,1505,
1393,,1726,1506,
1393,,1726,2020,
1393,,1726,2021,
1393,,1726,2022,
1393,,1726,2023,
1393,,1726,2024,
1393,,1726,2025,
1393,,1726,2026,
1393,,1726,2027,
1393,,1726,2028,
1393,,1726,2029,
1393,,1726,2030,
1393,,1801,1125,
1393,,1801,1126,
1393,,1801,1608,
1393,,1802,1125,
1393,,1802,1126,
1393,,1802,1607,
1393,,1802,1608,
1393,,1803,1124,
1393,,1803,1125,
1393,,1803,1126,
1393,,1803,1606,
1393,,1803,1607,
1393,,1803,1608,
1393,,1804,1123,
1393,,1804,1124,
1393,,1804,1125,
1393,,1804,1126,
1393,,1804,1605,
1393,,1804,1606,
1393,,1804,1607,
1393,,1804,1608,
1393,,1805,1122,
1393,,1805,1123,
1393,,1805,1124,
1393,,1805,1125,
1393,,1805,1126,
1393,,1805,1604,
1393,,1805,1605,
1393,,1805,1606,
1393,,1805,1607,
1393,,1805,1608,
1393,,1806,1121,
1393,,1806,1122,
1393,,1806,1123,
1393,,1806,1124,
1393,,1806,1125,
1393,,1806,1126,
1393,,1806,1603,
1393,,1806,1604,
1393,,1806,1605,
1393,,1806,1606,
1393,,1806,1607,
1393,,1806,1608,
1393,,1807,1121,
1393,,1807,1122,
1393,,1807,1123,
1393,,1807,1124,
1393,,1807,1125,
1393,,1807,1126,
1393,,1807,1603,
1393,,1807,1604,
1393,,1807,1605,
1393,,1807,1606,
1393,,1807,1607,
1393,,1807,1608,
1393,,1808,1120,
1393,,1808,1121,
1393,,1808,1122,
1393,,1808,1123,
1393,,1808,1124,
1393,,1808,1125,
1393,,1808,1126,
1393,,1808,1410,
1393,,1808,1602,
1393,,1808,1603,
1393,,1808,1604,
1393,,1808,1605,
1393,,1808,1606,
1393,,1808,1607,
1393,,1809,1119,
1393,,1809,1120,
1393,,1809,1121,
1393,,1809,1122,
1393,,1809,1123,
1393,,1809,1124,
1393,,1809,1409,
1393,,1809,1410,
1393,,1809,1509,
1393,,1809,1601,
1393,,1809,1602,
1393,,1809,1603,
1393,,1809,1604,
1393,,1809,1605,
1393,,1809,1606,
1393,,1809,1607,
1393,,1809,2035,
1393,,1810,1118,
1393,,1810,1119,
1393,,1810,1120,
1393,,1810,1121,
1393,,1810,1122,
1393,,1810,1123,
1393,,1810,1124,
1393,,1810,1408,
1393,,1810,1409,
1393,,1810,1410,
1393,,1810,1509,
1393,,1810,1601,
1393,,1810,1602,
1393,,1810,1603,
1393,,1810,1604,
1393,,1810,1605,
1393,,1810,1606,
1393,,1810,2033,
1393,,1810,2034,
1393,,1810,2035,
1393,,1811,1118,
1393,,1811,1119,
1393,,1811,1120,
1393,,1811,1121,
1393,,1811,1122,
1393,,1811,1123,
1393,,1811,1407,
1393,,1811,1408,
1393,,1811,1409,
1393,,1811,1410,
1393,,1811,1508,
1393,,1811,1509,
1393,,1811,1601,
1393,,1811,1602,
1393,,1811,1603,
1393,,1811,1604,
1393,,1811,1605,
1393,,1811,2032,
1393,,1811,2033,
1393,,1811,2034,
1393,,1811,2035,
1393,,1901,1001,
1393,,1901,1002,
1393,,1901,1003,
1393,,1901,1004,
1393,,1901,1005,
1393,,1901,1006,
1393,,1901,1007,
1393,,1901,1008,
1393,,1901,1009,
1393,,1901,1010,
1393,,1901,1111,
1393,,1901,1112,
1393,,1901,1113,
1393,,1901,1114,
1393,,1901,1115,
1393,,1901,1116,
1393,,1901,1117,
1393,,1901,1118,
1393,,1901,1301,
1393,,1901,1302,
1393,,1901,1303,
1393,,1901,1304,
1393,,1901,1305,
1393,,1901,1401,
1393,,1901,1402,
1393,,1901,1403,
1393,,1901,1404,
1393,,1901,1405,
1393,,1901,1406,
1393,,1901,1407,
1393,,1901,1408,
1393,,1901,1501,
1393,,1901,1502,
1393,,1901,1503,
1393,,1901,1504,
1393,,1901,1505,
1393,,1901,1506,
1393,,1901,1507,
1393,,1901,1508,
1393,,1901,2024,
1393,,1901,2025,
1393,,1901,2026,
1393,,1901,2027,
1393,,1901,2028,
1393,,1901,2029,
1393,,1901,2030,
1393,,1901,2031,
1393,,1901,2032,
1393,,1901,2033,
1393,,1901,2034,
1393,,1902,1001,
1393,,1902,1002,
1393,,1902,1003,
1393,,1902,1004,
1393,,1902,1005,
1393,,1902,1006,
1393,,1902,1007,
1393,,1902,1008,
1393,,1902,1009,
1393,,1902,1010,
1393,,1902,1111,
1393,,1902,1112,
1393,,1902,1113,
1393,,1902,1114,
1393,,1902,1115,
1393,,1902,1116,
1393,,1902,1117,
1393,,1902,1118,
1393,,1902,1301,
1393,,1902,1302,
1393,,1902,1303,
1393,,1902,1304,
1393,,1902,1305,
1393,,1902,1401,
1393,,1902,1402,
1393,,1902,1403,
1393,,1902,1404,
1393,,1902,1405,
1393,,1902,1406,
1393,,1902,1407,
1393,,1902,1408,
1393,,1902,1501,
1393,,1902,1502,
1393,,1902,1503,
1393,,1902,1504,
1393,,1902,1505,
1393,,1902,1506,
1393,,1902,1507,
1393,,1902,1508,
1393,,1902,2024,
1393,,1902,2025,
1393,,1902,2026,
1393,,1902,2027,
1393,,1902,2028,
1393,,1902,2029,
1393,,1902,2030,
1393,,1902,2031,
1393,,1902,2032,
1393,,1902,2033,
1393,,1902,2034,
1393,,1903,1001,
1393,,1903,1002,
1393,,1903,1003,
1393,,1903,1004,
1393,,1903,1005,
1393,,1903,1006,
1393,,1903,1007,
1393,,1903,1008,
1393,,1903,1009,
1393,,1903,1010,
1393,,1903,1011,
1393,,1903,1012,
1393,,1903,1013,
1393,,1903,1109,
1393,,1903,1110,
1393,,1903,1111,
1393,,1903,1112,
1393,,1903,1113,
1393,,1903,1114,
1393,,1903,1115,
1393,,1903,1116,
1393,,1903,1117,
1393,,1903,1201,
1393,,1903,1202,
1393,,1903,1301,
1393,,1903,1302,
1393,,1903,1303,
1393,,1903,1304,
1393,,1903,1305,
1393,,1903,1401,
1393,,1903,1402,
1393,,1903,1403,
1393,,1903,1404,
1393,,1903,1405,
1393,,1903,1406,
1393,,1903,1501,
1393,,1903,1502,
1393,,1903,1503,
1393,,1903,1504,
1393,,1903,1505,
1393,,1903,1506,
1393,,1903,1507,
1393,,1903,2022,
1393,,1903,2023,
1393,,1903,2024,
1393,,1903,2025,
1393,,1903,2026,
1393,,1903,2027,
1393,,1903,2028,
1393,,1903,2029,
1393,,1903,2030,
1393,,1903,2031,
1393,,1904,1001,
1393,,1904,1002,
1393,,1904,1003,
1393,,1904,1004,
1393,,1904,1005,
1393,,1904,1006,
1393,,1904,1007,
1393,,1904,1008,
1393,,1904,1009,
1393,,1904,1010,
1393,,1904,1011,
1393,,1904,1012,
1393,,1904,1013,
1393,,1904,1014,
1393,,1904,1109,
1393,,1904,1110,
1393,,1904,1111,
1393,,1904,1112,
1393,,1904,1113,
1393,,1904,1114,
1393,,1904,1115,
1393,,1904,1201,
1393,,1904,1202,
1393,,1904,1301,
1393,,1904,1302,
1393,,1904,1303,
1393,,1904,1304,
1393,,1904,1305,
1393,,1904,1401,
1393,,1904,1402,
1393,,1904,1403,
1393,,1904,1404,
1393,,1904,1405,
1393,,1904,1501,
1393,,1904,1502,
1393,,1904,1503,
1393,,1904,1504,
1393,,1904,1505,
1393,,1904,1506,
1393,,1904,2020,
1393,,1904,2021,
1393,,1904,2022,
1393,,1904,2023,
1393,,1904,2024,
1393,,1904,2025,
1393,,1904,2026,
1393,,1904,2027,
1393,,1904,2028,
1393,,1904,2029,
1393,,1904,2030,
1393,,1905,1001,
1393,,1905,1002,
1393,,1905,1003,
1393,,1905,1004,
1393,,1905,1005,
1393,,1905,1006,
1393,,1905,1007,
1393,,1905,1008,
1393,,1905,1009,
1393,,1905,1010,
1393,,1905,1011,
1393,,1905,1012,
1393,,1905,1013,
1393,,1905,1014,
1393,,1905,1015,
1393,,1905,1016,
1393,,1905,1108,
1393,,1905,1109,
1393,,1905,1110,
1393,,1905,1111,
1393,,1905,1112,
1393,,1905,1113,
1393,,1905,1201,
1393,,1905,1202,
1393,,1905,1301,
1393,,1905,1302,
1393,,1905,1303,
1393,,1905,1304,
1393,,1905,1305,
1393,,1905,1401,
1393,,1905,1402,
1393,,1905,1403,
1393,,1905,1404,
1393,,1905,1501,
1393,,1905,1502,
1393,,1905,1503,
1393,,1905,2019,
1393,,1905,2020,
1393,,1905,2021,
1393,,1905,2022,
1393,,1905,2023,
1393,,1905,2024,
1393,,1905,2025,
1393,,1905,2026,
1393,,1905,2027,
1393,,1905,2028,
1393,,1905,2029,
1393,,1906,1001,
1393,,1906,1002,
1393,,1906,1003,
1393,,1906,1004,
1393,,1906,1005,
1393,,1906,1006,
1393,,1906,1007,
1393,,1906,1008,
1393,,1906,1009,
1393,,1906,1010,
1393,,1906,1011,
1393,,1906,1012,
1393,,1906,1013,
1393,,1906,1014,
1393,,1906,1015,
1393,,1906,1016,
1393,,1906,1107,
1393,,1906,1108,
1393,,1906,1109,
1393,,1906,1110,
1393,,1906,1111,
1393,,1906,1112,
1393,,1906,1113,
1393,,1906,1201,
1393,,1906,1202,
1393,,1906,1301,
1393,,1906,1302,
1393,,1906,1303,
1393,,1906,1304,
1393,,1906,1305,
1393,,1906,1401,
1393,,1906,1402,
1393,,1906,1403,
1393,,1906,1501,
1393,,1906,1502,
1393,,1906,1503,
1393,,1906,2019,
1393,,1906,2020,
1393,,1906,2021,
1393,,1906,2022,
1393,,1906,2023,
1393,,1906,2024,
1393,,1906,2025,
1393,,1906,2026,
1393,,1906,2027,
1393,,1906,2028,
1393,,1907,1002,
1393,,1907,1003,
1393,,1907,1004,
1393,,1907,1005,
1393,,1907,1006,
1393,,1907,1007,
1393,,1907,1008,
1393,,1907,1009,
1393,,1907,1010,
1393,,1907,1011,
1393,,1907,1012,
1393,,1907,1013,
1393,,1907,1014,
1393,,1907,1015,
1393,,1907,1016,
1393,,1907,1017,
1393,,1907,1018,
1393,,1907,1107,
1393,,1907,1108,
1393,,1907,1109,
1393,,1907,1110,
1393,,1907,1111,
1393,,1907,1112,
1393,,1907,1201,
1393,,1907,1202,
1393,,1907,1301,
1393,,1907,1302,
1393,,1907,1401,
1393,,1907,1402,
1393,,1907,1501,
1393,,1907,1502,
1393,,1907,2001,
1393,,1907,2018,
1393,,1907,2019,
1393,,1907,2020,
1393,,1907,2021,
1393,,1907,2022,
1393,,1907,2023,
1393,,1907,2024,
1393,,1907,2025,
1393,,1907,2026,
1393,,1907,2027,
1393,,1908,1005,
1393,,1908,1006,
1393,,1908,1007,
1393,,1908,1008,
1393,,1908,1009,
1393,,1908,1010,
1393,,1908,1011,
1393,,1908,1012,
1393,,1908,1013,
1393,,1908,1014,
1393,,1908,1015,
1393,,1908,1016,
1393,,1908,1017,
1393,,1908,1018,
1393,,1908,1019,
1393,,1908,1107,
1393,,1908,1108,
1393,,1908,1109,
1393,,1908,1110,
1393,,1908,1111,
1393,,1908,1112,
1393,,1908,1201,
1393,,1908,1202,
1393,,1908,1401,
1393,,1908,1402,
1393,,1908,1501,
1393,,1908,1502,
1393,,1908,2001,
1393,,1908,2002,
1393,,1908,2003,
1393,,1908,2016,
1393,,1908,2017,
1393,,1908,2018,
1393,,1908,2019,
1393,,1908,2020,
1393,,1908,2021,
1393,,1908,2022,
1393,,1908,2023,
1393,,1908,2024,
1393,,1908,2025,
1393,,1908,2026,
1393,,1909,1007,
1393,,1909,1008,
1393,,1909,1009,
1393,,1909,1010,
1393,,1909,1011,
1393,,1909,1012,
1393,,1909,1013,
1393,,1909,1014,
1393,,1909,1015,
1393,,1909,1016,
1393,,1909,1017,
1393,,1909,1018,
1393,,1909,1019,
1393,,1909,1020,
1393,,1909,1021,
1393,,1909,1106,
1393,,1909,1107,
1393,,1909,1108,
1393,,1909,1109,
1393,,1909,1110,
1393,,1909,1111,
1393,,1909,1201,
1393,,1909,1202,
1393,,1909,1401,
1393,,1909,1402,
1393,,1909,1501,
1393,,1909,1502,
1393,,1909,2001,
1393,,1909,2002,
1393,,1909,2003,
1393,,1909,2004,
1393,,1909,2015,
1393,,1909,2016,
1393,,1909,2017,
1393,,1909,2018,
1393,,1909,2019,
1393,,1909,2020,
1393,,1909,2021,
1393,,1909,2022,
1393,,1909,2023,
1393,,1909,2024,
1393,,1909,2025,
1393,,2001,1907,
1393,,2001,1908,
1393,,2001,1909,
1393,,2002,1908,
1393,,2002,1909,
1393,,2003,1908,
1393,,2003,1909,
1393,,2004,1909,
1393,,2015,1909,
1393,,2016,1908,
1393,,2016,1909,
1393,,2017,1908,
1393,,2017,1909,
1393,,2018,1907,
1393,,2018,1908,
1393,,2018,1909,
1393,,2019,1905,
1393,,2019,1906,
1393,,2019,1907,
1393,,2019,1908,
1393,,2019,1909,
1393,,2020,1726,
1393,,2020,1904,
1393,,2020,1905,
1393,,2020,1906,
1393,,2020,1907,
1393,,2020,1908,
1393,,2020,1909,
1393,,2021,1726,
1393,,2021,1904,
1393,,2021,1905,
1393,,2021,1906,
1393,,2021,1907,
1393,,2021,1908,
1393,,2021,1909,
1393,,2022,1726,
1393,,2022,1903,
1393,,2022,1904,
1393,,2022,1905,
1393,,2022,1906,
1393,,2022,1907,
1393,,2022,1908,
1393,,2022,1909,
1393,,2023,1726,
1393,,2023,1903,
1393,,2023,1904,
1393,,2023,1905,
1393,,2023,1906,
1393,,2023,1907,
1393,,2023,1908,
1393,,2023,1909,
1393,,2024,1724,
1393,,2024,1725,
1393,,2024,1726,
1393,,2024,1901,
1393,,2024,1902,
1393,,2024,1903,
1393,,2024,1904,
1393,,2024,1905,
1393,,2024,1906,
1393,,2024,1907,
1393,,2024,1908,
1393,,2024,1909,
1393,,2025,1724,
1393,,2025,1725,
1393,,2025,1726,
1393,,2025,1901,
1393,,2025,1902,
1393,,2025,1903,
1393,,2025,1904,
1393,,2025,1905,
1393,,2025,1906,
1393,,2025,1907,
1393,,2025,1908,
1393,,2025,1909,
1393,,2026,1724,
1393,,2026,1725,
1393,,2026,1726,
1393,,2026,1901,
1393,,2026,1902,
1393,,2026,1903,
1393,,2026,1904,
1393,,2026,1905,
1393,,2026,1906,
1393,,2026,1907,
1393,,2026,1908,
1393,,2027,1724,
1393,,2027,1725,
1393,,2027,1726,
1393,,2027,1901,
1393,,2027,1902,
1393,,2027,1903,
1393,,2027,1904,
1393,,2027,1905,
1393,,2027,1906,
1393,,2027,1907,
1393,,2028,1723,
1393,,2028,1724,
1393,,2028,1725,
1393,,2028,1726,
1393,,2028,1901,
1393,,2028,1902,
1393,,2028,1903,
1393,,2028,1904,
1393,,2028,1905,
1393,,2028,1906,
1393,,2029,1722,
1393,,2029,1723,
1393,,2029,1724,
1393,,2029,1725,
1393,,2029,1726,
1393,,2029,1901,
1393,,2029,1902,
1393,,2029,1903,
1393,,2029,1904,
1393,,2029,1905,
1393,,2030,1722,
1393,,2030,1723,
1393,,2030,1724,
1393,,2030,1725,
1393,,2030,1726,
1393,,2030,1901,
1393,,2030,1902,
1393,,2030,1903,
1393,,2030,1904,
1393,,2031,1721,
1393,,2031,1722,
1393,,2031,1723,
1393,,2031,1724,
1393,,2031,1725,
1393,,2031,1901,
1393,,2031,1902,
1393,,2031,1903,
1393,,2032,1125,
1393,,2032,1126,
1393,,2032,1608,
1393,,2032,1721,
1393,,2032,1722,
1393,,2032,1723,
1393,,2032,1724,
1393,,2032,1725,
1393,,2032,1811,
1393,,2032,1901,
1393,,2032,1902,
1393,,2033,1125,
1393,,2033,1126,
1393,,2033,1607,
1393,,2033,1608,
1393,,2033,1720,
1393,,2033,1721,
1393,,2033,1722,
1393,,2033,1723,
1393,,2033,1724,
1393,,2033,1725,
1393,,2033,1810,
1393,,2033,1811,
1393,,2033,1901,
1393,,2033,1902,
1393,,2034,1124,
1393,,2034,1125,
1393,,2034,1126,
1393,,2034,1606,
1393,,2034,1607,
1393,,2034,1608,
1393,,2034,1720,
1393,,2034,1721,
1393,,2034,1722,
1393,,2034,1723,
1393,,2034,1724,
1393,,2034,1810,
1393,,2034,1811,
1393,,2034,1901,
1393,,2034,1902,
1393,,2035,1124,
1393,,2035,1125,
1393,,2035,1126,
1393,,2035,1606,
1393,,2035,1607,
1393,,2035,1608,
1393,,2035,1720,
1393,,2035,1721,
1393,,2035,1722,
1393,,2035,1723,
1393,,2035,1809,
1393,,2035,1810,
1393,,2035,1811,
157,,1001,1002,
157,,1001,1003,
157,,1001,1004,
157,,1001,1005,
157,,1001,1301,
157,,1001,1302,
157,,1002,1001,
157,,1002,1003,
157,,1002,1004,
157,,1002,1005,
157,,1002,1006,
157,,1002,1301,
157,,1002,1302,
157,,1002,1303,
157,,1002,1304,
157,,1003,1001,
157,,1003,1002,
157,,1003,1004,
157,,1003,1005,
157,,1003,1006,
157,,1003,1301,
157,,1003,1302,
157,,1003,1303,
157,,1003,1304,
157,,1004,1001,
157,,1004,1002,
157,,1004,1003,
157,,1004,1004,
157,,1004,1005,
157,,1004,1006,
157,,1004,1007,
157,,1004,1008,
157,,1004,1301,
157,,1004,1302,
157,,1004,1303,
157,,1004,1304,
157,,1004,1305,
157,,1005,1001,
157,,1005,1002,
157,,1005,1003,
157,,1005,1004,
157,,1005,1006,
157,,1005,1007,
157,,1005,1008,
157,,1005,1009,
157,,1005,1301,
157,,1005,1302,
157,,1005,1303,
157,,1005,1304,
157,,1006,1002,
157,,1006,1003,
157,,1006,1004,
157,,1006,1005,
157,,1006,1007,
157,,1006,1008,
157,,1006,1009,
157,,1006,1010,
157,,1006,1301,
157,,1006,1302,
157,,1006,1303,
157,,1007,1004,
157,,1007,1005,
157,,1007,1006,
157,,1007,1008,
157,,1007,1009,
157,,1007,1010,
157,,1007,1011,
157,,1007,1301,
157,,1008,1004,
157,,1008,1005,
157,,1008,1006,
157,,1008,1007,
157,,1008,1009,
157,,1008,1010,
157,,1008,1011,
157,,1008,1301,
157,,1009,1005,
157,,1009,1006,
157,,1009,1007,
157,,1009,1008,
157,,1009,1010,
157,,1009,1011,
157,,1009,1012,
157,,1010,1006,
157,,1010,1007,
157,,1010,1008,
157,,1010,1009,
157,,1010,1011,
157,,1010,1012,
157,,1010,1013,
157,,1010,1201,
157,,1011,1007,
157,,1011,1008,
157,,1011,1009,
157,,1011,1010,
157,,1011,1012,
157,,1011,1013,
157,,1011,1201,
157,,1011,1202,
157,,1012,1009,
157,,1012,1010,
157,,1012,1011,
157,,1012,1013,
157,,1012,1014,
157,,1012,1201,
157,,1012,1202,
157,,1013,1010,
157,,1013,1011,
157,,1013,1012,
157,,1013,1013,
157,,1013,1014,
157,,1013,1201,
157,,1013,1202,
157,,1014,1012,
157,,1014,1013,
157,,1014,1015,
157,,1014,1201,
157,,1014,1202,
157,,1015,1014,
157,,1015,1016,
157,,1015,1017,
157,,1016,1015,
157,,1016,1017,
157,,1016,1018,
157,,1017,1015,
157,,1017,1016,
157,,1017,1018,
157,,1017,1019,
157,,1017,1020,
157,,1018,1016,
157,,1018,1017,
157,,1018,1019,
157,,1018,1020,
157,,1018,1021,
157,,1019,1017,
157,,1019,1018,
157,,1019,1020,
157,,1019,1021,
157,,1020,1017,
157,,1020,1018,
157,,1020,1019,
157,,1020,1021,
157,,1020,1022,
157,,1021,1018,
157,,1021,1019,
157,,1021,1020,
157,,1021,1022,
157,,1022,1020,
157,,1022,1021,
157,,1022,1023,
157,,1022,1024,
157,,1023,1022,
157,,1023,1024,
157,,1023,1025,
157,,1024,1022,
157,,1024,1023,
157,,1024,1025,
157,,1024,1026,
157,,1025,1023,
157,,1025,1024,
157,,1025,1026,
157,,1026,1024,
157,,1026,1025,
157,,1026,1027,
157,,1026,1028,
157,,1026,2009,
157,,1026,2010,
157,,1027,1026,
157,,1027,1027,
157,,1027,1028,
157,,1027,1029,
157,,1027,2008,
157,,1027,2009,
157,,1027,2010,
157,,1027,2011,
157,,1028,1026,
157,,1028,1027,
157,,1028,1029,
157,,1028,2009,
157,,1028,2010,
157,,1029,1027,
157,,1029,1028,
157,,1029,1030,
157,,1029,1101,
157,,1029,1701,
157,,1029,2010,
157,,1030,1029,
157,,1030,1030,
157,,1030,1101,
157,,1030,1102,
157,,1030,1701,
157,,1030,1702,
157,,1101,1029,
157,,1101,1030,
157,,1101,1101,
157,,1101,1102,
157,,1101,1701,
157,,1101,1702,
157,,1102,1030,
157,,1102,1101,
157,,1102,1103,
157,,1102,1701,
157,,1103,1102,
157,,1104,1105,
157,,1105,1104,
157,,1105,1106,
157,,1106,1105,
157,,1107,1108,
157,,1108,1107,
157,,1109,1110,
157,,1110,1109,
157,,1110,1111,
157,,1110,1401,
157,,1110,1501,
157,,1111,1110,
157,,1111,1111,
157,,1111,1112,
157,,1111,1401,
157,,1111,1402,
157,,1111,1501,
157,,1111,1502,
157,,1112,1111,
157,,1112,1113,
157,,1112,1401,
157,,1112,1501,
157,,1113,1112,
157,,1113,1114,
157,,1113,1115,
157,,1114,1113,
157,,1114,1115,
157,,1114,1116,
157,,1115,1113,
157,,1115,1114,
157,,1115,1116,
157,,1115,1117,
157,,1116,1114,
157,,1116,1115,
157,,1116,1117,
157,,1117,1115,
157,,1117,1116,
157,,1117,1118,
157,,1118,1117,
157,,1118,1119,
157,,1118,1509,
157,,1118,1601,
157,,1119,1118,
157,,1119,1119,
157,,1119,1120,
157,,1119,1509,
157,,1119,1601,
157,,1119,1602,
157,,1120,1119,
157,,1120,1121,
157,,1120,1509,
157,,1120,1601,
157,,1121,1120,
157,,1121,1122,
157,,1122,1121,
157,,1122,1123,
157,,1123,1122,
157,,1123,1124,
157,,1124,1123,
157,,1124,1125,
157,,1125,1124,
157,,1125,1126,
157,,1126,1125,
157,,1201,1010,
157,,1201,1011,
157,,1201,1012,
157,,1201,1013,
157,,1201,1014,
157,,1201,1201,
157,,1201,1202,
157,,1202,1011,
157,,1202,1012,
157,,1202,1013,
157,,1202,1014,
157,,1202,1201,
157,,1301,1001,
157,,1301,1002,
157,,1301,1003,
157,,1301,1004,
157,,1301,1005,
157,,1301,1006,
157,,1301,1007,
157,,1301,1008,
157,,1301,1301,
157,,1301,1302,
157,,1301,1303,
157,,1301,1304,
157,,1301,1305,
157,,1302,1001,
157,,1302,1002,
157,,1302,1003,
157,,1302,1004,
157,,1302,1005,
157,,1302,1006,
157,,1302,1301,
157,,1302,1303,
157,,1302,1304,
157,,1302,1305,
157,,1303,1002,
157,,1303,1003,
157,,1303,1004,
157,,1303,1005,
157,,1303,1006,
157,,1303,1301,
157,,1303,1302,
157,,1303,1304,
157,,1303,1305,
157,,1304,1002,
157,,1304,1003,
157,,1304,1004,
157,,1304,1005,
157,,1304,1301,
157,,1304,1302,
157,,1304,1303,
157,,1304,1305,
157,,1305,1004,
157,,1305,1301,
157,,1305,1302,
157,,1305,1303,
157,,1305,1304,
157,,1401,1110,
157,,1401,1111,
157,,1401,1112,
157,,1401,1401,
157,,1401,1402,
157,,1401,1501,
157,,1401,1502,
157,,1402,1111,
157,,1402,1401,
157,,1402,1501,
157,,1403,1404,
157,,1404,1403,
157,,1404,1405,
157,,1405,1404,
157,,1405,1406,
157,,1405,1407,
157,,1406,1405,
157,,1406,1407,
157,,1407,1405,
157,,1407,1406,
157,,1407,1408,
157,,1408,1407,
157,,1408,1409,
157,,1409,1408,
157,,1409,1410,
157,,1410,1409,
157,,1501,1110,
157,,1501,1111,
157,,1501,1112,
157,,1501,1401,
157,,1501,1402,
157,,1501,1501,
157,,1501,1502,
157,,1502,1111,
157,,1502,1401,
157,,1502,1501,
157,,1503,1504,
157,,1504,1503,
157,,1504,1505,
157,,1504,1506,
157,,1504,1507,
157,,1505,1504,
157,,1505,1505,
157,,1505,1506,
157,,1505,1507,
157,,1506,1504,
157,,1506,1505,
157,,1506,1507,
157,,1507,1504,
157,,1507,1505,
157,,1507,1506,
157,,1509,1118,
157,,1509,1119,
157,,1509,1120,
157,,1509,1509,
157,,1509,1601,
157,,1509,1602,
157,,1601,1118,
157,,1601,1119,
157,,1601,1120,
157,,1601,1509,
157,,1601,1601,
157,,1601,1602,
157,,1602,1119,
157,,1602,1509,
157,,1602,1601,
157,,1602,1603,
157,,1603,1602,
157,,1603,1604,
157,,1604,1603,
157,,1604,1605,
157,,1605,1604,
157,,1605,1606,
157,,1605,1607,
157,,1606,1605,
157,,1606,1607,
157,,1607,1605,
157,,1607,1606,
157,,1607,1608,
157,,1608,1607,
157,,1701,1029,
157,,1701,1030,
157,,1701,1101,
157,,1701,1102,
157,,1701,1701,
157,,1701,1702,
157,,1702,1030,
157,,1702,1101,
157,,1702,1701,
157,,1702,1703,
157,,1703,1702,
157,,1704,1705,
157,,1705,1704,
157,,1706,1707,
157,,1707,1706,
157,,1707,1708,
157,,1708,1707,
157,,1708,1709,
157,,1709,1708,
157,,1710,1711,
157,,1711,1710,
157,,1712,1713,
157,,1712,1801,
157,,1713,1712,
157,,1713,1713,
157,,1713,1714,
157,,1713,1801,
157,,1713,1802,
157,,1713,1803,
157,,1714,1713,
157,,1714,1715,
157,,1714,1801,
157,,1715,1714,
157,,1717,1718,
157,,1718,1717,
157,,1718,1719,
157,,1719,1718,
157,,1719,1720,
157,,1720,1719,
157,,1721,1722,
157,,1722,1721,
157,,1722,1723,
157,,1723,1722,
157,,1724,1724,
157,,1724,1725,
157,,1724,1901,
157,,1724,1902,
157,,1725,1724,
157,,1725,1901,
157,,1725,1902,
157,,1801,1712,
157,,1801,1713,
157,,1801,1714,
157,,1801,1801,
157,,1801,1802,
157,,1801,1803,
157,,1802,1713,
157,,1802,1801,
157,,1802,1803,
157,,1803,1713,
157,,1803,1801,
157,,1803,1802,
157,,1803,1804,
157,,1804,1803,
157,,1804,1805,
157,,1805,1804,
157,,1805,1806,
157,,1805,1807,
157,,1806,1805,
157,,1806,1807,
157,,1807,1805,
157,,1807,1806,
157,,1807,1808,
157,,1808,1807,
157,,1808,1809,
157,,1808,1810,
157,,1809,1808,
157,,1809,1810,
157,,1809,1811,
157,,1810,1808,
157,,1810,1809,
157,,1810,1811,
157,,1811,1809,
157,,1811,1810,
157,,1901,1724,
157,,1901,1725,
157,,1901,1901,
157,,1901,1902,
157,,1902,1724,
157,,1902,1725,
157,,1902,1901,
157,,1902,1903,
157,,1903,1902,
157,,1903,1904,
157,,1904,1903,
157,,1904,1905,
157,,1904,1906,
157,,1905,1904,
157,,1905,1906,
157,,1905,1907,
157,,1906,1904,
157,,1906,1905,
157,,1906,1907,
157,,1906,1908,
157,,1907,1905,
157,,1907,1906,
157,,1907,1908,
157,,1907,1909,
157,,1908,1906,
157,,1908,1907,
157,,1908,1909,
157,,1909,1907,
157,,1909,1908,
157,,2001,2002,
157,,2001,2003,
157,,2001,2004,
157,,2002,2001,
157,,2002,2003,
157,,2002,2004,
157,,2003,2001,
157,,2003,2002,
157,,2003,2004,
157,,2003,2005,
157,,2004,2001,
157,,2004,2002,
157,,2004,2003,
157,,2004,2005,
157,,2005,2003,
157,,2005,2004,
157,,2005,2006,
157,,2006,2005,
157,,2006,2007,
157,,2006,2008,
157,,2007,2006,
157,,2007,2008,
157,,2007,2009,
157,,2008,1027,
157,,2008,2006,
157,,2008,2007,
157,,2008,2009,
157,,2008,2010,
157,,2009,1026,
157,,2009,1027,
157,,2009,1028,
157,,2009,2007,
157,,2009,2008,
157,,2009,2010,
157,,2009,2011,
157,,2010,1026,
157,,2010,1027,
157,,2010,1028,
157,,2010,1029,
157,,2010,2008,
157,,2010,2009,
157,,2010,2010,
157,,2010,2011,
157,,2011,1027,
157,,2011,2009,
157,,2011,2010,
157,,2011,2012,
157,,2012,2011,
157,,2012,2013,
157,,2013,2012,
157,,2013,2014,
157,,2013,2015,
157,,2014,2013,
157,,2014,2015,
157,,2014,2016,
157,,2014,2017,
157,,2015,2013,
157,,2015,2014,
157,,2015,2016,
157,,2015,2017,
157,,2016,2014,
157,,2016,2015,
157,,2016,2017,
157,,2016,2018,
157,,2017,2014,
157,,2017,2015,
157,,2017,2016,
157,,2017,2018,
157,,2018,2016,
157,,2018,2017,
157,,2018,2019,
157,,2019,2018,
157,,2019,2020,
157,,2019,2021,
157,,2020,2019,
157,,2020,2021,
157,,2020,2022,
157,,2021,2019,
157,,2021,2020,
157,,2021,2022,
157,,2021,2023,
157,,2022,2020,
157,,2022,2021,
157,,2022,2023,
157,,2023,2021,
157,,2023,2022,
157,,2023,2024,
157,,2024,2023,
157,,2024,2025,
157,,2025,2024,
157,,2025,2026,
157,,2025,2027,
157,,2026,2025,
157,,2026,2027,
157,,2026,2028,
157,,2027,2025,
157,,2027,2026,
157,,2027,2028,
157,,2027,2029,
157,,2028,2026,
157,,2028,2027,
157,,2028,2029,
157,,2028,2030,
157,,2029,2027,
157,,2029,2028,
157,,2029,2030,
157,,2029,2031,
157,,2030,2028,
157,,2030,2029,
157,,2030,2031,
157,,2031,2029,
157,,2031,2030,
157,,2031,2032,
157,,2032,2031,
157,,2032,2033,
157,,2032,2034,
157,,2033,2032,
157,,2033,2034,
157,,2033,2035,
157,,2034,2032,
157,,2034,2033,
157,,2034,2035,
157,,2035,2033,
157,,2035,2034,
157,,2101,2102,
157,,2101,2103,
157,,2101,2104,
157,,2101,2105,
157,,2102,2101,
157,,2102,2103,
157,,2102,2104,
157,,2102,2105,
157,,2102,2106,
157,,2103,2101,
157,,2103,2102,
157,,2103,2104,
157,,2103,2105,
157,,2103,2106,
157,,2103,2107,
157,,2104,2101,
157,,2104,2102,
157,,2104,2103,
157,,2104,2105,
157,,2104,2106,
157,,2104,2107,
157,,2105,2101,
157,,2105,2102,
157,,2105,2103,
157,,2105,2104,
157,,2105,2106,
157,,2105,2107,
157,,2105,2108,
157,,2106,2102,
157,,2106,2103,
157,,2106,2104,
157,,2106,2105,
157,,2106,2107,
157,,2106,2108,
157,,2107,2103,
157,,2107,2104,
157,,2107,2105,
157,,2107,2106,
157,,2107,2108,
157,,2107,2109,
157,,2108,2105,
157,,2108,2106,
157,,2108,2107,
157,,2108,2109,
157,,2108,2110,
157,,2109,2107,
157,,2109,2108,
157,,2109,2110,
157,,2109,2111,
157,,2110,2108,
157,,2110,2109,
157,,2110,2111,
157,,2110,2112,
157,,2111,2109,
157,,2111,2110,
157,,2111,2112,
157,,2111,2113,
157,,2112,2110,
157,,2112,2111,
157,,2112,2113,
157,,2112,2114,
157,,2113,2111,
157,,2113,2112,
157,,2113,2114,
157,,2113,2115,
157,,2114,2112,
157,,2114,2113,
157,,2114,2115,
157,,2114,2116,
157,,2115,2113,
157,,2115,2114,
157,,2115,2116,
157,,2115,2117,
157,,2116,2114,
157,,2116,2115,
157,,2116,2117,
157,,2116,2118,
157,,2117,2115,
157,,2117,2116,
157,,2117,2118,
157,,2117,2119,
157,,2118,2116,
157,,2118,2117,
157,,2118,2119,
157,,2119,2117,
157,,2119,2118,
157,,2119,2120,
157,,2120,2119,
157,,2120,2121,
157,,2120,2122,
157,,2121,2120,
157,,2121,2122,
157,,2122,2120,
157,,2122,2121,
157,,2122,2123,
157,,2123,2122,
157,,2123,2124,
157,,2124,2123,
157,,2124,2125,
157,,2124,2126,
157,,2124,2201,
157,,2125,2124,
157,,2125,2126,
157,,2125,2127,
157,,2125,2201,
157,,2126,2124,
157,,2126,2125,
157,,2126,2126,
157,,2126,2127,
157,,2126,2201,
157,,2126,2202,
157,,2127,2125,
157,,2127,2126,
157,,2127,2128,
157,,2127,2201,
157,,2128,2127,
157,,2128,2129,
157,,2129,2128,
157,,2129,2130,
157,,2130,2129,
157,,2130,2131,
157,,2131,2130,
157,,2131,2132,
157,,2132,2131,
157,,2133,2134,
157,,2134,2133,
157,,2134,2135,
157,,2134,2136,
157,,2135,2134,
157,,2135,2136,
157,,2136,2134,
157,,2136,2135,
157,,2136,2137,
157,,2136,2138,
157,,2137,2136,
157,,2137,2138,
157,,2137,2139,
157,,2138,2136,
157,,2138,2137,
157,,2138,2139,
157,,2139,2137,
157,,2139,2138,
157,,2201,2124,
157,,2201,2125,
157,,2201,2126,
157,,2201,2127,
157,,2201,2201,
157,,2201,2202,
157,,2202,2126,
157,,2202,2201,
157,,2202,2203,
157,,2202,2204,
157,,2203,2202,
157,,2203,2204,
157,,2203,2205,
157,,2204,2202,
157,,2204,2203,
157,,2204,2205,
157,,2204,2206,
157,,2204,2207,
157,,2205,2203,
157,,2205,2204,
157,,2205,2206,
157,,2205,2207,
157,,2205,2208,
157,,2206,2204,
157,,2206,2205,
157,,2206,2207,
157,,2206,2208,
157,,2207,2204,
157,,2207,2205,
157,,2207,2206,
157,,2207,2208,
157,,2208,2205,
157,,2208,2206,
157,,2208,2207,
1581,,1001,1907,
1581,,1001,1908,
1581,,1001,1909,
1581,,1002,1908,
1581,,1002,1909,
1581,,1003,1908,
1581,,1003,1909,
1581,,1004,1908,
1581,,1004,1909,
1581,,1005,1909,
1581,,1006,1909,
1581,,1112,1909,
1581,,1113,1907,
1581,,1113,1908,
1581,,1113,1909,
1581,,1114,1905,
1581,,1114,1906,
1581,,1114,1907,
1581,,1114,1908,
1581,,1114,1909,
1581,,1115,1905,
1581,,1115,1906,
1581,,1115,1907,
1581,,1115,1908,
1581,,1115,1909,
1581,,1116,1726,
1581,,1116,1904,
1581,,1116,1905,
1581,,1116,1906,
1581,,1116,1907,
1581,,1116,1908,
1581,,1116,1909,
1581,,1117,1726,
1581,,1117,1904,
1581,,1117,1905,
1581,,1117,1906,
1581,,1117,1907,
1581,,1117,1908,
1581,,1117,1909,
1581,,1118,1726,
1581,,1118,1903,
1581,,1118,1904,
1581,,1118,1905,
1581,,1118,1906,
1581,,1118,1907,
1581,,1118,1908,
1581,,1118,1909,
1581,,1119,1724,
1581,,1119,1725,
1581,,1119,1726,
1581,,1119,1901,
1581,,1119,1902,
1581,,1119,1903,
1581,,1119,1904,
1581,,1119,1905,
1581,,1119,1906,
1581,,1119,1907,
1581,,1119,1908,
1581,,1119,1909,
1581,,1120,1724,
1581,,1120,1725,
1581,,1120,1726,
1581,,1120,1901,
1581,,1120,1902,
1581,,1120,1903,
1581,,1120,1904,
1581,,1120,1905,
1581,,1120,1906,
1581,,1120,1907,
1581,,1120,1908,
1581,,1120,1909,
1581,,1121,1723,
1581,,1121,1724,
1581,,1121,1725,
1581,,1121,1726,
1581,,1121,1901,
1581,,1121,1902,
1581,,1121,1903,
1581,,1121,1904,
1581,,1121,1905,
1581,,1121,1906,
1581,,1121,1907,
1581,,1121,1908,
1581,,1121,1909,
1581,,1122,1722,
1581,,1122,1723,
1581,,1122,1724,
1581,,1122,1725,
1581,,1122,1726,
1581,,1122,1901,
1581,,1122,1902,
1581,,1122,1903,
1581,,1122,1904,
1581,,1122,1905,
1581,,1122,1906,
1581,,1122,1907,
1581,,1122,1908,
1581,,1122,1909,
1581,,1123,1721,
1581,,1123,1722,
1581,,1123,1723,
1581,,1123,1724,
1581,,1123,1725,
1581,,1123,1726,
1581,,1123,1901,
1581,,1123,1902,
1581,,1123,1903,
1581,,1123,1904,
1581,,1123,1905,
1581,,1123,1906,
1581,,1123,1907,
1581,,1123,1908,
1581,,1123,1909,
1581,,1124,1721,
1581,,1124,1722,
1581,,1124,1723,
1581,,1124,1724,
1581,,1124,1725,
1581,,1124,1726,
1581,,1124,1811,
1581,,1124,1901,
1581,,1124,1902,
1581,,1124,1903,
1581,,1124,1904,
1581,,1124,1905,
1581,,1124,1906,
1581,,1124,1907,
1581,,1124,1908,
1581,,1124,1909,
1581,,1125,1720,
1581,,1125,1721,
1581,,1125,1722,
1581,,1125,1723,
1581,,1125,1724,
1581,,1125,1725,
1581,,1125,1726,
1581,,1125,1809,
1581,,1125,1810,
1581,,1125,1811,
1581,,1125,1901,
1581,,1125,1902,
1581,,1125,1903,
1581,,1125,1904,
1581,,1125,1905,
1581,,1125,1906,
1581,,1125,1907,
1581,,1125,1908,
1581,,1125,1909,
1581,,1126,1719,
1581,,1126,1720,
1581,,1126,1721,
1581,,1126,1722,
1581,,1126,1723,
1581,,1126,1724,
1581,,1126,1725,
1581,,1126,1726,
1581,,1126,1809,
1581,,1126,1810,
1581,,1126,1811,
1581,,1126,1901,
1581,,1126,1902,
1581,,1126,1903,
1581,,1126,1904,
1581,,1126,1905,
1581,,1126,1906,
1581,,1126,1907,
1581,,1126,1908,
1581,,1126,1909,
1581,,1301,1908,
1581,,1301,1909,
1581,,1302,1908,
1581,,1302,1909,
1581,,1303,1907,
1581,,1303,1908,
1581,,1303,1909,
1581,,1304,1907,
1581,,1304,1908,
1581,,1304,1909,
1581,,1305,1907,
1581,,1305,1908,
1581,,1305,1909,
1581,,1403,1907,
1581,,1403,1908,
1581,,1403,1909,
1581,,1404,1906,
1581,,1404,1907,
1581,,1404,1908,
1581,,1404,1909,
1581,,1405,1905,
1581,,1405,1906,
1581,,1405,1907,
1581,,1405,1908,
1581,,1405,1909,
1581,,1406,1726,
1581,,1406,1904,
1581,,1406,1905,
1581,,1406,1906,
1581,,1406,1907,
1581,,1406,1908,
1581,,1406,1909,
1581,,1407,1726,
1581,,1407,1903,
1581,,1407,1904,
1581,,1407,1905,
1581,,1407,1906,
1581,,1407,1907,
1581,,1407,1908,
1581,,1407,1909,
1581,,1408,1726,
1581,,1408,1903,
1581,,1408,1904,
1581,,1408,1905,
1581,,1408,1906,
1581,,1408,1907,
1581,,1408,1908,
1581,,1408,1909,
1581,,1409,1724,
1581,,1409,1725,
1581,,1409,1726,
1581,,1409,1901,
1581,,1409,1902,
1581,,1409,1903,
1581,,1409,1904,
1581,,1409,1905,
1581,,1409,1906,
1581,,1409,1907,
1581,,1409,1908,
1581,,1409,1909,
1581,,1410,1724,
1581,,1410,1725,
1581,,1410,1726,
1581,,1410,1901,
1581,,1410,1902,
1581,,1410,1903,
1581,,1410,1904,
1581,,1410,1905,
1581,,1410,1906,
1581,,1410,1907,
1581,,1410,1908,
1581,,1410,1909,
1581,,1503,1907,
1581,,1503,1908,
1581,,1503,1909,
1581,,1504,1905,
1581,,1504,1906,
1581,,1504,1907,
1581,,1504,1908,
1581,,1504,1909,
1581,,1505,1905,
1581,,1505,1906,
1581,,1505,1907,
1581,,1505,1908,
1581,,1505,1909,
1581,,1506,1905,
1581,,1506,1906,
1581,,1506,1907,
1581,,1506,1908,
1581,,1506,1909,
1581,,1507,1726,
1581,,1507,1904,
1581,,1507,1905,
1581,,1507,1906,
1581,,1507,1907,
1581,,1507,1908,
1581,,1507,1909,
1581,,1508,1726,
1581,,1508,1903,
1581,,1508,1904,
1581,,1508,1905,
1581,,1508,1906,
1581,,1508,1907,
1581,,1508,1908,
1581,,1508,1909,
1581,,1509,1724,
1581,,1509,1725,
1581,,1509,1726,
1581,,1509,1901,
1581,,1509,1902,
1581,,1509,1903,
1581,,1509,1904,
1581,,1509,1905,
1581,,1509,1906,
1581,,1509,1907,
1581,,1509,1908,
1581,,1509,1909,
1581,,1601,1724,
1581,,1601,1725,
1581,,1601,1726,
1581,,1601,1901,
1581,,1601,1902,
1581,,1601,1903,
1581,,1601,1904,
1581,,1601,1905,
1581,,1601,1906,
1581,,1601,1907,
1581,,1601,1908,
1581,,1601,1909,
1581,,1602,1724,
1581,,1602,1725,
1581,,1602,1726,
1581,,1602,1901,
1581,,1602,1902,
1581,,1602,1903,
1581,,1602,1904,
1581,,1602,1905,
1581,,1602,1906,
1581,,1602,1907,
1581,,1602,1908,
1581,,1602,1909,
1581,,1603,1723,
1581,,1603,1724,
1581,,1603,1725,
1581,,1603,1726,
1581,,1603,1901,
1581,,1603,1902,
1581,,1603,1903,
1581,,1603,1904,
1581,,1603,1905,
1581,,1603,1906,
1581,,1603,1907,
1581,,1603,1908,
1581,,1603,1909,
1581,,1604,1722,
1581,,1604,1723,
1581,,1604,1724,
1581,,1604,1725,
1581,,1604,1726,
1581,,1604,1901,
1581,,1604,1902,
1581,,1604,1903,
1581,,1604,1904,
1581,,1604,1905,
1581,,1604,1906,
1581,,1604,1907,
1581,,1604,1908,
1581,,1604,1909,
1581,,1605,1721,
1581,,1605,1722,
1581,,1605,1723,
1581,,1605,1724,
1581,,1605,1725,
1581,,1605,1726,
1581,,1605,1901,
1581,,1605,1902,
1581,,1605,1903,
1581,,1605,1904,
1581,,1605,1905,
1581,,1605,1906,
1581,,1605,1907,
1581,,1605,1908,
1581,,1605,1909,
1581,,1606,1721,
1581,,1606,1722,
1581,,1606,1723,
1581,,1606,1724,
1581,,1606,1725,
1581,,1606,1726,
1581,,1606,1811,
1581,,1606,1901,
1581,,1606,1902,
1581,,1606,1903,
1581,,1606,1904,
1581,,1606,1905,
1581,,1606,1906,
1581,,1606,1907,
1581,,1606,1908,
1581,,1606,1909,
1581,,1607,1720,
1581,,1607,1721,
1581,,1607,1722,
1581,,1607,1723,
1581,,1607,1724,
1581,,1607,1725,
1581,,1607,1726,
1581,,1607,1810,
1581,,1607,1811,
1581,,1607,1901,
1581,,1607,1902,
1581,,1607,1903,
1581,,1607,1904,
1581,,1607,1905,
1581,,1607,1906,
1581,,1607,1907,
1581,,1607,1908,
1581,,1607,1909,
1581,,1608,1719,
1581,,1608,1720,
1581,,1608,1721,
1581,,1608,1722,
1581,,1608,1723,
1581,,1608,1724,
1581,,1608,1725,
1581,,1608,1726,
1581,,1608,1808,
1581,,1608,1809,
1581,,1608,1810,
1581,,1608,1811,
1581,,1608,1901,
1581,,1608,1902,
1581,,1608,1903,
1581,,1608,1904,
1581,,1608,1905,
1581,,1608,1906,
1581,,1608,1907,
1581,,1608,1908,
1581,,1608,1909,
1581,,1719,1126,
1581,,1719,1608,
1581,,1720,1125,
1581,,1720,1126,
1581,,1720,1607,
1581,,1720,1608,
1581,,1721,1123,
1581,,1721,1124,
1581,,1721,1125,
1581,,1721,1126,
1581,,1721,1605,
1581,,1721,1606,
1581,,1721,1607,
1581,,1721,1608,
1581,,1722,1122,
1581,,1722,1123,
1581,,1722,1124,
1581,,1722,1125,
1581,,1722,1126,
1581,,1722,1604,
1581,,1722,1605,
1581,,1722,1606,
1581,,1722,1607,
1581,,1722,1608,
1581,,1723,1121,
1581,,1723,1122,
1581,,1723,1123,
1581,,1723,1124,
1581,,1723,1125,
1581,,1723,1126,
1581,,1723,1603,
1581,,1723,1604,
1581,,1723,1605,
1581,,1723,1606,
1581,,1723,1607,
1581,,1723,1608,
1581,,1724,1119,
1581,,1724,1120,
1581,,1724,1121,
1581,,1724,1122,
1581,,1724,1123,
1581,,1724,1124,
1581,,1724,1125,
1581,,1724,1126,
1581,,1724,1409,
1581,,1724,1410,
1581,,1724,1509,
1581,,1724,1601,
1581,,1724,1602,
1581,,1724,1603,
1581,,1724,1604,
1581,,1724,1605,
1581,,1724,1606,
1581,,1724,1607,
1581,,1724,1608,
1581,,1724,2035,
1581,,1725,1119,
1581,,1725,1120,
1581,,1725,1121,
1581,,1725,1122,
1581,,1725,1123,
1581,,1725,1124,
1581,,1725,1125,
1581,,1725,1126,
1581,,1725,1409,
1581,,1725,1410,
1581,,1725,1509,
1581,,1725,1601,
1581,,1725,1602,
1581,,1725,1603,
1581,,1725,1604,
1581,,1725,1605,
1581,,1725,1606,
1581,,1725,1607,
1581,,1725,1608,
1581,,1725,2034,
1581,,1725,2035,
1581,,1726,1116,
1581,,1726,1117,
1581,,1726,1118,
1581,,1726,1119,
1581,,1726,1120,
1581,,1726,1121,
1581,,1726,1122,
1581,,1726,1123,
1581,,1726,1124,
1581,,1726,1125,
1581,,1726,1126,
1581,,1726,1406,
1581,,1726,1407,
1581,,1726,1408,
1581,,1726,1409,
1581,,1726,1410,
1581,,1726,1507,
1581,,1726,1508,
1581,,1726,1509,
1581,,1726,1601,
1581,,1726,1602,
1581,,1726,1603,
1581,,1726,1604,
1581,,1726,1605,
1581,,1726,1606,
1581,,1726,1607,
1581,,1726,1608,
1581,,1726,2031,
1581,,1726,2032,
1581,,1726,2033,
1581,,1726,2034,
1581,,1726,2035,
1581,,1808,1608,
1581,,1809,1125,
1581,,1809,1126,
1581,,1809,1608,
1581,,1810,1125,
1581,,1810,1126,
1581,,1810,1607,
1581,,1810,1608,
1581,,1811,1124,
1581,,1811,1125,
1581,,1811,1126,
1581,,1811,1606,
1581,,1811,1607,
1581,,1811,1608,
1581,,1901,1119,
1581,,1901,1120,
1581,,1901,1121,
1581,,1901,1122,
1581,,1901,1123,
1581,,1901,1124,
1581,,1901,1125,
1581,,1901,1126,
1581,,1901,1409,
1581,,1901,1410,
1581,,1901,1509,
1581,,1901,1601,
1581,,1901,1602,
1581,,1901,1603,
1581,,1901,1604,
1581,,1901,1605,
1581,,1901,1606,
1581,,1901,1607,
1581,,1901,1608,
1581,,1901,2035,
1581,,1902,1119,
1581,,1902,1120,
1581,,1902,1121,
1581,,1902,1122,
1581,,1902,1123,
1581,,1902,1124,
1581,,1902,1125,
1581,,1902,1126,
1581,,1902,1409,
1581,,1902,1410,
1581,,1902,1509,
1581,,1902,1601,
1581,,1902,1602,
1581,,1902,1603,
1581,,1902,1604,
1581,,1902,1605,
1581,,1902,1606,
1581,,1902,1607,
1581,,1902,1608,
1581,,1902,2035,
1581,,1903,1118,
1581,,1903,1119,
1581,,1903,1120,
1581,,1903,1121,
1581,,1903,1122,
1581,,1903,1123,
1581,,1903,1124,
1581,,1903,1125,
1581,,1903,1126,
1581,,1903,1407,
1581,,1903,1408,
1581,,1903,1409,
1581,,1903,1410,
1581,,1903,1508,
1581,,1903,1509,
1581,,1903,1601,
1581,,1903,1602,
1581,,1903,1603,
1581,,1903,1604,
1581,,1903,1605,
1581,,1903,1606,
1581,,1903,1607,
1581,,1903,1608,
1581,,1903,2032,
1581,,1903,2033,
1581,,1903,2034,
1581,,1903,2035,
1581,,1904,1116,
1581,,1904,1117,
1581,,1904,1118,
1581,,1904,1119,
1581,,1904,1120,
1581,,1904,1121,
1581,,1904,1122,
1581,,1904,1123,
1581,,1904,1124,
1581,,1904,1125,
1581,,1904,1126,
1581,,1904,1406,
1581,,1904,1407,
1581,,1904,1408,
1581,,1904,1409,
1581,,1904,1410,
1581,,1904,1507,
1581,,1904,1508,
1581,,1904,1509,
1581,,1904,1601,
1581,,1904,1602,
1581,,1904,1603,
1581,,1904,1604,
1581,,1904,1605,
1581,,1904,1606,
1581,,1904,1607,
1581,,1904,1608,
1581,,1904,2031,
1581,,1904,2032,
1581,,1904,2033,
1581,,1904,2034,
1581,,1904,2035,
1581,,1905,1114,
1581,,1905,1115,
1581,,1905,1116,
1581,,1905,1117,
1581,,1905,1118,
1581,,1905,1119,
1581,,1905,1120,
1581,,1905,1121,
1581,,1905,1122,
1581,,1905,1123,
1581,,1905,1124,
1581,,1905,1125,
1581,,1905,1126,
1581,,1905,1405,
1581,,1905,1406,
1581,,1905,1407,
1581,,1905,1408,
1581,,1905,1409,
1581,,1905,1410,
1581,,1905,1504,
1581,,1905,1505,
1581,,1905,1506,
1581,,1905,1507,
1581,,1905,1508,
1581,,1905,1509,
1581,,1905,1601,
1581,,1905,1602,
1581,,1905,1603,
1581,,1905,1604,
1581,,1905,1605,
1581,,1905,1606,
1581,,1905,1607,
1581,,1905,1608,
1581,,1905,2030,
1581,,1905,2031,
1581,,1905,2032,
1581,,1905,2033,
1581,,1905,2034,
1581,,1905,2035,
1581,,1906,1114,
1581,,1906,1115,
1581,,1906,1116,
1581,,1906,1117,
1581,,1906,1118,
1581,,1906,1119,
1581,,1906,1120,
1581,,1906,1121,
1581,,1906,1122,
1581,,1906,1123,
1581,,1906,1124,
1581,,1906,1125,
1581,,1906,1126,
1581,,1906,1404,
1581,,1906,1405,
1581,,1906,1406,
1581,,1906,1407,
1581,,1906,1408,
1581,,1906,1409,
1581,,1906,1410,
1581,,1906,1504,
1581,,1906,1505,
1581,,1906,1506,
1581,,1906,1507,
1581,,1906,1508,
1581,,1906,1509,
1581,,1906,1601,
1581,,1906,1602,
1581,,1906,1603,
1581,,1906,1604,
1581,,1906,1605,
1581,,1906,1606,
1581,,1906,1607,
1581,,1906,1608,
1581,,1906,2029,
1581,,1906,2030,
1581,,1906,2031,
1581,,1906,2032,
1581,,1906,2033,
1581,,1906,2034,
1581,,1906,2035,
1581,,1907,1001,
1581,,1907,1113,
1581,,1907,1114,
1581,,1907,1115,
1581,,1907,1116,
1581,,1907,1117,
1581,,1907,1118,
1581,,1907,1119,
1581,,1907,1120,
1581,,1907,1121,
1581,,1907,1122,
1581,,1907,1123,
1581,,1907,1124,
1581,,1907,1125,
1581,,1907,1126,
1581,,1907,1303,
1581,,1907,1304,
1581,,1907,1305,
1581,,1907,1403,
1581,,1907,1404,
1581,,1907,1405,
1581,,1907,1406,
1581,,1907,1407,
1581,,1907,1408,
1581,,1907,1409,
1581,,1907,1410,
1581,,1907,1503,
1581,,1907,1504,
1581,,1907,1505,
1581,,1907,1506,
1581,,1907,1507,
1581,,1907,1508,
1581,,1907,1509,
1581,,1907,1601,
1581,,1907,1602,
1581,,1907,1603,
1581,,1907,1604,
1581,,1907,1605,
1581,,1907,1606,
1581,,1907,1607,
1581,,1907,1608,
1581,,1907,2028,
1581,,1907,2029,
1581,,1907,2030,
1581,,1907,2031,
1581,,1907,2032,
1581,,1907,2033,
1581,,1907,2034,
1581,,1907,2035,
1581,,1908,1001,
1581,,1908,1002,
1581,,1908,1003,
1581,,1908,1004,
1581,,1908,1113,
1581,,1908,1114,
1581,,1908,1115,
1581,,1908,1116,
1581,,1908,1117,
1581,,1908,1118,
1581,,1908,1119,
1581,,1908,1120,
1581,,1908,1121,
1581,,1908,1122,
1581,,1908,1123,
1581,,1908,1124,
1581,,1908,1125,
1581,,1908,1126,
1581,,1908,1301,
1581,,1908,1302,
1581,,1908,1303,
1581,,1908,1304,
1581,,1908,1305,
1581,,1908,1403,
1581,,1908,1404,
1581,,1908,1405,
1581,,1908,1406,
1581,,1908,1407,
1581,,1908,1408,
1581,,1908,1409,
1581,,1908,1410,
1581,,1908,1503,
1581,,1908,1504,
1581,,1908,1505,
1581,,1908,1506,
1581,,1908,1507,
1581,,1908,1508,
1581,,1908,1509,
1581,,1908,1601,
1581,,1908,1602,
1581,,1908,1603,
1581,,1908,1604,
1581,,1908,1605,
1581,,1908,1606,
1581,,1908,1607,
1581,,1908,1608,
1581,,1908,2027,
1581,,1908,2028,
1581,,1908,2029,
1581,,1908,2030,
1581,,1908,2031,
1581,,1908,2032,
1581,,1908,2033,
1581,,1908,2034,
1581,,1908,2035,
1581,,1909,1001,
1581,,1909,1002,
1581,,1909,1003,
1581,,1909,1004,
1581,,1909,1005,
1581,,1909,1006,
1581,,1909,1112,
1581,,1909,1113,
1581,,1909,1114,
1581,,1909,1115,
1581,,1909,1116,
1581,,1909,1117,
1581,,1909,1118,
1581,,1909,1119,
1581,,1909,1120,
1581,,1909,1121,
1581,,1909,1122,
1581,,1909,1123,
1581,,1909,1124,
1581,,1909,1125,
1581,,1909,1126,
1581,,1909,1301,
1581,,1909,1302,
1581,,1909,1303,
1581,,1909,1304,
1581,,1909,1305,
1581,,1909,1403,
1581,,1909,1404,
1581,,1909,1405,
1581,,1909,1406,
1581,,1909,1407,
1581,,1909,1408,
1581,,1909,1409,
1581,,1909,1410,
1581,,1909,1503,
1581,,1909,1504,
1581,,1909,1505,
1581,,1909,1506,
1581,,1909,1507,
1581,,1909,1508,
1581,,1909,1509,
1581,,1909,1601,
1581,,1909,1602,
1581,,1909,1603,
1581,,1909,1604,
1581,,1909,1605,
1581,,1909,1606,
1581,,1909,1607,
1581,,1909,1608,
1581,,1909,2026,
1581,,1909,2027,
1581,,1909,2028,
1581,,1909,2029,
1581,,1909,2030,
1581,,1909,2031,
1581,,1909,2032,
1581,,1909,2033,
1581,,1909,2034,
1581,,1909,2035,
1581,,2026,1909,
1581,,2027,1908,
1581,,2027,1909,
1581,,2028,1907,
1581,,2028,1908,
1581,,2028,1909,
1581,,2029,1906,
1581,,2029,1907,
1581,,2029,1908,
1581,,2029,1909,
1581,,2030,1905,
1581,,2030,1906,
1581,,2030,1907,
1581,,2030,1908,
1581,,2030,1909,
1581,,2031,1726,
1581,,2031,1904,
1581,,2031,1905,
1581,,2031,1906,
1581,,2031,1907,
1581,,2031,1908,
1581,,2031,1909,
1581,,2032,1726,
1581,,2032,1903,
1581,,2032,1904,
1581,,2032,1905,
1581,,2032,1906,
1581,,2032,1907,
1581,,2032,1908,
1581,,2032,1909,
1581,,2033,1726,
1581,,2033,1903,
1581,,2033,1904,
1581,,2033,1905,
1581,,2033,1906,
1581,,2033,1907,
1581,,2033,1908,
1581,,2033,1909,
1581,,2034,1725,
1581,,2034,1726,
1581,,2034,1903,
1581,,2034,1904,
1581,,2034,1905,
1581,,2034,1906,
1581,,2034,1907,
1581,,2034,1908,
1581,,2034,1909,
1581,,2035,1724,
1581,,2035,1725,
1581,,2035,1726,
1581,,2035,1901,
1581,,2035,1902,
1581,,2035,1903,
1581,,2035,1904,
1581,,2035,1905,
1581,,2035,1906,
1581,,2035,1907,
1581,,2035,1908,
1581,,2035,1909,
178,,1001,1006,
178,,1001,1007,
178,,1001,1008,
178,,1001,1303,
178,,1001,1304,
178,,1001,1305,
178,,1002,1007,
178,,1002,1008,
178,,1002,1009,
178,,1002,1305,
178,,1003,1007,
178,,1003,1008,
178,,1003,1009,
178,,1003,1305,
178,,1004,1009,
178,,1004,1010,
178,,1004,1011,
178,,1005,1010,
178,,1005,1011,
178,,1005,1305,
178,,1006,1001,
178,,1006,1011,
178,,1006,1012,
178,,1006,1304,
178,,1006,1305,
178,,1007,1001,
178,,1007,1002,
178,,1007,1003,
178,,1007,1012,
178,,1007,1013,
178,,1007,1201,
178,,1007,1202,
178,,1007,1302,
178,,1007,1303,
178,,1007,1304,
178,,1007,1305,
178,,1008,1001,
178,,1008,1002,
178,,1008,1003,
178,,1008,1012,
178,,1008,1013,
178,,1008,1201,
178,,1008,1202,
178,,1008,1302,
178,,1008,1303,
178,,1008,1304,
178,,1008,1305,
178,,1009,1002,
178,,1009,1003,
178,,1009,1004,
178,,1009,1013,
178,,1009,1014,
178,,1009,1201,
178,,1009,1202,
178,,1009,1301,
178,,1009,1302,
178,,1009,1303,
178,,1010,1004,
178,,1010,1005,
178,,1010,1014,
178,,1010,1202,
178,,1010,1301,
178,,1011,1004,
178,,1011,1005,
178,,1011,1006,
178,,1011,1014,
178,,1011,1015,
178,,1011,1301,
178,,1012,1006,
178,,1012,1007,
178,,1012,1008,
178,,1012,1015,
178,,1012,1016,
178,,1013,1007,
178,,1013,1008,
178,,1013,1009,
178,,1013,1015,
178,,1013,1016,
178,,1014,1009,
178,,1014,1010,
178,,1014,1011,
178,,1014,1016,
178,,1014,1017,
178,,1015,1011,
178,,1015,1012,
178,,1015,1013,
178,,1015,1018,
178,,1015,1019,
178,,1015,1020,
178,,1015,1201,
178,,1015,1202,
178,,1016,1012,
178,,1016,1013,
178,,1016,1014,
178,,1016,1019,
178,,1016,1020,
178,,1016,1021,
178,,1016,1201,
178,,1017,1014,
178,,1017,1021,
178,,1017,1022,
178,,1018,1015,
178,,1018,1022,
178,,1019,1015,
178,,1019,1016,
178,,1019,1022,
178,,1019,1023,
178,,1020,1015,
178,,1020,1016,
178,,1020,1023,
178,,1020,1024,
178,,1021,1016,
178,,1021,1017,
178,,1021,1023,
178,,1021,1024,
178,,1021,1025,
178,,1022,1017,
178,,1022,1018,
178,,1022,1019,
178,,1022,1025,
178,,1022,1026,
178,,1023,1019,
178,,1023,1020,
178,,1023,1021,
178,,1023,1026,
178,,1023,1027,
178,,1023,2010,
178,,1024,1020,
178,,1024,1021,
178,,1024,1027,
178,,1024,1028,
178,,1024,2009,
178,,1024,2010,
178,,1025,1021,
178,,1025,1022,
178,,1025,1027,
178,,1025,1028,
178,,1025,2009,
178,,1025,2010,
178,,1025,2011,
178,,1026,1022,
178,,1026,1023,
178,,1026,1029,
178,,1026,2007,
178,,1026,2008,
178,,1026,2011,
178,,1027,1023,
178,,1027,1024,
178,,1027,1025,
178,,1027,1030,
178,,1027,1101,
178,,1027,1701,
178,,1027,2006,
178,,1027,2007,
178,,1027,2012,
178,,1028,1024,
178,,1028,1025,
178,,1028,1030,
178,,1028,1101,
178,,1028,1701,
178,,1028,2007,
178,,1028,2008,
178,,1028,2011,
178,,1028,2012,
178,,1029,1026,
178,,1029,1102,
178,,1029,1702,
178,,1029,2008,
178,,1029,2009,
178,,1029,2011,
178,,1030,1027,
178,,1030,1028,
178,,1030,1103,
178,,1030,1703,
178,,1030,2009,
178,,1030,2010,
178,,1101,1027,
178,,1101,1028,
178,,1101,1103,
178,,1101,1703,
178,,1101,2009,
178,,1101,2010,
178,,1102,1029,
178,,1102,1702,
178,,1103,1030,
178,,1103,1101,
178,,1103,1104,
178,,1103,1701,
178,,1104,1103,
178,,1104,1106,
178,,1106,1104,
178,,1106,1107,
178,,1107,1106,
178,,1108,1109,
178,,1108,1110,
178,,1109,1108,
178,,1109,1111,
178,,1109,1401,
178,,1109,1402,
178,,1109,1501,
178,,1109,1502,
178,,1110,1108,
178,,1110,1112,
178,,1110,1402,
178,,1110,1502,
178,,1111,1109,
178,,1111,1403,
178,,1111,1503,
178,,1112,1110,
178,,1112,1114,
178,,1112,1115,
178,,1112,1402,
178,,1112,1502,
178,,1113,1116,
178,,1113,1117,
178,,1114,1112,
178,,1114,1117,
178,,1115,1112,
178,,1115,1118,
178,,1116,1113,
178,,1116,1118,
178,,1117,1113,
178,,1117,1114,
178,,1117,1119,
178,,1117,1509,
178,,1117,1601,
178,,1118,1115,
178,,1118,1116,
178,,1118,1120,
178,,1118,1602,
178,,1119,1117,
178,,1119,1121,
178,,1119,1508,
178,,1119,1603,
178,,1120,1118,
178,,1120,1122,
178,,1120,1602,
178,,1121,1119,
178,,1121,1123,
178,,1121,1509,
178,,1121,1601,
178,,1122,1120,
178,,1122,1124,
178,,1123,1121,
178,,1123,1125,
178,,1124,1122,
178,,1124,1126,
178,,1125,1123,
178,,1126,1124,
178,,1201,1007,
178,,1201,1008,
178,,1201,1009,
178,,1201,1015,
178,,1201,1016,
178,,1202,1007,
178,,1202,1008,
178,,1202,1009,
178,,1202,1010,
178,,1202,1015,
178,,1301,1009,
178,,1301,1010,
178,,1301,1011,
178,,1302,1007,
178,,1302,1008,
178,,1302,1009,
178,,1303,1001,
178,,1303,1007,
178,,1303,1008,
178,,1303,1009,
178,,1304,1001,
178,,1304,1006,
178,,1304,1007,
178,,1304,1008,
178,,1305,1001,
178,,1305,1002,
178,,1305,1003,
178,,1305,1005,
178,,1305,1006,
178,,1305,1007,
178,,1305,1008,
178,,1401,1109,
178,,1401,1403,
178,,1401,1503,
178,,1402,1109,
178,,1402,1110,
178,,1402,1112,
178,,1402,1403,
178,,1402,1404,
178,,1402,1502,
178,,1403,1111,
178,,1403,1401,
178,,1403,1402,
178,,1403,1405,
178,,1403,1406,
178,,1403,1501,
178,,1404,1402,
178,,1404,1406,
178,,1404,1407,
178,,1405,1403,
178,,1405,1408,
178,,1406,1403,
178,,1406,1404,
178,,1406,1408,
178,,1406,1409,
178,,1407,1404,
178,,1407,1409,
178,,1407,1410,
178,,1408,1405,
178,,1408,1406,
178,,1408,1410,
178,,1409,1406,
178,,1409,1407,
178,,1410,1407,
178,,1410,1408,
178,,1501,1109,
178,,1501,1403,
178,,1501,1503,
178,,1502,1109,
178,,1502,1110,
178,,1502,1112,
178,,1502,1402,
178,,1502,1503,
178,,1502,1504,
178,,1503,1111,
178,,1503,1401,
178,,1503,1501,
178,,1503,1502,
178,,1503,1505,
178,,1503,1506,
178,,1503,1507,
178,,1504,1502,
178,,1504,1508,
178,,1505,1503,
178,,1505,1508,
178,,1506,1503,
178,,1506,1508,
178,,1507,1503,
178,,1507,1508,
178,,1508,1119,
178,,1508,1504,
178,,1508,1505,
178,,1508,1506,
178,,1508,1507,
178,,1508,1509,
178,,1508,1601,
178,,1509,1117,
178,,1509,1121,
178,,1509,1508,
178,,1509,1603,
178,,1601,1117,
178,,1601,1121,
178,,1601,1508,
178,,1601,1603,
178,,1602,1118,
178,,1602,1120,
178,,1602,1604,
178,,1603,1119,
178,,1603,1509,
178,,1603,1601,
178,,1604,1602,
178,,1604,1606,
178,,1606,1604,
178,,1606,1608,
178,,1608,1606,
178,,1701,1027,
178,,1701,1028,
178,,1701,1103,
178,,1701,1703,
178,,1701,2009,
178,,1701,2010,
178,,1702,1029,
178,,1702,1102,
178,,1703,1030,
178,,1703,1101,
178,,1703,1701,
178,,1703,1704,
178,,1704,1703,
178,,1705,1706,
178,,1706,1705,
178,,1706,1708,
178,,1707,1709,
178,,1708,1706,
178,,1709,1707,
178,,1711,1712,
178,,1712,1711,
178,,1712,1714,
178,,1712,1802,
178,,1712,1803,
178,,1713,1715,
178,,1714,1712,
178,,1714,1716,
178,,1714,1802,
178,,1714,1803,
178,,1715,1713,
178,,1715,1716,
178,,1715,1801,
178,,1715,1802,
178,,1716,1714,
178,,1716,1715,
178,,1716,1717,
178,,1717,1716,
178,,1717,1719,
178,,1718,1720,
178,,1719,1717,
178,,1720,1718,
178,,1720,1721,
178,,1721,1720,
178,,1721,1723,
178,,1723,1721,
178,,1723,1724,
178,,1723,1901,
178,,1723,1902,
178,,1724,1723,
178,,1724,1903,
178,,1725,1726,
178,,1725,1903,
178,,1726,1725,
178,,1801,1715,
178,,1802,1712,
178,,1802,1714,
178,,1802,1715,
178,,1802,1804,
178,,1803,1712,
178,,1803,1714,
178,,1803,1805,
178,,1804,1802,
178,,1804,1806,
178,,1805,1803,
178,,1806,1804,
178,,1806,1808,
178,,1807,1809,
178,,1808,1806,
178,,1808,1811,
178,,1809,1807,
178,,1811,1808,
178,,1901,1723,
178,,1901,1903,
178,,1902,1723,
178,,1902,1904,
178,,1903,1724,
178,,1903,1725,
178,,1903,1901,
178,,1903,1905,
178,,1903,1906,
178,,1904,1902,
178,,1904,1907,
178,,1905,1903,
178,,1905,1908,
178,,1905,1909,
178,,1906,1903,
178,,1906,1909,
178,,1907,1904,
178,,1908,1905,
178,,1909,1905,
178,,1909,1906,
178,,2001,2005,
178,,2002,2005,
178,,2003,2006,
178,,2004,2006,
178,,2004,2007,
178,,2005,2001,
178,,2005,2002,
178,,2005,2007,
178,,2005,2008,
178,,2006,1027,
178,,2006,2003,
178,,2006,2004,
178,,2006,2009,
178,,2006,2010,
178,,2007,1026,
178,,2007,1027,
178,,2007,1028,
178,,2007,2004,
178,,2007,2005,
178,,2007,2010,
178,,2007,2011,
178,,2008,1026,
178,,2008,1028,
178,,2008,1029,
178,,2008,2005,
178,,2008,2011,
178,,2009,1024,
178,,2009,1025,
178,,2009,1029,
178,,2009,1030,
178,,2009,1101,
178,,2009,1701,
178,,2009,2006,
178,,2009,2012,
178,,2010,1023,
178,,2010,1024,
178,,2010,1025,
178,,2010,1030,
178,,2010,1101,
178,,2010,1701,
178,,2010,2006,
178,,2010,2007,
178,,2010,2012,
178,,2011,1025,
178,,2011,1026,
178,,2011,1028,
178,,2011,1029,
178,,2011,2007,
178,,2011,2008,
178,,2011,2013,
178,,2012,1027,
178,,2012,1028,
178,,2012,2009,
178,,2012,2010,
178,,2012,2014,
178,,2012,2015,
178,,2013,2011,
178,,2013,2016,
178,,2013,2017,
178,,2014,2012,
178,,2014,2018,
178,,2015,2012,
178,,2015,2018,
178,,2015,2019,
178,,2016,2013,
178,,2016,2019,
178,,2017,2013,
178,,2017,2019,
178,,2017,2020,
178,,2018,2014,
178,,2018,2015,
178,,2018,2020,
178,,2018,2021,
178,,2019,2015,
178,,2019,2016,
178,,2019,2017,
178,,2019,2022,
178,,2019,2023,
178,,2020,2017,
178,,2020,2018,
178,,2020,2023,
178,,2021,2018,
178,,2021,2024,
178,,2022,2019,
178,,2022,2024,
178,,2023,2019,
178,,2023,2020,
178,,2023,2025,
178,,2024,2021,
178,,2024,2022,
178,,2024,2026,
178,,2024,2027,
178,,2025,2023,
178,,2025,2028,
178,,2025,2029,
178,,2026,2024,
178,,2026,2029,
178,,2026,2030,
178,,2027,2024,
178,,2027,2030,
178,,2028,2025,
178,,2028,2031,
178,,2029,2025,
178,,2029,2026,
178,,2029,2032,
178,,2030,2026,
178,,2030,2027,
178,,2030,2032,
178,,2030,2033,
178,,2031,2028,
178,,2031,2033,
178,,2031,2034,
178,,2032,2029,
178,,2032,2030,
178,,2032,2035,
178,,2033,2030,
178,,2033,2031,
178,,2034,2031,
178,,2035,2032,
178,,2101,2106,
178,,2101,2107,
178,,2102,2107,
178,,2102,2108,
178,,2103,2108,
178,,2103,2109,
178,,2104,2108,
178,,2104,2109,
178,,2105,2109,
178,,2105,2110,
178,,2106,2101,
178,,2106,2109,
178,,2106,2110,
178,,2107,2101,
178,,2107,2102,
178,,2107,2110,
178,,2107,2111,
178,,2108,2102,
178,,2108,2103,
178,,2108,2104,
178,,2108,2111,
178,,2108,2112,
178,,2109,2103,
178,,2109,2104,
178,,2109,2105,
178,,2109,2106,
178,,2109,2112,
178,,2110,2105,
178,,2110,2106,
178,,2110,2107,
178,,2110,2113,
178,,2111,2107,
178,,2111,2108,
178,,2111,2114,
178,,2111,2115,
178,,2112,2108,
178,,2112,2109,
178,,2112,2115,
178,,2112,2116,
178,,2113,2110,
178,,2113,2116,
178,,2113,2117,
178,,2114,2111,
178,,2114,2117,
178,,2114,2118,
178,,2115,2111,
178,,2115,2112,
178,,2115,2118,
178,,2115,2119,
178,,2116,2112,
178,,2116,2113,
178,,2116,2119,
178,,2117,2113,
178,,2117,2114,
178,,2117,2120,
178,,2118,2114,
178,,2118,2115,
178,,2118,2120,
178,,2118,2121,
178,,2119,2115,
178,,2119,2116,
178,,2119,2121,
178,,2119,2122,
178,,2120,2117,
178,,2120,2118,
178,,2120,2123,
178,,2121,2118,
178,,2121,2119,
178,,2121,2123,
178,,2121,2124,
178,,2122,2119,
178,,2122,2124,
178,,2123,2120,
178,,2123,2121,
178,,2123,2125,
178,,2123,2126,
178,,2123,2201,
178,,2124,2121,
178,,2124,2122,
178,,2124,2127,
178,,2124,2202,
178,,2125,2123,
178,,2125,2202,
178,,2125,2203,
178,,2126,2123,
178,,2126,2128,
178,,2126,2203,
178,,2126,2204,
178,,2127,2124,
178,,2127,2202,
178,,2127,2203,
178,,2128,2126,
178,,2128,2130,
178,,2128,2201,
178,,2129,2131,
178,,2130,2128,
178,,2130,2132,
178,,2131,2129,
178,,2132,2130,
178,,2132,2133,
178,,2133,2132,
178,,2133,2135,
178,,2133,2136,
178,,2134,2137,
178,,2135,2133,
178,,2135,2137,
178,,2135,2138,
178,,2135,2139,
178,,2136,2133,
178,,2136,2139,
178,,2137,2134,
178,,2137,2135,
178,,2138,2135,
178,,2139,2135,
178,,2139,2136,
178,,2201,2123,
178,,2201,2128,
178,,2201,2203,
178,,2201,2204,
178,,2202,2124,
178,,2202,2125,
178,,2202,2127,
178,,2202,2205,
178,,2202,2206,
178,,2202,2207,
178,,2203,2125,
178,,2203,2126,
178,,2203,2127,
178,,2203,2201,
178,,2203,2206,
178,,2203,2207,
178,,2203,2208,
178,,2204,2126,
178,,2204,2201,
178,,2204,2208,
178,,2205,2202,
178,,2206,2202,
178,,2206,2203,
178,,2207,2202,
178,,2207,2203,
178,,2208,2203,
178,,2208,2204,
209,,1001,1009,
209,,1001,1010,
209,,1001,1011,
209,,1002,1010,
209,,1002,1011,
209,,1002,1012,
209,,1003,1010,
209,,1003,1011,
209,,1003,1012,
209,,1004,1012,
209,,1004,1013,
209,,1004,1201,
209,,1004,1202,
209,,1005,1012,
209,,1005,1013,
209,,1005,1201,
209,,1005,1202,
209,,1006,1013,
209,,1006,1014,
209,,1006,1201,
209,,1006,1202,
209,,1007,1014,
209,,1008,1014,
209,,1008,1015,
209,,1009,1001,
209,,1009,1015,
209,,1009,1304,
209,,1009,1305,
209,,1010,1001,
209,,1010,1002,
209,,1010,1003,
209,,1010,1015,
209,,1010,1016,
209,,1010,1302,
209,,1010,1303,
209,,1010,1304,
209,,1010,1305,
209,,1011,1001,
209,,1011,1002,
209,,1011,1003,
209,,1011,1016,
209,,1011,1017,
209,,1011,1302,
209,,1011,1303,
209,,1011,1304,
209,,1012,1002,
209,,1012,1003,
209,,1012,1004,
209,,1012,1005,
209,,1012,1017,
209,,1012,1018,
209,,1012,1301,
209,,1012,1302,
209,,1013,1004,
209,,1013,1005,
209,,1013,1006,
209,,1013,1017,
209,,1013,1018,
209,,1013,1301,
209,,1014,1006,
209,,1014,1007,
209,,1014,1008,
209,,1014,1018,
209,,1014,1019,
209,,1014,1020,
209,,1015,1008,
209,,1015,1009,
209,,1015,1010,
209,,1015,1021,
209,,1016,1010,
209,,1016,1011,
209,,1016,1022,
209,,1016,1202,
209,,1017,1011,
209,,1017,1012,
209,,1017,1013,
209,,1017,1023,
209,,1017,1201,
209,,1017,1202,
209,,1018,1012,
209,,1018,1013,
209,,1018,1014,
209,,1018,1023,
209,,1018,1024,
209,,1018,1201,
209,,1019,1014,
209,,1019,1024,
209,,1019,1025,
209,,1020,1014,
209,,1020,1025,
209,,1021,1015,
209,,1021,1026,
209,,1022,1016,
209,,1022,1027,
209,,1022,2010,
209,,1023,1017,
209,,1023,1018,
209,,1023,1028,
209,,1023,1029,
209,,1023,2008,
209,,1023,2009,
209,,1023,2011,
209,,1024,1018,
209,,1024,1019,
209,,1024,1029,
209,,1024,2007,
209,,1024,2008,
209,,1024,2011,
209,,1025,1019,
209,,1025,1020,
209,,1025,1029,
209,,1025,1030,
209,,1025,1101,
209,,1025,1701,
209,,1025,2007,
209,,1025,2008,
209,,1025,2012,
209,,1026,1021,
209,,1026,1030,
209,,1026,1101,
209,,1026,1701,
209,,1026,2006,
209,,1026,2012,
209,,1026,2013,
209,,1027,1022,
209,,1027,1102,
209,,1027,1702,
209,,1027,2005,
209,,1027,2013,
209,,1027,2014,
209,,1028,1023,
209,,1028,1102,
209,,1028,1702,
209,,1028,1703,
209,,1028,2006,
209,,1028,2013,
209,,1029,1023,
209,,1029,1024,
209,,1029,1025,
209,,1029,1103,
209,,1029,1703,
209,,1029,2006,
209,,1029,2007,
209,,1029,2012,
209,,1030,1025,
209,,1030,1026,
209,,1030,2007,
209,,1030,2008,
209,,1030,2011,
209,,1101,1025,
209,,1101,1026,
209,,1101,2007,
209,,1101,2008,
209,,1101,2011,
209,,1102,1027,
209,,1102,1028,
209,,1102,1104,
209,,1102,1703,
209,,1102,2009,
209,,1102,2010,
209,,1103,1029,
209,,1103,1105,
209,,1103,1702,
209,,1104,1102,
209,,1105,1103,
209,,1105,1107,
209,,1106,1108,
209,,1107,1105,
209,,1107,1109,
209,,1107,1110,
209,,1108,1106,
209,,1108,1111,
209,,1108,1401,
209,,1108,1501,
209,,1109,1107,
209,,1109,1112,
209,,1110,1107,
209,,1110,1113,
209,,1110,1403,
209,,1110,1503,
209,,1111,1108,
209,,1111,1113,
209,,1111,1114,
209,,1111,1404,
209,,1111,1504,
209,,1112,1109,
209,,1112,1116,
209,,1112,1117,
209,,1113,1110,
209,,1113,1111,
209,,1113,1118,
209,,1113,1401,
209,,1113,1402,
209,,1113,1501,
209,,1113,1502,
209,,1114,1111,
209,,1114,1118,
209,,1114,1401,
209,,1114,1501,
209,,1115,1119,
209,,1115,1509,
209,,1115,1601,
209,,1116,1112,
209,,1116,1119,
209,,1116,1509,
209,,1116,1601,
209,,1117,1112,
209,,1117,1120,
209,,1117,1602,
209,,1118,1113,
209,,1118,1114,
209,,1118,1121,
209,,1118,1508,
209,,1118,1603,
209,,1119,1115,
209,,1119,1116,
209,,1119,1122,
209,,1119,1505,
209,,1119,1506,
209,,1119,1604,
209,,1120,1117,
209,,1120,1123,
209,,1120,1508,
209,,1120,1603,
209,,1121,1118,
209,,1121,1124,
209,,1121,1602,
209,,1122,1119,
209,,1122,1125,
209,,1122,1509,
209,,1122,1601,
209,,1123,1120,
209,,1123,1126,
209,,1124,1121,
209,,1125,1122,
209,,1126,1123,
209,,1201,1004,
209,,1201,1005,
209,,1201,1006,
209,,1201,1017,
209,,1201,1018,
209,,1201,1301,
209,,1202,1004,
209,,1202,1005,
209,,1202,1006,
209,,1202,1016,
209,,1202,1017,
209,,1202,1301,
209,,1301,1012,
209,,1301,1013,
209,,1301,1201,
209,,1301,1202,
209,,1302,1010,
209,,1302,1011,
209,,1302,1012,
209,,1303,1010,
209,,1303,1011,
209,,1304,1009,
209,,1304,1010,
209,,1304,1011,
209,,1305,1009,
209,,1305,1010,
209,,1401,1108,
209,,1401,1113,
209,,1401,1114,
209,,1401,1404,
209,,1401,1504,
209,,1402,1113,
209,,1402,1405,
209,,1402,1503,
209,,1403,1110,
209,,1403,1407,
209,,1403,1502,
209,,1404,1111,
209,,1404,1401,
209,,1404,1408,
209,,1404,1501,
209,,1405,1402,
209,,1405,1409,
209,,1406,1410,
209,,1407,1403,
209,,1408,1404,
209,,1409,1405,
209,,1410,1406,
209,,1501,1108,
209,,1501,1113,
209,,1501,1114,
209,,1501,1404,
209,,1501,1504,
209,,1502,1113,
209,,1502,1403,
209,,1502,1505,
209,,1502,1506,
209,,1503,1110,
209,,1503,1402,
209,,1503,1508,
209,,1504,1111,
209,,1504,1401,
209,,1504,1501,
209,,1505,1119,
209,,1505,1502,
209,,1505,1509,
209,,1505,1601,
209,,1506,1119,
209,,1506,1502,
209,,1506,1509,
209,,1506,1601,
209,,1508,1118,
209,,1508,1120,
209,,1508,1503,
209,,1508,1602,
209,,1509,1115,
209,,1509,1116,
209,,1509,1122,
209,,1509,1505,
209,,1509,1506,
209,,1509,1604,
209,,1601,1115,
209,,1601,1116,
209,,1601,1122,
209,,1601,1505,
209,,1601,1506,
209,,1601,1604,
209,,1602,1117,
209,,1602,1121,
209,,1602,1508,
209,,1602,1605,
209,,1603,1118,
209,,1603,1120,
209,,1603,1605,
209,,1603,1606,
209,,1604,1119,
209,,1604,1509,
209,,1604,1601,
209,,1604,1607,
209,,1605,1602,
209,,1605,1603,
209,,1605,1608,
209,,1606,1603,
209,,1607,1604,
209,,1608,1605,
209,,1701,1025,
209,,1701,1026,
209,,1701,2007,
209,,1701,2008,
209,,1701,2011,
209,,1702,1027,
209,,1702,1028,
209,,1702,1103,
209,,1702,1704,
209,,1702,2009,
209,,1702,2010,
209,,1703,1028,
209,,1703,1029,
209,,1703,1102,
209,,1703,1705,
209,,1704,1702,
209,,1705,1703,
209,,1705,1707,
209,,1706,1709,
209,,1707,1705,
209,,1709,1706,
209,,1709,1710,
209,,1710,1709,
209,,1710,1712,
209,,1711,1713,
209,,1711,1714,
209,,1711,1801,
209,,1711,1802,
209,,1712,1710,
209,,1712,1715,
209,,1713,1711,
209,,1713,1716,
209,,1713,1804,
209,,1714,1711,
209,,1714,1804,
209,,1715,1712,
209,,1715,1717,
209,,1715,1803,
209,,1716,1713,
209,,1716,1718,
209,,1716,1801,
209,,1717,1715,
209,,1717,1720,
209,,1718,1716,
209,,1719,1721,
209,,1720,1717,
209,,1720,1722,
209,,1721,1719,
209,,1722,1720,
209,,1722,1724,
209,,1722,1725,
209,,1722,1901,
209,,1722,1902,
209,,1723,1725,
209,,1724,1722,
209,,1724,1726,
209,,1724,1904,
209,,1724,1905,
209,,1725,1722,
209,,1725,1723,
209,,1725,1904,
209,,1726,1724,
209,,1726,1901,
209,,1726,1902,
209,,1801,1711,
209,,1801,1716,
209,,1801,1804,
209,,1802,1711,
209,,1802,1805,
209,,1803,1715,
209,,1803,1806,
209,,1804,1713,
209,,1804,1714,
209,,1804,1801,
209,,1804,1807,
209,,1805,1802,
209,,1805,1808,
209,,1805,1809,
209,,1806,1803,
209,,1806,1809,
209,,1806,1810,
209,,1807,1804,
209,,1807,1810,
209,,1807,1811,
209,,1808,1805,
209,,1809,1805,
209,,1809,1806,
209,,1810,1806,
209,,1810,1807,
209,,1811,1807,
209,,1901,1722,
209,,1901,1726,
209,,1901,1904,
209,,1901,1905,
209,,1902,1722,
209,,1902,1726,
209,,1902,1905,
209,,1902,1906,
209,,1903,1907,
209,,1903,1908,
209,,1904,1724,
209,,1904,1725,
209,,1904,1901,
209,,1904,1908,
209,,1904,1909,
209,,1905,1724,
209,,1905,1901,
209,,1905,1902,
209,,1906,1902,
209,,1907,1903,
209,,1908,1903,
209,,1908,1904,
209,,1909,1904,
209,,2001,2006,
209,,2002,2006,
209,,2002,2007,
209,,2003,2007,
209,,2003,2008,
209,,2004,2008,
209,,2005,1027,
209,,2005,2009,
209,,2005,2010,
209,,2006,1026,
209,,2006,1028,
209,,2006,1029,
209,,2006,2001,
209,,2006,2002,
209,,2006,2011,
209,,2007,1024,
209,,2007,1025,
209,,2007,1029,
209,,2007,1030,
209,,2007,1101,
209,,2007,1701,
209,,2007,2002,
209,,2007,2003,
209,,2007,2012,
209,,2008,1023,
209,,2008,1024,
209,,2008,1025,
209,,2008,1030,
209,,2008,1101,
209,,2008,1701,
209,,2008,2003,
209,,2008,2004,
209,,2008,2012,
209,,2009,1023,
209,,2009,1102,
209,,2009,1702,
209,,2009,2005,
209,,2009,2013,
209,,2010,1022,
209,,2010,1102,
209,,2010,1702,
209,,2010,2005,
209,,2010,2013,
209,,2010,2014,
209,,2011,1023,
209,,2011,1024,
209,,2011,1030,
209,,2011,1101,
209,,2011,1701,
209,,2011,2006,
209,,2011,2014,
209,,2011,2015,
209,,2011,2016,
209,,2012,1025,
209,,2012,1026,
209,,2012,1029,
209,,2012,2007,
209,,2012,2008,
209,,2012,2016,
209,,2012,2017,
209,,2013,1026,
209,,2013,1027,
209,,2013,1028,
209,,2013,2009,
209,,2013,2010,
209,,2013,2018,
209,,2014,1027,
209,,2014,2010,
209,,2014,2011,
209,,2014,2019,
209,,2014,2020,
209,,2015,2011,
209,,2015,2020,
209,,2016,2011,
209,,2016,2012,
209,,2016,2020,
209,,2016,2021,
209,,2017,2012,
209,,2017,2021,
209,,2017,2022,
209,,2018,2013,
209,,2018,2022,
209,,2018,2023,
209,,2019,2014,
209,,2019,2024,
209,,2020,2014,
209,,2020,2015,
209,,2020,2016,
209,,2020,2024,
209,,2021,2016,
209,,2021,2017,
209,,2021,2025,
209,,2022,2017,
209,,2022,2018,
209,,2022,2025,
209,,2022,2026,
209,,2022,2027,
209,,2023,2018,
209,,2023,2026,
209,,2023,2027,
209,,2024,2019,
209,,2024,2020,
209,,2024,2028,
209,,2024,2029,
209,,2025,2021,
209,,2025,2022,
209,,2025,2030,
209,,2025,2031,
209,,2026,2022,
209,,2026,2023,
209,,2026,2031,
209,,2027,2022,
209,,2027,2023,
209,,2027,2031,
209,,2027,2032,
209,,2028,2024,
209,,2028,2032,
209,,2028,2033,
209,,2029,2024,
209,,2029,2033,
209,,2029,2034,
209,,2030,2025,
209,,2030,2034,
209,,2030,2035,
209,,2031,2025,
209,,2031,2026,
209,,2031,2027,
209,,2031,2035,
209,,2032,2027,
209,,2032,2028,
209,,2033,2028,
209,,2033,2029,
209,,2034,2029,
209,,2034,2030,
209,,2035,2030,
209,,2035,2031,
209,,2101,2108,
209,,2101,2109,
209,,2102,2109,
209,,2102,2110,
209,,2103,2110,
209,,2104,2110,
209,,2104,2111,
209,,2105,2111,
209,,2105,2112,
209,,2106,2111,
209,,2106,2112,
209,,2107,2112,
209,,2108,2101,
209,,2108,2113,
209,,2109,2101,
209,,2109,2102,
209,,2109,2113,
209,,2109,2114,
209,,2110,2102,
209,,2110,2103,
209,,2110,2104,
209,,2110,2114,
209,,2110,2115,
209,,2111,2104,
209,,2111,2105,
209,,2111,2106,
209,,2111,2116,
209,,2111,2117,
209,,2112,2105,
209,,2112,2106,
209,,2112,2107,
209,,2112,2117,
209,,2113,2108,
209,,2113,2109,
209,,2113,2118,
209,,2113,2119,
209,,2114,2109,
209,,2114,2110,
209,,2114,2119,
209,,2115,2110,
209,,2115,2120,
209,,2116,2111,
209,,2116,2120,
209,,2116,2121,
209,,2117,2111,
209,,2117,2112,
209,,2117,2121,
209,,2117,2122,
209,,2118,2113,
209,,2118,2122,
209,,2119,2113,
209,,2119,2114,
209,,2119,2123,
209,,2120,2115,
209,,2120,2116,
209,,2120,2124,
209,,2121,2116,
209,,2121,2117,
209,,2121,2125,
209,,2122,2117,
209,,2122,2118,
209,,2122,2125,
209,,2122,2126,
209,,2122,2201,
209,,2123,2119,
209,,2123,2127,
209,,2123,2202,
209,,2124,2120,
209,,2124,2128,
209,,2124,2203,
209,,2124,2204,
209,,2125,2121,
209,,2125,2122,
209,,2125,2128,
209,,2125,2204,
209,,2125,2205,
209,,2126,2122,
209,,2126,2129,
209,,2126,2205,
209,,2126,2206,
209,,2126,2207,
209,,2127,2123,
209,,2127,2129,
209,,2127,2130,
209,,2127,2204,
209,,2127,2205,
209,,2128,2124,
209,,2128,2125,
209,,2128,2131,
209,,2128,2202,
209,,2128,2203,
209,,2129,2126,
209,,2129,2127,
209,,2129,2132,
209,,2129,2201,
209,,2130,2127,
209,,2131,2128,
209,,2131,2133,
209,,2132,2129,
209,,2132,2134,
209,,2133,2131,
209,,2133,2137,
209,,2134,2132,
209,,2134,2138,
209,,2134,2139,
209,,2137,2133,
209,,2138,2134,
209,,2139,2134,
209,,2201,2122,
209,,2201,2129,
209,,2201,2205,
209,,2201,2206,
209,,2201,2207,
209,,2202,2123,
209,,2202,2128,
209,,2202,2208,
209,,2203,2124,
209,,2203,2128,
209,,2204,2124,
209,,2204,2125,
209,,2204,2127,
209,,2205,2125,
209,,2205,2126,
209,,2205,2127,
209,,2205,2201,
209,,2206,2126,
209,,2206,2201,
209,,2207,2126,
209,,2207,2201,
209,,2208,2202,
261,,1001,1012,
261,,1001,1013,
261,,1001,1014,
261,,1001,1201,
261,,1001,1202,
261,,1002,1013,
261,,1002,1014,
261,,1002,1015,
261,,1002,1201,
261,,1002,1202,
261,,1003,1013,
261,,1003,1014,
261,,1003,1015,
261,,1003,1201,
261,,1003,1202,
261,,1004,1014,
261,,1004,1015,
261,,1005,1014,
261,,1005,1015,
261,,1005,1016,
261,,1006,1015,
261,,1006,1016,
261,,1006,1017,
261,,1007,1015,
261,,1007,1016,
261,,1007,1017,
261,,1008,1016,
261,,1008,1017,
261,,1008,1018,
261,,1009,1016,
261,,1009,1017,
261,,1009,1018,
261,,1009,1019,
261,,1010,1017,
261,,1010,1018,
261,,1010,1019,
261,,1010,1020,
261,,1011,1018,
261,,1011,1019,
261,,1011,1020,
261,,1011,1305,
261,,1012,1001,
261,,1012,1019,
261,,1012,1020,
261,,1012,1021,
261,,1012,1303,
261,,1012,1304,
261,,1012,1305,
261,,1013,1001,
261,,1013,1002,
261,,1013,1003,
261,,1013,1019,
261,,1013,1020,
261,,1013,1021,
261,,1013,1022,
261,,1013,1302,
261,,1013,1303,
261,,1013,1304,
261,,1013,1305,
261,,1014,1001,
261,,1014,1002,
261,,1014,1003,
261,,1014,1004,
261,,1014,1005,
261,,1014,1021,
261,,1014,1022,
261,,1014,1301,
261,,1014,1302,
261,,1014,1303,
261,,1014,1304,
261,,1014,1305,
261,,1015,1002,
261,,1015,1003,
261,,1015,1004,
261,,1015,1005,
261,,1015,1006,
261,,1015,1007,
261,,1015,1022,
261,,1015,1023,
261,,1015,1024,
261,,1015,1301,
261,,1015,1302,
261,,1016,1005,
261,,1016,1006,
261,,1016,1007,
261,,1016,1008,
261,,1016,1009,
261,,1016,1023,
261,,1016,1024,
261,,1016,1025,
261,,1017,1006,
261,,1017,1007,
261,,1017,1008,
261,,1017,1009,
261,,1017,1010,
261,,1017,1024,
261,,1017,1025,
261,,1017,1026,
261,,1018,1008,
261,,1018,1009,
261,,1018,1010,
261,,1018,1011,
261,,1018,1025,
261,,1018,1026,
261,,1018,1027,
261,,1018,1202,
261,,1018,2010,
261,,1019,1009,
261,,1019,1010,
261,,1019,1011,
261,,1019,1012,
261,,1019,1013,
261,,1019,1026,
261,,1019,1027,
261,,1019,1028,
261,,1019,1201,
261,,1019,1202,
261,,1019,2009,
261,,1019,2010,
261,,1020,1010,
261,,1020,1011,
261,,1020,1012,
261,,1020,1013,
261,,1020,1026,
261,,1020,1027,
261,,1020,1028,
261,,1020,1201,
261,,1020,1202,
261,,1020,2009,
261,,1020,2010,
261,,1020,2011,
261,,1021,1012,
261,,1021,1013,
261,,1021,1014,
261,,1021,1027,
261,,1021,1028,
261,,1021,1029,
261,,1021,1201,
261,,1021,1202,
261,,1021,2008,
261,,1021,2009,
261,,1021,2010,
261,,1021,2011,
261,,1022,1013,
261,,1022,1014,
261,,1022,1015,
261,,1022,1028,
261,,1022,1029,
261,,1022,1030,
261,,1022,1101,
261,,1022,1201,
261,,1022,1701,
261,,1022,2007,
261,,1022,2008,
261,,1022,2009,
261,,1022,2011,
261,,1022,2012,
261,,1023,1015,
261,,1023,1016,
261,,1023,1030,
261,,1023,1101,
261,,1023,1701,
261,,1023,2006,
261,,1023,2007,
261,,1023,2012,
261,,1023,2013,
261,,1024,1015,
261,,1024,1016,
261,,1024,1017,
261,,1024,1030,
261,,1024,1101,
261,,1024,1102,
261,,1024,1701,
261,,1024,1702,
261,,1024,2006,
261,,1024,2012,
261,,1024,2013,
261,,1025,1016,
261,,1025,1017,
261,,1025,1018,
261,,1025,1102,
261,,1025,1702,
261,,1025,2005,
261,,1025,2006,
261,,1025,2013,
261,,1025,2014,
261,,1026,1017,
261,,1026,1018,
261,,1026,1019,
261,,1026,1020,
261,,1026,1102,
261,,1026,1103,
261,,1026,1702,
261,,1026,1703,
261,,1026,2004,
261,,1026,2005,
261,,1026,2014,
261,,1026,2015,
261,,1026,2016,
261,,1027,1018,
261,,1027,1019,
261,,1027,1020,
261,,1027,1021,
261,,1027,1103,
261,,1027,1703,
261,,1027,2002,
261,,1027,2003,
261,,1027,2004,
261,,1027,2015,
261,,1027,2016,
261,,1027,2017,
261,,1028,1019,
261,,1028,1020,
261,,1028,1021,
261,,1028,1022,
261,,1028,1103,
261,,1028,1704,
261,,1028,2003,
261,,1028,2004,
261,,1028,2005,
261,,1028,2014,
261,,1028,2015,
261,,1028,2016,
261,,1028,2017,
261,,1029,1021,
261,,1029,1022,
261,,1029,1104,
261,,1029,1704,
261,,1029,2004,
261,,1029,2005,
261,,1029,2013,
261,,1029,2014,
261,,1029,2015,
261,,1030,1022,
261,,1030,1023,
261,,1030,1024,
261,,1030,1104,
261,,1030,1105,
261,,1030,1704,
261,,1030,1705,
261,,1030,2006,
261,,1030,2012,
261,,1030,2013,
261,,1101,1022,
261,,1101,1023,
261,,1101,1024,
261,,1101,1104,
261,,1101,1105,
261,,1101,1704,
261,,1101,1705,
261,,1101,2006,
261,,1101,2012,
261,,1101,2013,
261,,1102,1024,
261,,1102,1025,
261,,1102,1026,
261,,1102,1105,
261,,1102,1106,
261,,1102,1704,
261,,1102,2007,
261,,1102,2008,
261,,1102,2011,
261,,1102,2012,
261,,1103,1026,
261,,1103,1027,
261,,1103,1028,
261,,1103,1106,
261,,1103,1703,
261,,1103,2009,
261,,1103,2010,
261,,1103,2011,
261,,1104,1029,
261,,1104,1030,
261,,1104,1101,
261,,1104,1107,
261,,1104,1108,
261,,1104,1701,
261,,1104,1702,
261,,1105,1030,
261,,1105,1101,
261,,1105,1102,
261,,1105,1108,
261,,1105,1701,
261,,1106,1102,
261,,1106,1103,
261,,1106,1109,
261,,1106,1110,
261,,1107,1104,
261,,1107,1111,
261,,1107,1401,
261,,1107,1402,
261,,1107,1501,
261,,1107,1502,
261,,1108,1104,
261,,1108,1105,
261,,1108,1112,
261,,1108,1402,
261,,1108,1502,
261,,1109,1106,
261,,1109,1113,
261,,1109,1114,
261,,1109,1115,
261,,1109,1403,
261,,1109,1404,
261,,1109,1503,
261,,1109,1504,
261,,1110,1106,
261,,1110,1114,
261,,1110,1115,
261,,1110,1116,
261,,1110,1404,
261,,1110,1405,
261,,1110,1504,
261,,1110,1505,
261,,1110,1506,
261,,1111,1107,
261,,1111,1115,
261,,1111,1116,
261,,1111,1117,
261,,1111,1405,
261,,1111,1406,
261,,1111,1505,
261,,1111,1506,
261,,1111,1507,
261,,1112,1108,
261,,1112,1118,
261,,1112,1403,
261,,1112,1404,
261,,1112,1503,
261,,1112,1504,
261,,1112,1505,
261,,1113,1109,
261,,1113,1119,
261,,1113,1403,
261,,1113,1503,
261,,1113,1509,
261,,1113,1601,
261,,1114,1109,
261,,1114,1110,
261,,1114,1119,
261,,1114,1120,
261,,1114,1402,
261,,1114,1502,
261,,1114,1509,
261,,1114,1601,
261,,1114,1602,
261,,1115,1109,
261,,1115,1110,
261,,1115,1111,
261,,1115,1120,
261,,1115,1401,
261,,1115,1402,
261,,1115,1501,
261,,1115,1502,
261,,1115,1508,
261,,1115,1602,
261,,1116,1110,
261,,1116,1111,
261,,1116,1120,
261,,1116,1121,
261,,1116,1401,
261,,1116,1402,
261,,1116,1501,
261,,1116,1502,
261,,1116,1508,
261,,1116,1602,
261,,1116,1603,
261,,1117,1111,
261,,1117,1121,
261,,1117,1401,
261,,1117,1501,
261,,1117,1508,
261,,1117,1603,
261,,1118,1112,
261,,1118,1122,
261,,1118,1123,
261,,1118,1504,
261,,1118,1505,
261,,1118,1506,
261,,1118,1507,
261,,1118,1604,
261,,1119,1113,
261,,1119,1114,
261,,1119,1123,
261,,1119,1503,
261,,1119,1504,
261,,1119,1507,
261,,1119,1605,
261,,1119,1606,
261,,1120,1114,
261,,1120,1115,
261,,1120,1116,
261,,1120,1124,
261,,1120,1504,
261,,1120,1505,
261,,1120,1506,
261,,1120,1507,
261,,1120,1604,
261,,1121,1116,
261,,1121,1117,
261,,1121,1125,
261,,1121,1126,
261,,1121,1508,
261,,1121,1603,
261,,1122,1118,
261,,1122,1126,
261,,1122,1508,
261,,1122,1602,
261,,1123,1118,
261,,1123,1119,
261,,1123,1509,
261,,1123,1601,
261,,1123,1602,
261,,1124,1120,
261,,1125,1121,
261,,1126,1121,
261,,1126,1122,
261,,1201,1001,
261,,1201,1002,
261,,1201,1003,
261,,1201,1019,
261,,1201,1020,
261,,1201,1021,
261,,1201,1022,
261,,1201,1302,
261,,1201,1303,
261,,1201,1304,
261,,1201,1305,
261,,1202,1001,
261,,1202,1002,
261,,1202,1003,
261,,1202,1018,
261,,1202,1019,
261,,1202,1020,
261,,1202,1021,
261,,1202,1302,
261,,1202,1303,
261,,1202,1304,
261,,1202,1305,
261,,1301,1014,
261,,1301,1015,
261,,1302,1013,
261,,1302,1014,
261,,1302,1015,
261,,1302,1201,
261,,1302,1202,
261,,1303,1012,
261,,1303,1013,
261,,1303,1014,
261,,1303,1201,
261,,1303,1202,
261,,1304,1012,
261,,1304,1013,
261,,1304,1014,
261,,1304,1201,
261,,1304,1202,
261,,1305,1011,
261,,1305,1012,
261,,1305,1013,
261,,1305,1014,
261,,1305,1201,
261,,1305,1202,
261,,1401,1107,
261,,1401,1115,
261,,1401,1116,
261,,1401,1117,
261,,1401,1405,
261,,1401,1406,
261,,1401,1505,
261,,1401,1506,
261,,1401,1507,
261,,1402,1107,
261,,1402,1108,
261,,1402,1114,
261,,1402,1115,
261,,1402,1116,
261,,1402,1406,
261,,1402,1407,
261,,1402,1408,
261,,1402,1504,
261,,1402,1505,
261,,1402,1506,
261,,1403,1109,
261,,1403,1112,
261,,1403,1113,
261,,1403,1408,
261,,1403,1409,
261,,1403,1503,
261,,1404,1109,
261,,1404,1110,
261,,1404,1112,
261,,1404,1409,
261,,1404,1410,
261,,1404,1502,
261,,1405,1110,
261,,1405,1111,
261,,1405,1401,
261,,1405,1410,
261,,1405,1501,
261,,1405,1502,
261,,1406,1111,
261,,1406,1401,
261,,1406,1402,
261,,1406,1501,
261,,1407,1402,
261,,1408,1402,
261,,1408,1403,
261,,1409,1403,
261,,1409,1404,
261,,1410,1404,
261,,1410,1405,
261,,1501,1107,
261,,1501,1115,
261,,1501,1116,
261,,1501,1117,
261,,1501,1405,
261,,1501,1406,
261,,1501,1505,
261,,1501,1506,
261,,1501,1507,
261,,1502,1107,
261,,1502,1108,
261,,1502,1114,
261,,1502,1115,
261,,1502,1116,
261,,1502,1404,
261,,1502,1405,
261,,1502,1507,
261,,1502,1508,
261,,1503,1109,
261,,1503,1112,
261,,1503,1113,
261,,1503,1119,
261,,1503,1403,
261,,1503,1509,
261,,1503,1601,
261,,1504,1109,
261,,1504,1110,
261,,1504,1112,
261,,1504,1118,
261,,1504,1119,
261,,1504,1120,
261,,1504,1402,
261,,1504,1509,
261,,1504,1601,
261,,1504,1602,
261,,1505,1110,
261,,1505,1111,
261,,1505,1112,
261,,1505,1118,
261,,1505,1120,
261,,1505,1401,
261,,1505,1402,
261,,1505,1501,
261,,1505,1602,
261,,1505,1603,
261,,1506,1110,
261,,1506,1111,
261,,1506,1118,
261,,1506,1120,
261,,1506,1401,
261,,1506,1402,
261,,1506,1501,
261,,1506,1602,
261,,1507,1111,
261,,1507,1118,
261,,1507,1119,
261,,1507,1120,
261,,1507,1401,
261,,1507,1501,
261,,1507,1502,
261,,1507,1509,
261,,1507,1601,
261,,1507,1602,
261,,1508,1115,
261,,1508,1116,
261,,1508,1117,
261,,1508,1121,
261,,1508,1122,
261,,1508,1502,
261,,1508,1603,
261,,1508,1604,
261,,1509,1113,
261,,1509,1114,
261,,1509,1123,
261,,1509,1503,
261,,1509,1504,
261,,1509,1507,
261,,1509,1605,
261,,1509,1606,
261,,1601,1113,
261,,1601,1114,
261,,1601,1123,
261,,1601,1503,
261,,1601,1504,
261,,1601,1507,
261,,1601,1605,
261,,1601,1606,
261,,1602,1114,
261,,1602,1115,
261,,1602,1116,
261,,1602,1122,
261,,1602,1123,
261,,1602,1504,
261,,1602,1505,
261,,1602,1506,
261,,1602,1507,
261,,1602,1606,
261,,1602,1607,
261,,1603,1116,
261,,1603,1117,
261,,1603,1121,
261,,1603,1505,
261,,1603,1508,
261,,1603,1607,
261,,1603,1608,
261,,1604,1118,
261,,1604,1120,
261,,1604,1508,
261,,1604,1608,
261,,1605,1119,
261,,1605,1509,
261,,1605,1601,
261,,1606,1119,
261,,1606,1509,
261,,1606,1601,
261,,1606,1602,
261,,1607,1602,
261,,1607,1603,
261,,1608,1603,
261,,1608,1604,
261,,1701,1022,
261,,1701,1023,
261,,1701,1024,
261,,1701,1104,
261,,1701,1105,
261,,1701,1704,
261,,1701,1705,
261,,1701,2006,
261,,1701,2012,
261,,1701,2013,
261,,1702,1024,
261,,1702,1025,
261,,1702,1026,
261,,1702,1104,
261,,1702,1705,
261,,1702,2007,
261,,1702,2008,
261,,1702,2011,
261,,1702,2012,
261,,1703,1026,
261,,1703,1027,
261,,1703,1103,
261,,1703,1706,
261,,1703,2008,
261,,1703,2009,
261,,1703,2010,
261,,1703,2011,
261,,1704,1028,
261,,1704,1029,
261,,1704,1030,
261,,1704,1101,
261,,1704,1102,
261,,1704,1701,
261,,1704,1706,
261,,1704,1707,
261,,1705,1030,
261,,1705,1101,
261,,1705,1701,
261,,1705,1702,
261,,1705,1708,
261,,1706,1703,
261,,1706,1704,
261,,1707,1704,
261,,1707,1710,
261,,1708,1705,
261,,1708,1710,
261,,1708,1711,
261,,1709,1711,
261,,1710,1707,
261,,1710,1708,
261,,1710,1713,
261,,1710,1714,
261,,1710,1801,
261,,1710,1802,
261,,1710,1803,
261,,1711,1708,
261,,1711,1709,
261,,1711,1715,
261,,1711,1803,
261,,1712,1716,
261,,1712,1804,
261,,1712,1805,
261,,1713,1710,
261,,1713,1717,
261,,1713,1805,
261,,1713,1806,
261,,1713,1807,
261,,1714,1710,
261,,1714,1717,
261,,1714,1718,
261,,1714,1805,
261,,1714,1806,
261,,1715,1711,
261,,1715,1718,
261,,1715,1719,
261,,1715,1804,
261,,1716,1712,
261,,1716,1719,
261,,1716,1720,
261,,1716,1802,
261,,1716,1803,
261,,1717,1713,
261,,1717,1714,
261,,1717,1721,
261,,1717,1801,
261,,1718,1714,
261,,1718,1715,
261,,1718,1721,
261,,1718,1722,
261,,1719,1715,
261,,1719,1716,
261,,1719,1722,
261,,1719,1723,
261,,1720,1716,
261,,1720,1723,
261,,1721,1717,
261,,1721,1718,
261,,1721,1724,
261,,1721,1725,
261,,1721,1901,
261,,1721,1902,
261,,1722,1718,
261,,1722,1719,
261,,1722,1903,
261,,1723,1719,
261,,1723,1720,
261,,1723,1726,
261,,1723,1903,
261,,1723,1904,
261,,1724,1721,
261,,1724,1906,
261,,1724,1907,
261,,1724,1908,
261,,1725,1721,
261,,1725,1905,
261,,1725,1906,
261,,1725,1907,
261,,1726,1723,
261,,1726,1903,
261,,1726,1904,
261,,1801,1710,
261,,1801,1717,
261,,1801,1805,
261,,1801,1806,
261,,1801,1807,
261,,1802,1710,
261,,1802,1716,
261,,1802,1806,
261,,1802,1807,
261,,1803,1710,
261,,1803,1711,
261,,1803,1716,
261,,1803,1807,
261,,1803,1808,
261,,1804,1712,
261,,1804,1715,
261,,1804,1808,
261,,1804,1809,
261,,1804,1810,
261,,1805,1712,
261,,1805,1713,
261,,1805,1714,
261,,1805,1801,
261,,1805,1810,
261,,1805,1811,
261,,1806,1713,
261,,1806,1714,
261,,1806,1801,
261,,1806,1802,
261,,1806,1811,
261,,1807,1713,
261,,1807,1801,
261,,1807,1802,
261,,1807,1803,
261,,1808,1803,
261,,1808,1804,
261,,1809,1804,
261,,1810,1804,
261,,1810,1805,
261,,1811,1805,
261,,1811,1806,
261,,1901,1721,
261,,1901,1906,
261,,1901,1907,
261,,1901,1908,
261,,1902,1721,
261,,1902,1907,
261,,1902,1908,
261,,1903,1722,
261,,1903,1723,
261,,1903,1726,
261,,1903,1909,
261,,1904,1723,
261,,1904,1726,
261,,1905,1725,
261,,1906,1724,
261,,1906,1725,
261,,1906,1901,
261,,1907,1724,
261,,1907,1725,
261,,1907,1901,
261,,1907,1902,
261,,1908,1724,
261,,1908,1901,
261,,1908,1902,
261,,1909,1903,
261,,2001,2007,
261,,2001,2008,
261,,2001,2009,
261,,2002,1027,
261,,2002,2008,
261,,2002,2009,
261,,2002,2010,
261,,2003,1027,
261,,2003,1028,
261,,2003,2009,
261,,2003,2010,
261,,2004,1026,
261,,2004,1027,
261,,2004,1028,
261,,2004,1029,
261,,2004,2009,
261,,2004,2010,
261,,2004,2011,
261,,2005,1025,
261,,2005,1026,
261,,2005,1028,
261,,2005,1029,
261,,2005,2011,
261,,2005,2012,
261,,2006,1023,
261,,2006,1024,
261,,2006,1025,
261,,2006,1030,
261,,2006,1101,
261,,2006,1701,
261,,2006,2012,
261,,2006,2013,
261,,2007,1022,
261,,2007,1023,
261,,2007,1102,
261,,2007,1702,
261,,2007,2001,
261,,2007,2013,
261,,2007,2014,
261,,2008,1021,
261,,2008,1022,
261,,2008,1102,
261,,2008,1702,
261,,2008,1703,
261,,2008,2001,
261,,2008,2002,
261,,2008,2013,
261,,2008,2014,
261,,2008,2015,
261,,2009,1019,
261,,2009,1020,
261,,2009,1021,
261,,2009,1022,
261,,2009,1103,
261,,2009,1703,
261,,2009,2001,
261,,2009,2002,
261,,2009,2003,
261,,2009,2004,
261,,2009,2014,
261,,2009,2015,
261,,2009,2016,
261,,2009,2017,
261,,2010,1018,
261,,2010,1019,
261,,2010,1020,
261,,2010,1021,
261,,2010,1103,
261,,2010,1703,
261,,2010,2002,
261,,2010,2003,
261,,2010,2004,
261,,2010,2015,
261,,2010,2016,
261,,2010,2017,
261,,2011,1020,
261,,2011,1021,
261,,2011,1022,
261,,2011,1102,
261,,2011,1103,
261,,2011,1702,
261,,2011,1703,
261,,2011,2004,
261,,2011,2005,
261,,2011,2017,
261,,2011,2018,
261,,2012,1022,
261,,2012,1023,
261,,2012,1024,
261,,2012,1030,
261,,2012,1101,
261,,2012,1102,
261,,2012,1701,
261,,2012,1702,
261,,2012,2005,
261,,2012,2006,
261,,2012,2018,
261,,2012,2019,
261,,2012,2020,
261,,2013,1023,
261,,2013,1024,
261,,2013,1025,
261,,2013,1029,
261,,2013,1030,
261,,2013,1101,
261,,2013,1701,
261,,2013,2006,
261,,2013,2007,
261,,2013,2008,
261,,2013,2019,
261,,2013,2020,
261,,2013,2021,
261,,2014,1025,
261,,2014,1026,
261,,2014,1028,
261,,2014,1029,
261,,2014,2007,
261,,2014,2008,
261,,2014,2009,
261,,2014,2021,
261,,2014,2022,
261,,2014,2023,
261,,2015,1026,
261,,2015,1027,
261,,2015,1028,
261,,2015,1029,
261,,2015,2008,
261,,2015,2009,
261,,2015,2010,
261,,2015,2021,
261,,2015,2022,
261,,2015,2023,
261,,2016,1026,
261,,2016,1027,
261,,2016,1028,
261,,2016,2009,
261,,2016,2010,
261,,2016,2022,
261,,2016,2023,
261,,2017,1027,
261,,2017,1028,
261,,2017,2009,
261,,2017,2010,
261,,2017,2011,
261,,2017,2023,
261,,2017,2024,
261,,2018,2011,
261,,2018,2012,
261,,2018,2024,
261,,2018,2025,
261,,2019,2012,
261,,2019,2013,
261,,2019,2025,
261,,2019,2026,
261,,2019,2027,
261,,2020,2012,
261,,2020,2013,
261,,2020,2025,
261,,2020,2026,
261,,2020,2027,
261,,2021,2013,
261,,2021,2014,
261,,2021,2015,
261,,2021,2026,
261,,2021,2027,
261,,2021,2028,
261,,2022,2014,
261,,2022,2015,
261,,2022,2016,
261,,2022,2028,
261,,2022,2029,
261,,2022,2030,
261,,2023,2014,
261,,2023,2015,
261,,2023,2016,
261,,2023,2017,
261,,2023,2028,
261,,2023,2029,
261,,2023,2030,
261,,2024,2017,
261,,2024,2018,
261,,2024,2030,
261,,2024,2031,
261,,2024,2032,
261,,2025,2018,
261,,2025,2019,
261,,2025,2020,
261,,2025,2032,
261,,2025,2033,
261,,2026,2019,
261,,2026,2020,
261,,2026,2021,
261,,2026,2032,
261,,2026,2033,
261,,2026,2034,
261,,2027,2019,
261,,2027,2020,
261,,2027,2021,
261,,2027,2033,
261,,2027,2034,
261,,2027,2035,
261,,2028,2021,
261,,2028,2022,
261,,2028,2023,
261,,2028,2034,
261,,2028,2035,
261,,2029,2022,
261,,2029,2023,
261,,2029,2035,
261,,2030,2022,
261,,2030,2023,
261,,2030,2024,
261,,2031,2024,
261,,2032,2024,
261,,2032,2025,
261,,2032,2026,
261,,2033,2025,
261,,2033,2026,
261,,2033,2027,
261,,2034,2026,
261,,2034,2027,
261,,2034,2028,
261,,2035,2027,
261,,2035,2028,
261,,2035,2029,
261,,2101,2110,
261,,2101,2111,
261,,2101,2112,
261,,2102,2111,
261,,2102,2112,
261,,2103,2111,
261,,2103,2112,
261,,2103,2113,
261,,2104,2112,
261,,2104,2113,
261,,2104,2114,
261,,2105,2113,
261,,2105,2114,
261,,2106,2113,
261,,2106,2114,
261,,2106,2115,
261,,2107,2113,
261,,2107,2114,
261,,2107,2115,
261,,2107,2116,
261,,2108,2114,
261,,2108,2115,
261,,2108,2116,
261,,2108,2117,
261,,2109,2115,
261,,2109,2116,
261,,2109,2117,
261,,2110,2101,
261,,2110,2116,
261,,2110,2117,
261,,2110,2118,
261,,2111,2101,
261,,2111,2102,
261,,2111,2103,
261,,2111,2118,
261,,2111,2119,
261,,2112,2101,
261,,2112,2102,
261,,2112,2103,
261,,2112,2104,
261,,2112,2118,
261,,2112,2119,
261,,2112,2120,
261,,2113,2103,
261,,2113,2104,
261,,2113,2105,
261,,2113,2106,
261,,2113,2107,
261,,2113,2120,
261,,2113,2121,
261,,2113,2122,
261,,2114,2104,
261,,2114,2105,
261,,2114,2106,
261,,2114,2107,
261,,2114,2108,
261,,2114,2120,
261,,2114,2121,
261,,2114,2122,
261,,2115,2106,
261,,2115,2107,
261,,2115,2108,
261,,2115,2109,
261,,2115,2121,
261,,2115,2122,
261,,2116,2107,
261,,2116,2108,
261,,2116,2109,
261,,2116,2110,
261,,2116,2122,
261,,2116,2123,
261,,2117,2108,
261,,2117,2109,
261,,2117,2110,
261,,2117,2123,
261,,2117,2124,
261,,2118,2110,
261,,2118,2111,
261,,2118,2112,
261,,2118,2123,
261,,2118,2124,
261,,2118,2125,
261,,2119,2111,
261,,2119,2112,
261,,2119,2124,
261,,2119,2125,
261,,2119,2126,
261,,2119,2201,
261,,2120,2112,
261,,2120,2113,
261,,2120,2114,
261,,2120,2125,
261,,2120,2126,
261,,2120,2127,
261,,2120,2201,
261,,2121,2113,
261,,2121,2114,
261,,2121,2115,
261,,2121,2126,
261,,2121,2127,
261,,2121,2201,
261,,2121,2202,
261,,2121,2203,
261,,2122,2113,
261,,2122,2114,
261,,2122,2115,
261,,2122,2116,
261,,2122,2127,
261,,2122,2128,
261,,2122,2202,
261,,2122,2203,
261,,2122,2204,
261,,2123,2116,
261,,2123,2117,
261,,2123,2118,
261,,2123,2128,
261,,2123,2203,
261,,2123,2204,
261,,2123,2205,
261,,2123,2206,
261,,2124,2117,
261,,2124,2118,
261,,2124,2119,
261,,2124,2129,
261,,2124,2205,
261,,2124,2206,
261,,2124,2207,
261,,2124,2208,
261,,2125,2118,
261,,2125,2119,
261,,2125,2120,
261,,2125,2129,
261,,2125,2130,
261,,2125,2206,
261,,2125,2207,
261,,2125,2208,
261,,2126,2119,
261,,2126,2120,
261,,2126,2121,
261,,2126,2130,
261,,2126,2131,
261,,2126,2208,
261,,2127,2120,
261,,2127,2121,
261,,2127,2122,
261,,2127,2131,
261,,2127,2132,
261,,2127,2206,
261,,2127,2207,
261,,2127,2208,
261,,2128,2122,
261,,2128,2123,
261,,2128,2132,
261,,2128,2204,
261,,2128,2205,
261,,2128,2206,
261,,2128,2207,
261,,2129,2124,
261,,2129,2125,
261,,2129,2133,
261,,2129,2202,
261,,2129,2203,
261,,2129,2204,
261,,2130,2125,
261,,2130,2126,
261,,2130,2133,
261,,2130,2134,
261,,2130,2201,
261,,2130,2202,
261,,2131,2126,
261,,2131,2127,
261,,2131,2134,
261,,2131,2135,
261,,2131,2201,
261,,2132,2127,
261,,2132,2128,
261,,2132,2135,
261,,2132,2136,
261,,2133,2129,
261,,2133,2130,
261,,2133,2138,
261,,2133,2139,
261,,2134,2130,
261,,2134,2131,
261,,2135,2131,
261,,2135,2132,
261,,2136,2132,
261,,2138,2133,
261,,2139,2133,
261,,2201,2119,
261,,2201,2120,
261,,2201,2121,
261,,2201,2130,
261,,2201,2131,
261,,2201,2208,
261,,2202,2121,
261,,2202,2122,
261,,2202,2129,
261,,2202,2130,
261,,2203,2121,
261,,2203,2122,
261,,2203,2123,
261,,2203,2129,
261,,2204,2122,
261,,2204,2123,
261,,2204,2128,
261,,2204,2129,
261,,2205,2123,
261,,2205,2124,
261,,2205,2128,
261,,2206,2123,
261,,2206,2124,
261,,2206,2125,
261,,2206,2127,
261,,2206,2128,
261,,2207,2124,
261,,2207,2125,
261,,2207,2127,
261,,2207,2128,
261,,2208,2124,
261,,2208,2125,
261,,2208,2126,
261,,2208,2127,
261,,2208,2201,
324,,1001,1015,
324,,1001,1016,
324,,1001,1017,
324,,1002,1016,
324,,1002,1017,
324,,1002,1018,
324,,1003,1016,
324,,1003,1017,
324,,1003,1018,
324,,1004,1016,
324,,1004,1017,
324,,1004,1018,
324,,1004,1019,
324,,1005,1017,
324,,1005,1018,
324,,1005,1019,
324,,1005,1020,
324,,1006,1018,
324,,1006,1019,
324,,1006,1020,
324,,1007,1018,
324,,1007,1019,
324,,1007,1020,
324,,1007,1021,
324,,1008,1019,
324,,1008,1020,
324,,1008,1021,
324,,1008,1022,
324,,1009,1020,
324,,1009,1021,
324,,1009,1022,
324,,1010,1021,
324,,1010,1022,
324,,1011,1021,
324,,1011,1022,
324,,1011,1023,
324,,1012,1022,
324,,1012,1023,
324,,1012,1024,
324,,1013,1023,
324,,1013,1024,
324,,1013,1025,
324,,1014,1023,
324,,1014,1024,
324,,1014,1025,
324,,1014,1026,
324,,1015,1001,
324,,1015,1025,
324,,1015,1026,
324,,1015,1027,
324,,1015,1303,
324,,1015,1304,
324,,1015,1305,
324,,1015,2010,
324,,1016,1001,
324,,1016,1002,
324,,1016,1003,
324,,1016,1004,
324,,1016,1026,
324,,1016,1027,
324,,1016,1028,
324,,1016,1301,
324,,1016,1302,
324,,1016,1303,
324,,1016,1304,
324,,1016,1305,
324,,1016,2009,
324,,1016,2010,
324,,1017,1001,
324,,1017,1002,
324,,1017,1003,
324,,1017,1004,
324,,1017,1005,
324,,1017,1027,
324,,1017,1028,
324,,1017,1029,
324,,1017,1301,
324,,1017,1302,
324,,1017,1303,
324,,1017,1304,
324,,1017,2008,
324,,1017,2009,
324,,1017,2010,
324,,1017,2011,
324,,1018,1002,
324,,1018,1003,
324,,1018,1004,
324,,1018,1005,
324,,1018,1006,
324,,1018,1007,
324,,1018,1028,
324,,1018,1029,
324,,1018,1301,
324,,1018,1302,
324,,1018,2007,
324,,1018,2008,
324,,1018,2009,
324,,1018,2011,
324,,1019,1004,
324,,1019,1005,
324,,1019,1006,
324,,1019,1007,
324,,1019,1008,
324,,1019,1029,
324,,1019,1030,
324,,1019,1101,
324,,1019,1301,
324,,1019,1701,
324,,1019,2007,
324,,1019,2008,
324,,1019,2011,
324,,1019,2012,
324,,1020,1005,
324,,1020,1006,
324,,1020,1007,
324,,1020,1008,
324,,1020,1009,
324,,1020,1029,
324,,1020,1030,
324,,1020,1101,
324,,1020,1701,
324,,1020,2006,
324,,1020,2007,
324,,1020,2008,
324,,1020,2012,
324,,1021,1007,
324,,1021,1008,
324,,1021,1009,
324,,1021,1010,
324,,1021,1011,
324,,1021,1030,
324,,1021,1101,
324,,1021,1102,
324,,1021,1701,
324,,1021,1702,
324,,1021,2006,
324,,1021,2007,
324,,1021,2012,
324,,1021,2013,
324,,1022,1008,
324,,1022,1009,
324,,1022,1010,
324,,1022,1011,
324,,1022,1012,
324,,1022,1102,
324,,1022,1202,
324,,1022,1702,
324,,1022,2005,
324,,1022,2006,
324,,1022,2013,
324,,1022,2014,
324,,1023,1011,
324,,1023,1012,
324,,1023,1013,
324,,1023,1014,
324,,1023,1102,
324,,1023,1103,
324,,1023,1201,
324,,1023,1202,
324,,1023,1702,
324,,1023,1703,
324,,1023,2003,
324,,1023,2004,
324,,1023,2005,
324,,1023,2014,
324,,1023,2015,
324,,1023,2016,
324,,1024,1012,
324,,1024,1013,
324,,1024,1014,
324,,1024,1103,
324,,1024,1201,
324,,1024,1202,
324,,1024,1703,
324,,1024,2002,
324,,1024,2003,
324,,1024,2004,
324,,1024,2005,
324,,1024,2014,
324,,1024,2015,
324,,1024,2016,
324,,1024,2017,
324,,1025,1013,
324,,1025,1014,
324,,1025,1015,
324,,1025,1103,
324,,1025,1201,
324,,1025,1703,
324,,1025,2001,
324,,1025,2002,
324,,1025,2003,
324,,1025,2004,
324,,1025,2015,
324,,1025,2016,
324,,1025,2017,
324,,1025,2018,
324,,1026,1014,
324,,1026,1015,
324,,1026,1016,
324,,1026,1104,
324,,1026,1704,
324,,1026,2001,
324,,1026,2002,
324,,1026,2003,
324,,1026,2017,
324,,1026,2018,
324,,1027,1015,
324,,1027,1016,
324,,1027,1017,
324,,1027,1104,
324,,1027,1105,
324,,1027,1704,
324,,1027,1705,
324,,1027,2001,
324,,1027,2018,
324,,1027,2019,
324,,1027,2020,
324,,1028,1016,
324,,1028,1017,
324,,1028,1018,
324,,1028,1104,
324,,1028,1105,
324,,1028,1705,
324,,1028,2001,
324,,1028,2002,
324,,1028,2018,
324,,1028,2019,
324,,1029,1017,
324,,1029,1018,
324,,1029,1019,
324,,1029,1020,
324,,1029,1105,
324,,1029,1705,
324,,1029,2001,
324,,1029,2002,
324,,1029,2003,
324,,1029,2016,
324,,1029,2017,
324,,1029,2018,
324,,1030,1019,
324,,1030,1020,
324,,1030,1021,
324,,1030,1106,
324,,1030,2002,
324,,1030,2003,
324,,1030,2004,
324,,1030,2005,
324,,1030,2014,
324,,1030,2015,
324,,1030,2016,
324,,1030,2017,
324,,1101,1019,
324,,1101,1020,
324,,1101,1021,
324,,1101,1106,
324,,1101,2002,
324,,1101,2003,
324,,1101,2004,
324,,1101,2005,
324,,1101,2014,
324,,1101,2015,
324,,1101,2016,
324,,1101,2017,
324,,1102,1021,
324,,1102,1022,
324,,1102,1023,
324,,1102,1107,
324,,1102,1705,
324,,1102,2004,
324,,1102,2005,
324,,1102,2006,
324,,1102,2013,
324,,1102,2014,
324,,1102,2015,
324,,1103,1023,
324,,1103,1024,
324,,1103,1025,
324,,1103,1107,
324,,1103,1108,
324,,1103,1704,
324,,1103,2006,
324,,1103,2007,
324,,1103,2008,
324,,1103,2012,
324,,1104,1026,
324,,1104,1027,
324,,1104,1028,
324,,1104,1109,
324,,1104,1703,
324,,1104,2008,
324,,1104,2009,
324,,1104,2010,
324,,1104,2011,
324,,1105,1027,
324,,1105,1028,
324,,1105,1029,
324,,1105,1109,
324,,1105,1110,
324,,1105,1111,
324,,1105,1401,
324,,1105,1501,
324,,1105,1702,
324,,1105,1703,
324,,1105,2010,
324,,1106,1030,
324,,1106,1101,
324,,1106,1111,
324,,1106,1401,
324,,1106,1402,
324,,1106,1501,
324,,1106,1502,
324,,1106,1701,
324,,1107,1102,
324,,1107,1103,
324,,1107,1112,
324,,1107,1113,
324,,1107,1403,
324,,1107,1503,
324,,1108,1103,
324,,1108,1113,
324,,1108,1114,
324,,1108,1115,
324,,1108,1403,
324,,1108,1404,
324,,1108,1405,
324,,1108,1503,
324,,1108,1504,
324,,1108,1505,
324,,1109,1104,
324,,1109,1105,
324,,1109,1116,
324,,1109,1117,
324,,1109,1405,
324,,1109,1406,
324,,1109,1407,
324,,1109,1505,
324,,1109,1506,
324,,1109,1507,
324,,1109,1508,
324,,1110,1105,
324,,1110,1117,
324,,1110,1118,
324,,1110,1406,
324,,1110,1407,
324,,1110,1408,
324,,1110,1507,
324,,1110,1508,
324,,1111,1105,
324,,1111,1106,
324,,1111,1118,
324,,1111,1407,
324,,1111,1408,
324,,1111,1409,
324,,1111,1508,
324,,1112,1107,
324,,1112,1119,
324,,1112,1120,
324,,1112,1405,
324,,1112,1406,
324,,1112,1407,
324,,1112,1506,
324,,1112,1507,
324,,1112,1508,
324,,1112,1509,
324,,1112,1601,
324,,1112,1602,
324,,1113,1107,
324,,1113,1108,
324,,1113,1120,
324,,1113,1121,
324,,1113,1404,
324,,1113,1405,
324,,1113,1504,
324,,1113,1505,
324,,1113,1506,
324,,1113,1508,
324,,1113,1602,
324,,1113,1603,
324,,1114,1108,
324,,1114,1121,
324,,1114,1403,
324,,1114,1404,
324,,1114,1503,
324,,1114,1504,
324,,1114,1505,
324,,1114,1508,
324,,1114,1603,
324,,1115,1108,
324,,1115,1121,
324,,1115,1122,
324,,1115,1403,
324,,1115,1404,
324,,1115,1503,
324,,1115,1504,
324,,1115,1505,
324,,1115,1506,
324,,1115,1603,
324,,1115,1604,
324,,1116,1109,
324,,1116,1122,
324,,1116,1123,
324,,1116,1403,
324,,1116,1503,
324,,1116,1504,
324,,1116,1505,
324,,1116,1506,
324,,1116,1507,
324,,1116,1604,
324,,1117,1109,
324,,1117,1110,
324,,1117,1122,
324,,1117,1123,
324,,1117,1402,
324,,1117,1502,
324,,1117,1503,
324,,1117,1504,
324,,1117,1505,
324,,1117,1506,
324,,1117,1507,
324,,1117,1604,
324,,1117,1605,
324,,1118,1110,
324,,1118,1111,
324,,1118,1124,
324,,1118,1401,
324,,1118,1402,
324,,1118,1501,
324,,1118,1502,
324,,1118,1503,
324,,1118,1605,
324,,1118,1606,
324,,1118,1607,
324,,1119,1112,
324,,1119,1124,
324,,1119,1125,
324,,1119,1126,
324,,1119,1502,
324,,1119,1607,
324,,1120,1112,
324,,1120,1113,
324,,1120,1125,
324,,1120,1126,
324,,1120,1503,
324,,1120,1605,
324,,1120,1606,
324,,1120,1607,
324,,1121,1113,
324,,1121,1114,
324,,1121,1115,
324,,1121,1503,
324,,1121,1504,
324,,1121,1505,
324,,1121,1506,
324,,1121,1507,
324,,1121,1604,
324,,1121,1605,
324,,1122,1115,
324,,1122,1116,
324,,1122,1117,
324,,1122,1505,
324,,1122,1506,
324,,1122,1603,
324,,1122,1604,
324,,1123,1116,
324,,1123,1117,
324,,1123,1508,
324,,1123,1603,
324,,1124,1118,
324,,1124,1119,
324,,1124,1508,
324,,1124,1509,
324,,1124,1601,
324,,1124,1602,
324,,1125,1119,
324,,1125,1120,
324,,1125,1509,
324,,1125,1601,
324,,1126,1119,
324,,1126,1120,
324,,1126,1509,
324,,1126,1601,
324,,1201,1023,
324,,1201,1024,
324,,1201,1025,
324,,1202,1022,
324,,1202,1023,
324,,1202,1024,
324,,1301,1016,
324,,1301,1017,
324,,1301,1018,
324,,1301,1019,
324,,1302,1016,
324,,1302,1017,
324,,1302,1018,
324,,1303,1015,
324,,1303,1016,
324,,1303,1017,
324,,1304,1015,
324,,1304,1016,
324,,1304,1017,
324,,1305,1015,
324,,1305,1016,
324,,1401,1105,
324,,1401,1106,
324,,1401,1118,
324,,1401,1407,
324,,1401,1408,
324,,1401,1409,
324,,1401,1508,
324,,1402,1106,
324,,1402,1117,
324,,1402,1118,
324,,1402,1409,
324,,1402,1410,
324,,1402,1507,
324,,1402,1508,
324,,1403,1107,
324,,1403,1108,
324,,1403,1114,
324,,1403,1115,
324,,1403,1116,
324,,1403,1410,
324,,1403,1504,
324,,1403,1505,
324,,1403,1506,
324,,1404,1108,
324,,1404,1113,
324,,1404,1114,
324,,1404,1115,
324,,1404,1503,
324,,1404,1504,
324,,1404,1505,
324,,1405,1108,
324,,1405,1109,
324,,1405,1112,
324,,1405,1113,
324,,1405,1503,
324,,1406,1109,
324,,1406,1110,
324,,1406,1112,
324,,1406,1502,
324,,1406,1503,
324,,1407,1109,
324,,1407,1110,
324,,1407,1111,
324,,1407,1112,
324,,1407,1401,
324,,1407,1501,
324,,1407,1502,
324,,1408,1110,
324,,1408,1111,
324,,1408,1401,
324,,1408,1501,
324,,1409,1111,
324,,1409,1401,
324,,1409,1402,
324,,1409,1501,
324,,1410,1402,
324,,1410,1403,
324,,1501,1105,
324,,1501,1106,
324,,1501,1118,
324,,1501,1407,
324,,1501,1408,
324,,1501,1409,
324,,1501,1508,
324,,1502,1106,
324,,1502,1117,
324,,1502,1118,
324,,1502,1119,
324,,1502,1406,
324,,1502,1407,
324,,1502,1509,
324,,1502,1601,
324,,1503,1107,
324,,1503,1108,
324,,1503,1114,
324,,1503,1115,
324,,1503,1116,
324,,1503,1117,
324,,1503,1118,
324,,1503,1120,
324,,1503,1121,
324,,1503,1404,
324,,1503,1405,
324,,1503,1406,
324,,1503,1602,
324,,1503,1603,
324,,1504,1108,
324,,1504,1113,
324,,1504,1114,
324,,1504,1115,
324,,1504,1116,
324,,1504,1117,
324,,1504,1121,
324,,1504,1403,
324,,1504,1404,
324,,1504,1603,
324,,1505,1108,
324,,1505,1109,
324,,1505,1113,
324,,1505,1114,
324,,1505,1115,
324,,1505,1116,
324,,1505,1117,
324,,1505,1121,
324,,1505,1122,
324,,1505,1403,
324,,1505,1404,
324,,1505,1604,
324,,1506,1109,
324,,1506,1112,
324,,1506,1113,
324,,1506,1115,
324,,1506,1116,
324,,1506,1117,
324,,1506,1121,
324,,1506,1122,
324,,1506,1403,
324,,1506,1603,
324,,1506,1604,
324,,1507,1109,
324,,1507,1110,
324,,1507,1112,
324,,1507,1116,
324,,1507,1117,
324,,1507,1121,
324,,1507,1402,
324,,1507,1603,
324,,1508,1109,
324,,1508,1110,
324,,1508,1111,
324,,1508,1112,
324,,1508,1113,
324,,1508,1114,
324,,1508,1123,
324,,1508,1124,
324,,1508,1401,
324,,1508,1402,
324,,1508,1501,
324,,1508,1605,
324,,1508,1606,
324,,1509,1112,
324,,1509,1124,
324,,1509,1125,
324,,1509,1126,
324,,1509,1502,
324,,1509,1607,
324,,1601,1112,
324,,1601,1124,
324,,1601,1125,
324,,1601,1126,
324,,1601,1502,
324,,1601,1607,
324,,1602,1112,
324,,1602,1113,
324,,1602,1124,
324,,1602,1503,
324,,1602,1608,
324,,1603,1113,
324,,1603,1114,
324,,1603,1115,
324,,1603,1122,
324,,1603,1123,
324,,1603,1503,
324,,1603,1504,
324,,1603,1506,
324,,1603,1507,
324,,1604,1115,
324,,1604,1116,
324,,1604,1117,
324,,1604,1121,
324,,1604,1122,
324,,1604,1505,
324,,1604,1506,
324,,1605,1117,
324,,1605,1118,
324,,1605,1120,
324,,1605,1121,
324,,1605,1508,
324,,1606,1118,
324,,1606,1120,
324,,1606,1508,
324,,1607,1118,
324,,1607,1119,
324,,1607,1120,
324,,1607,1509,
324,,1607,1601,
324,,1608,1602,
324,,1701,1019,
324,,1701,1020,
324,,1701,1021,
324,,1701,1106,
324,,1701,2002,
324,,1701,2003,
324,,1701,2004,
324,,1701,2005,
324,,1701,2014,
324,,1701,2015,
324,,1701,2016,
324,,1701,2017,
324,,1702,1021,
324,,1702,1022,
324,,1702,1023,
324,,1702,1105,
324,,1702,1706,
324,,1702,2005,
324,,1702,2006,
324,,1702,2013,
324,,1702,2014,
324,,1703,1023,
324,,1703,1024,
324,,1703,1025,
324,,1703,1104,
324,,1703,1105,
324,,1703,1707,
324,,1703,1708,
324,,1703,2006,
324,,1703,2007,
324,,1703,2012,
324,,1703,2013,
324,,1704,1026,
324,,1704,1027,
324,,1704,1103,
324,,1704,1708,
324,,1704,1709,
324,,1704,2008,
324,,1704,2009,
324,,1704,2010,
324,,1704,2011,
324,,1705,1027,
324,,1705,1028,
324,,1705,1029,
324,,1705,1102,
324,,1705,1709,
324,,1705,2010,
324,,1706,1702,
324,,1706,1710,
324,,1706,1711,
324,,1707,1703,
324,,1707,1711,
324,,1708,1703,
324,,1708,1704,
324,,1708,1712,
324,,1709,1704,
324,,1709,1705,
324,,1709,1712,
324,,1709,1713,
324,,1709,1801,
324,,1710,1706,
324,,1710,1715,
324,,1710,1716,
324,,1710,1804,
324,,1711,1706,
324,,1711,1707,
324,,1711,1716,
324,,1711,1804,
324,,1711,1805,
324,,1712,1708,
324,,1712,1709,
324,,1712,1717,
324,,1712,1718,
324,,1712,1806,
324,,1712,1807,
324,,1713,1709,
324,,1713,1718,
324,,1713,1719,
324,,1713,1808,
324,,1714,1719,
324,,1714,1720,
324,,1714,1807,
324,,1715,1710,
324,,1715,1720,
324,,1715,1805,
324,,1715,1806,
324,,1715,1807,
324,,1716,1710,
324,,1716,1711,
324,,1716,1721,
324,,1716,1804,
324,,1716,1805,
324,,1717,1712,
324,,1717,1722,
324,,1717,1802,
324,,1717,1803,
324,,1718,1712,
324,,1718,1713,
324,,1718,1723,
324,,1718,1801,
324,,1718,1802,
324,,1719,1713,
324,,1719,1714,
324,,1719,1801,
324,,1720,1714,
324,,1720,1715,
324,,1720,1724,
324,,1720,1725,
324,,1720,1901,
324,,1720,1902,
324,,1721,1716,
324,,1721,1726,
324,,1721,1903,
324,,1721,1904,
324,,1722,1717,
324,,1722,1726,
324,,1722,1904,
324,,1722,1905,
324,,1722,1906,
324,,1723,1718,
324,,1723,1905,
324,,1723,1906,
324,,1723,1907,
324,,1724,1720,
324,,1724,1909,
324,,1725,1720,
324,,1725,1908,
324,,1725,1909,
324,,1726,1721,
324,,1726,1722,
324,,1726,1905,
324,,1726,1906,
324,,1726,1907,
324,,1801,1709,
324,,1801,1718,
324,,1801,1719,
324,,1801,1808,
324,,1802,1717,
324,,1802,1718,
324,,1802,1808,
324,,1802,1809,
324,,1803,1717,
324,,1803,1809,
324,,1803,1810,
324,,1804,1710,
324,,1804,1711,
324,,1804,1716,
324,,1804,1811,
324,,1805,1711,
324,,1805,1715,
324,,1805,1716,
324,,1806,1712,
324,,1806,1715,
324,,1807,1712,
324,,1807,1714,
324,,1807,1715,
324,,1808,1713,
324,,1808,1801,
324,,1808,1802,
324,,1809,1802,
324,,1809,1803,
324,,1810,1803,
324,,1811,1804,
324,,1901,1720,
324,,1901,1909,
324,,1902,1720,
324,,1902,1909,
324,,1903,1721,
324,,1904,1721,
324,,1904,1722,
324,,1905,1722,
324,,1905,1723,
324,,1905,1726,
324,,1906,1722,
324,,1906,1723,
324,,1906,1726,
324,,1907,1723,
324,,1907,1726,
324,,1908,1725,
324,,1909,1724,
324,,1909,1725,
324,,1909,1901,
324,,1909,1902,
324,,2001,1025,
324,,2001,1026,
324,,2001,1027,
324,,2001,1028,
324,,2001,1029,
324,,2001,2010,
324,,2001,2011,
324,,2002,1024,
324,,2002,1025,
324,,2002,1026,
324,,2002,1028,
324,,2002,1029,
324,,2002,1030,
324,,2002,1101,
324,,2002,1701,
324,,2002,2011,
324,,2002,2012,
324,,2003,1023,
324,,2003,1024,
324,,2003,1025,
324,,2003,1026,
324,,2003,1029,
324,,2003,1030,
324,,2003,1101,
324,,2003,1701,
324,,2003,2011,
324,,2003,2012,
324,,2004,1023,
324,,2004,1024,
324,,2004,1025,
324,,2004,1030,
324,,2004,1101,
324,,2004,1102,
324,,2004,1701,
324,,2004,2012,
324,,2004,2013,
324,,2005,1022,
324,,2005,1023,
324,,2005,1024,
324,,2005,1030,
324,,2005,1101,
324,,2005,1102,
324,,2005,1701,
324,,2005,1702,
324,,2005,2013,
324,,2005,2014,
324,,2006,1020,
324,,2006,1021,
324,,2006,1022,
324,,2006,1102,
324,,2006,1103,
324,,2006,1702,
324,,2006,1703,
324,,2006,2014,
324,,2006,2015,
324,,2006,2016,
324,,2007,1018,
324,,2007,1019,
324,,2007,1020,
324,,2007,1021,
324,,2007,1103,
324,,2007,1703,
324,,2007,2015,
324,,2007,2016,
324,,2007,2017,
324,,2007,2018,
324,,2008,1017,
324,,2008,1018,
324,,2008,1019,
324,,2008,1020,
324,,2008,1103,
324,,2008,1104,
324,,2008,1704,
324,,2008,2016,
324,,2008,2017,
324,,2008,2018,
324,,2009,1016,
324,,2009,1017,
324,,2009,1018,
324,,2009,1104,
324,,2009,1704,
324,,2009,2018,
324,,2009,2019,
324,,2010,1015,
324,,2010,1016,
324,,2010,1017,
324,,2010,1104,
324,,2010,1105,
324,,2010,1704,
324,,2010,1705,
324,,2010,2001,
324,,2010,2018,
324,,2010,2019,
324,,2010,2020,
324,,2011,1017,
324,,2011,1018,
324,,2011,1019,
324,,2011,1104,
324,,2011,1704,
324,,2011,2001,
324,,2011,2002,
324,,2011,2003,
324,,2011,2019,
324,,2011,2020,
324,,2011,2021,
324,,2012,1019,
324,,2012,1020,
324,,2012,1021,
324,,2012,1103,
324,,2012,1703,
324,,2012,2002,
324,,2012,2003,
324,,2012,2004,
324,,2012,2021,
324,,2012,2022,
324,,2012,2023,
324,,2013,1021,
324,,2013,1022,
324,,2013,1102,
324,,2013,1702,
324,,2013,1703,
324,,2013,2004,
324,,2013,2005,
324,,2013,2022,
324,,2013,2023,
324,,2013,2024,
324,,2014,1022,
324,,2014,1023,
324,,2014,1024,
324,,2014,1030,
324,,2014,1101,
324,,2014,1102,
324,,2014,1701,
324,,2014,1702,
324,,2014,2005,
324,,2014,2006,
324,,2014,2024,
324,,2015,1023,
324,,2015,1024,
324,,2015,1025,
324,,2015,1030,
324,,2015,1101,
324,,2015,1102,
324,,2015,1701,
324,,2015,2006,
324,,2015,2007,
324,,2015,2024,
324,,2015,2025,
324,,2016,1023,
324,,2016,1024,
324,,2016,1025,
324,,2016,1029,
324,,2016,1030,
324,,2016,1101,
324,,2016,1701,
324,,2016,2006,
324,,2016,2007,
324,,2016,2008,
324,,2016,2024,
324,,2016,2025,
324,,2016,2026,
324,,2017,1024,
324,,2017,1025,
324,,2017,1026,
324,,2017,1029,
324,,2017,1030,
324,,2017,1101,
324,,2017,1701,
324,,2017,2007,
324,,2017,2008,
324,,2017,2025,
324,,2017,2026,
324,,2017,2027,
324,,2018,1025,
324,,2018,1026,
324,,2018,1027,
324,,2018,1028,
324,,2018,1029,
324,,2018,2007,
324,,2018,2008,
324,,2018,2009,
324,,2018,2010,
324,,2018,2026,
324,,2018,2027,
324,,2018,2028,
324,,2019,1027,
324,,2019,1028,
324,,2019,2009,
324,,2019,2010,
324,,2019,2011,
324,,2019,2028,
324,,2019,2029,
324,,2020,1027,
324,,2020,2010,
324,,2020,2011,
324,,2020,2028,
324,,2020,2029,
324,,2020,2030,
324,,2021,2011,
324,,2021,2012,
324,,2021,2029,
324,,2021,2030,
324,,2021,2031,
324,,2022,2012,
324,,2022,2013,
324,,2022,2031,
324,,2022,2032,
324,,2023,2012,
324,,2023,2013,
324,,2023,2031,
324,,2023,2032,
324,,2024,2013,
324,,2024,2014,
324,,2024,2015,
324,,2024,2016,
324,,2024,2033,
324,,2024,2034,
324,,2024,2035,
324,,2025,2015,
324,,2025,2016,
324,,2025,2017,
324,,2025,2034,
324,,2025,2035,
324,,2026,2016,
324,,2026,2017,
324,,2026,2018,
324,,2026,2035,
324,,2027,2017,
324,,2027,2018,
324,,2028,2018,
324,,2028,2019,
324,,2028,2020,
324,,2029,2019,
324,,2029,2020,
324,,2029,2021,
324,,2030,2020,
324,,2030,2021,
324,,2031,2021,
324,,2031,2022,
324,,2031,2023,
324,,2032,2022,
324,,2032,2023,
324,,2033,2024,
324,,2034,2024,
324,,2034,2025,
324,,2035,2024,
324,,2035,2025,
324,,2035,2026,
324,,2101,2113,
324,,2101,2114,
324,,2101,2115,
324,,2102,2113,
324,,2102,2114,
324,,2102,2115,
324,,2102,2116,
324,,2103,2114,
324,,2103,2115,
324,,2103,2116,
324,,2103,2117,
324,,2104,2115,
324,,2104,2116,
324,,2104,2117,
324,,2105,2115,
324,,2105,2116,
324,,2105,2117,
324,,2106,2116,
324,,2106,2117,
324,,2106,2118,
324,,2107,2117,
324,,2107,2118,
324,,2107,2119,
324,,2108,2118,
324,,2108,2119,
324,,2109,2118,
324,,2109,2119,
324,,2109,2120,
324,,2110,2119,
324,,2110,2120,
324,,2111,2120,
324,,2111,2121,
324,,2111,2122,
324,,2112,2121,
324,,2112,2122,
324,,2113,2101,
324,,2113,2102,
324,,2113,2123,
324,,2114,2101,
324,,2114,2102,
324,,2114,2103,
324,,2114,2123,
324,,2114,2124,
324,,2115,2101,
324,,2115,2102,
324,,2115,2103,
324,,2115,2104,
324,,2115,2105,
324,,2115,2123,
324,,2115,2124,
324,,2115,2125,
324,,2116,2102,
324,,2116,2103,
324,,2116,2104,
324,,2116,2105,
324,,2116,2106,
324,,2116,2124,
324,,2116,2125,
324,,2116,2126,
324,,2116,2201,
324,,2117,2103,
324,,2117,2104,
324,,2117,2105,
324,,2117,2106,
324,,2117,2107,
324,,2117,2125,
324,,2117,2126,
324,,2117,2201,
324,,2118,2106,
324,,2118,2107,
324,,2118,2108,
324,,2118,2109,
324,,2118,2126,
324,,2118,2127,
324,,2118,2201,
324,,2118,2202,
324,,2119,2107,
324,,2119,2108,
324,,2119,2109,
324,,2119,2110,
324,,2119,2127,
324,,2119,2202,
324,,2119,2203,
324,,2120,2109,
324,,2120,2110,
324,,2120,2111,
324,,2120,2128,
324,,2120,2202,
324,,2120,2203,
324,,2120,2204,
324,,2120,2205,
324,,2121,2111,
324,,2121,2112,
324,,2121,2128,
324,,2121,2129,
324,,2121,2204,
324,,2121,2205,
324,,2121,2206,
324,,2121,2207,
324,,2122,2111,
324,,2122,2112,
324,,2122,2129,
324,,2122,2205,
324,,2122,2206,
324,,2122,2207,
324,,2123,2113,
324,,2123,2114,
324,,2123,2115,
324,,2123,2129,
324,,2123,2130,
324,,2123,2207,
324,,2123,2208,
324,,2124,2114,
324,,2124,2115,
324,,2124,2116,
324,,2124,2130,
324,,2124,2131,
324,,2125,2115,
324,,2125,2116,
324,,2125,2117,
324,,2125,2131,
324,,2125,2132,
324,,2126,2116,
324,,2126,2117,
324,,2126,2118,
324,,2126,2132,
324,,2127,2118,
324,,2127,2119,
324,,2128,2120,
324,,2128,2121,
324,,2128,2133,
324,,2128,2208,
324,,2129,2121,
324,,2129,2122,
324,,2129,2123,
324,,2129,2134,
324,,2129,2135,
324,,2129,2205,
324,,2129,2206,
324,,2129,2207,
324,,2130,2123,
324,,2130,2124,
324,,2130,2135,
324,,2130,2136,
324,,2130,2203,
324,,2130,2204,
324,,2130,2205,
324,,2131,2124,
324,,2131,2125,
324,,2131,2136,
324,,2131,2137,
324,,2131,2138,
324,,2131,2139,
324,,2131,2202,
324,,2131,2203,
324,,2132,2125,
324,,2132,2126,
324,,2132,2137,
324,,2132,2138,
324,,2132,2139,
324,,2132,2201,
324,,2132,2202,
324,,2133,2128,
324,,2134,2129,
324,,2135,2129,
324,,2135,2130,
324,,2136,2130,
324,,2136,2131,
324,,2137,2131,
324,,2137,2132,
324,,2138,2131,
324,,2138,2132,
324,,2139,2131,
324,,2139,2132,
324,,2201,2116,
324,,2201,2117,
324,,2201,2118,
324,,2201,2132,
324,,2202,2118,
324,,2202,2119,
324,,2202,2120,
324,,2202,2131,
324,,2202,2132,
324,,2203,2119,
324,,2203,2120,
324,,2203,2130,
324,,2203,2131,
324,,2204,2120,
324,,2204,2121,
324,,2204,2130,
324,,2205,2120,
324,,2205,2121,
324,,2205,2122,
324,,2205,2129,
324,,2205,2130,
324,,2206,2121,
324,,2206,2122,
324,,2206,2129,
324,,2207,2121,
324,,2207,2122,
324,,2207,2123,
324,,2207,2129,
324,,2208,2123,
324,,2208,2128,
377,,1001,1018,
377,,1001,1019,
377,,1001,1020,
377,,1001,1021,
377,,1002,1019,
377,,1002,1020,
377,,1002,1021,
377,,1002,1022,
377,,1003,1019,
377,,1003,1020,
377,,1003,1021,
377,,1003,1022,
377,,1004,1020,
377,,1004,1021,
377,,1004,1022,
377,,1005,1021,
377,,1005,1022,
377,,1006,1021,
377,,1006,1022,
377,,1006,1023,
377,,1007,1022,
377,,1007,1023,
377,,1007,1024,
377,,1008,1023,
377,,1008,1024,
377,,1009,1023,
377,,1009,1024,
377,,1009,1025,
377,,1010,1023,
377,,1010,1024,
377,,1010,1025,
377,,1010,1026,
377,,1011,1024,
377,,1011,1025,
377,,1011,1026,
377,,1012,1025,
377,,1012,1026,
377,,1012,1027,
377,,1012,2010,
377,,1013,1026,
377,,1013,1027,
377,,1013,2010,
377,,1014,1027,
377,,1014,1028,
377,,1014,1029,
377,,1014,2008,
377,,1014,2009,
377,,1014,2010,
377,,1014,2011,
377,,1015,1028,
377,,1015,1029,
377,,1015,2007,
377,,1015,2008,
377,,1015,2009,
377,,1015,2011,
377,,1015,2012,
377,,1016,1029,
377,,1016,1030,
377,,1016,1101,
377,,1016,1701,
377,,1016,2006,
377,,1016,2007,
377,,1016,2008,
377,,1016,2011,
377,,1016,2012,
377,,1017,1030,
377,,1017,1101,
377,,1017,1102,
377,,1017,1305,
377,,1017,1701,
377,,1017,1702,
377,,1017,2006,
377,,1017,2007,
377,,1017,2012,
377,,1017,2013,
377,,1018,1001,
377,,1018,1030,
377,,1018,1101,
377,,1018,1102,
377,,1018,1303,
377,,1018,1304,
377,,1018,1305,
377,,1018,1701,
377,,1018,1702,
377,,1018,2005,
377,,1018,2006,
377,,1018,2012,
377,,1018,2013,
377,,1018,2014,
377,,1019,1001,
377,,1019,1002,
377,,1019,1003,
377,,1019,1102,
377,,1019,1302,
377,,1019,1303,
377,,1019,1304,
377,,1019,1305,
377,,1019,1702,
377,,1019,1703,
377,,1019,2004,
377,,1019,2005,
377,,1019,2006,
377,,1019,2013,
377,,1019,2014,
377,,1019,2015,
377,,1020,1001,
377,,1020,1002,
377,,1020,1003,
377,,1020,1004,
377,,1020,1102,
377,,1020,1103,
377,,1020,1301,
377,,1020,1302,
377,,1020,1303,
377,,1020,1304,
377,,1020,1305,
377,,1020,1702,
377,,1020,1703,
377,,1020,2004,
377,,1020,2005,
377,,1020,2013,
377,,1020,2014,
377,,1020,2015,
377,,1020,2016,
377,,1021,1001,
377,,1021,1002,
377,,1021,1003,
377,,1021,1004,
377,,1021,1005,
377,,1021,1006,
377,,1021,1103,
377,,1021,1301,
377,,1021,1302,
377,,1021,1303,
377,,1021,1304,
377,,1021,1703,
377,,1021,2002,
377,,1021,2003,
377,,1021,2004,
377,,1021,2005,
377,,1021,2014,
377,,1021,2015,
377,,1021,2016,
377,,1021,2017,
377,,1022,1002,
377,,1022,1003,
377,,1022,1004,
377,,1022,1005,
377,,1022,1006,
377,,1022,1007,
377,,1022,1103,
377,,1022,1301,
377,,1022,1302,
377,,1022,1703,
377,,1022,2001,
377,,1022,2002,
377,,1022,2003,
377,,1022,2004,
377,,1022,2015,
377,,1022,2016,
377,,1022,2017,
377,,1022,2018,
377,,1023,1006,
377,,1023,1007,
377,,1023,1008,
377,,1023,1009,
377,,1023,1010,
377,,1023,1104,
377,,1023,1704,
377,,1023,2001,
377,,1023,2002,
377,,1023,2017,
377,,1023,2018,
377,,1023,2019,
377,,1024,1007,
377,,1024,1008,
377,,1024,1009,
377,,1024,1010,
377,,1024,1011,
377,,1024,1104,
377,,1024,1105,
377,,1024,1704,
377,,1024,2001,
377,,1024,2018,
377,,1024,2019,
377,,1025,1009,
377,,1025,1010,
377,,1025,1011,
377,,1025,1012,
377,,1025,1104,
377,,1025,1105,
377,,1025,1202,
377,,1025,1704,
377,,1025,1705,
377,,1025,2019,
377,,1025,2020,
377,,1026,1010,
377,,1026,1011,
377,,1026,1012,
377,,1026,1013,
377,,1026,1105,
377,,1026,1201,
377,,1026,1202,
377,,1026,1705,
377,,1026,2019,
377,,1026,2020,
377,,1026,2021,
377,,1027,1012,
377,,1027,1013,
377,,1027,1014,
377,,1027,1106,
377,,1027,1201,
377,,1027,1202,
377,,1027,2021,
377,,1027,2022,
377,,1027,2023,
377,,1028,1014,
377,,1028,1015,
377,,1028,1106,
377,,1028,1706,
377,,1028,2020,
377,,1028,2021,
377,,1028,2022,
377,,1029,1014,
377,,1029,1015,
377,,1029,1016,
377,,1029,1106,
377,,1029,1107,
377,,1029,1706,
377,,1029,2019,
377,,1029,2020,
377,,1029,2021,
377,,1030,1016,
377,,1030,1017,
377,,1030,1018,
377,,1030,1107,
377,,1030,1706,
377,,1030,1707,
377,,1030,2001,
377,,1030,2018,
377,,1030,2019,
377,,1101,1016,
377,,1101,1017,
377,,1101,1018,
377,,1101,1107,
377,,1101,1706,
377,,1101,1707,
377,,1101,2001,
377,,1101,2018,
377,,1101,2019,
377,,1102,1017,
377,,1102,1018,
377,,1102,1019,
377,,1102,1020,
377,,1102,1108,
377,,1102,1706,
377,,1102,2001,
377,,1102,2002,
377,,1102,2003,
377,,1102,2016,
377,,1102,2017,
377,,1102,2018,
377,,1103,1020,
377,,1103,1021,
377,,1103,1022,
377,,1103,1109,
377,,1103,1110,
377,,1103,1705,
377,,1103,2004,
377,,1103,2005,
377,,1103,2013,
377,,1103,2014,
377,,1103,2015,
377,,1103,2016,
377,,1104,1023,
377,,1104,1024,
377,,1104,1025,
377,,1104,1110,
377,,1104,1111,
377,,1104,1401,
377,,1104,1501,
377,,1104,1704,
377,,1104,1705,
377,,1104,2006,
377,,1104,2007,
377,,1104,2012,
377,,1104,2013,
377,,1105,1024,
377,,1105,1025,
377,,1105,1026,
377,,1105,1112,
377,,1105,1402,
377,,1105,1502,
377,,1105,1704,
377,,1105,2007,
377,,1105,2008,
377,,1105,2009,
377,,1105,2011,
377,,1105,2012,
377,,1106,1027,
377,,1106,1028,
377,,1106,1029,
377,,1106,1112,
377,,1106,1113,
377,,1106,1403,
377,,1106,1503,
377,,1106,1702,
377,,1106,1703,
377,,1106,2009,
377,,1106,2010,
377,,1107,1029,
377,,1107,1030,
377,,1107,1101,
377,,1107,1114,
377,,1107,1115,
377,,1107,1116,
377,,1107,1404,
377,,1107,1405,
377,,1107,1406,
377,,1107,1504,
377,,1107,1505,
377,,1107,1506,
377,,1107,1507,
377,,1107,1701,
377,,1108,1102,
377,,1108,1116,
377,,1108,1117,
377,,1108,1406,
377,,1108,1407,
377,,1108,1506,
377,,1108,1507,
377,,1108,1508,
377,,1109,1103,
377,,1109,1118,
377,,1109,1119,
377,,1109,1408,
377,,1109,1409,
377,,1109,1509,
377,,1109,1601,
377,,1110,1103,
377,,1110,1104,
377,,1110,1119,
377,,1110,1409,
377,,1110,1410,
377,,1110,1509,
377,,1110,1601,
377,,1111,1104,
377,,1111,1119,
377,,1111,1120,
377,,1111,1410,
377,,1111,1509,
377,,1111,1601,
377,,1111,1602,
377,,1112,1105,
377,,1112,1106,
377,,1112,1121,
377,,1112,1408,
377,,1112,1409,
377,,1112,1603,
377,,1113,1106,
377,,1113,1122,
377,,1113,1123,
377,,1113,1406,
377,,1113,1407,
377,,1113,1408,
377,,1113,1507,
377,,1113,1604,
377,,1114,1107,
377,,1114,1122,
377,,1114,1123,
377,,1114,1405,
377,,1114,1406,
377,,1114,1407,
377,,1114,1506,
377,,1114,1507,
377,,1114,1604,
377,,1114,1605,
377,,1115,1107,
377,,1115,1123,
377,,1115,1124,
377,,1115,1405,
377,,1115,1406,
377,,1115,1507,
377,,1115,1605,
377,,1115,1606,
377,,1116,1107,
377,,1116,1108,
377,,1116,1124,
377,,1116,1404,
377,,1116,1405,
377,,1116,1605,
377,,1116,1606,
377,,1116,1607,
377,,1117,1108,
377,,1117,1124,
377,,1117,1125,
377,,1117,1403,
377,,1117,1404,
377,,1117,1606,
377,,1117,1607,
377,,1118,1109,
377,,1118,1125,
377,,1118,1126,
377,,1118,1403,
377,,1118,1608,
377,,1119,1109,
377,,1119,1110,
377,,1119,1111,
377,,1119,1401,
377,,1119,1402,
377,,1119,1501,
377,,1119,1608,
377,,1120,1111,
377,,1120,1401,
377,,1120,1501,
377,,1120,1502,
377,,1120,1608,
377,,1121,1112,
377,,1121,1502,
377,,1121,1606,
377,,1121,1607,
377,,1122,1113,
377,,1122,1114,
377,,1122,1503,
377,,1122,1504,
377,,1122,1507,
377,,1122,1605,
377,,1122,1606,
377,,1123,1113,
377,,1123,1114,
377,,1123,1115,
377,,1123,1503,
377,,1123,1504,
377,,1123,1505,
377,,1123,1506,
377,,1123,1507,
377,,1123,1604,
377,,1123,1605,
377,,1124,1115,
377,,1124,1116,
377,,1124,1117,
377,,1124,1505,
377,,1124,1603,
377,,1124,1604,
377,,1125,1117,
377,,1125,1118,
377,,1125,1508,
377,,1125,1602,
377,,1125,1603,
377,,1126,1118,
377,,1126,1508,
377,,1126,1602,
377,,1201,1026,
377,,1201,1027,
377,,1201,2010,
377,,1202,1025,
377,,1202,1026,
377,,1202,1027,
377,,1202,2010,
377,,1301,1020,
377,,1301,1021,
377,,1301,1022,
377,,1302,1019,
377,,1302,1020,
377,,1302,1021,
377,,1302,1022,
377,,1303,1018,
377,,1303,1019,
377,,1303,1020,
377,,1303,1021,
377,,1304,1018,
377,,1304,1019,
377,,1304,1020,
377,,1304,1021,
377,,1305,1017,
377,,1305,1018,
377,,1305,1019,
377,,1305,1020,
377,,1401,1104,
377,,1401,1119,
377,,1401,1120,
377,,1401,1410,
377,,1401,1509,
377,,1401,1601,
377,,1401,1602,
377,,1402,1105,
377,,1402,1119,
377,,1402,1509,
377,,1402,1601,
377,,1403,1106,
377,,1403,1117,
377,,1403,1118,
377,,1403,1507,
377,,1403,1508,
377,,1404,1107,
377,,1404,1116,
377,,1404,1117,
377,,1404,1506,
377,,1404,1507,
377,,1404,1508,
377,,1405,1107,
377,,1405,1114,
377,,1405,1115,
377,,1405,1116,
377,,1405,1504,
377,,1405,1505,
377,,1405,1506,
377,,1405,1507,
377,,1406,1107,
377,,1406,1108,
377,,1406,1113,
377,,1406,1114,
377,,1406,1115,
377,,1406,1504,
377,,1406,1505,
377,,1406,1506,
377,,1407,1108,
377,,1407,1113,
377,,1407,1114,
377,,1407,1503,
377,,1407,1504,
377,,1408,1109,
377,,1408,1112,
377,,1408,1113,
377,,1408,1502,
377,,1408,1503,
377,,1409,1109,
377,,1409,1110,
377,,1409,1112,
377,,1409,1502,
377,,1410,1110,
377,,1410,1111,
377,,1410,1401,
377,,1410,1501,
377,,1410,1502,
377,,1501,1104,
377,,1501,1119,
377,,1501,1120,
377,,1501,1410,
377,,1501,1509,
377,,1501,1601,
377,,1501,1602,
377,,1502,1105,
377,,1502,1120,
377,,1502,1121,
377,,1502,1408,
377,,1502,1409,
377,,1502,1410,
377,,1502,1602,
377,,1502,1603,
377,,1503,1106,
377,,1503,1122,
377,,1503,1123,
377,,1503,1407,
377,,1503,1408,
377,,1503,1604,
377,,1504,1107,
377,,1504,1122,
377,,1504,1123,
377,,1504,1405,
377,,1504,1406,
377,,1504,1407,
377,,1504,1604,
377,,1504,1605,
377,,1505,1107,
377,,1505,1123,
377,,1505,1124,
377,,1505,1405,
377,,1505,1406,
377,,1505,1605,
377,,1505,1606,
377,,1506,1107,
377,,1506,1108,
377,,1506,1114,
377,,1506,1123,
377,,1506,1404,
377,,1506,1405,
377,,1506,1406,
377,,1506,1605,
377,,1506,1606,
377,,1507,1107,
377,,1507,1108,
377,,1507,1113,
377,,1507,1114,
377,,1507,1115,
377,,1507,1122,
377,,1507,1123,
377,,1507,1403,
377,,1507,1404,
377,,1507,1405,
377,,1507,1604,
377,,1507,1605,
377,,1508,1108,
377,,1508,1125,
377,,1508,1126,
377,,1508,1403,
377,,1508,1404,
377,,1508,1607,
377,,1508,1608,
377,,1509,1109,
377,,1509,1110,
377,,1509,1111,
377,,1509,1401,
377,,1509,1402,
377,,1509,1501,
377,,1509,1608,
377,,1601,1109,
377,,1601,1110,
377,,1601,1111,
377,,1601,1401,
377,,1601,1402,
377,,1601,1501,
377,,1601,1608,
377,,1602,1111,
377,,1602,1125,
377,,1602,1126,
377,,1602,1401,
377,,1602,1501,
377,,1602,1502,
377,,1603,1112,
377,,1603,1124,
377,,1603,1125,
377,,1603,1502,
377,,1604,1113,
377,,1604,1114,
377,,1604,1123,
377,,1604,1124,
377,,1604,1503,
377,,1604,1504,
377,,1604,1507,
377,,1605,1114,
377,,1605,1115,
377,,1605,1116,
377,,1605,1122,
377,,1605,1123,
377,,1605,1504,
377,,1605,1505,
377,,1605,1506,
377,,1605,1507,
377,,1606,1115,
377,,1606,1116,
377,,1606,1117,
377,,1606,1121,
377,,1606,1122,
377,,1606,1505,
377,,1606,1506,
377,,1607,1116,
377,,1607,1117,
377,,1607,1121,
377,,1607,1508,
377,,1608,1118,
377,,1608,1119,
377,,1608,1120,
377,,1608,1508,
377,,1608,1509,
377,,1608,1601,
377,,1701,1016,
377,,1701,1017,
377,,1701,1018,
377,,1701,1107,
377,,1701,1706,
377,,1701,1707,
377,,1701,2001,
377,,1701,2018,
377,,1701,2019,
377,,1702,1017,
377,,1702,1018,
377,,1702,1019,
377,,1702,1020,
377,,1702,1106,
377,,1702,1707,
377,,1702,1708,
377,,1702,2001,
377,,1702,2002,
377,,1702,2003,
377,,1702,2004,
377,,1702,2015,
377,,1702,2016,
377,,1702,2017,
377,,1702,2018,
377,,1703,1019,
377,,1703,1020,
377,,1703,1021,
377,,1703,1022,
377,,1703,1106,
377,,1703,1709,
377,,1703,2003,
377,,1703,2004,
377,,1703,2005,
377,,1703,2014,
377,,1703,2015,
377,,1703,2016,
377,,1703,2017,
377,,1704,1023,
377,,1704,1024,
377,,1704,1025,
377,,1704,1104,
377,,1704,1105,
377,,1704,2006,
377,,1704,2007,
377,,1704,2012,
377,,1704,2013,
377,,1705,1025,
377,,1705,1026,
377,,1705,1103,
377,,1705,1104,
377,,1705,1710,
377,,1705,2007,
377,,1705,2008,
377,,1705,2009,
377,,1705,2011,
377,,1705,2012,
377,,1706,1028,
377,,1706,1029,
377,,1706,1030,
377,,1706,1101,
377,,1706,1102,
377,,1706,1701,
377,,1706,1712,
377,,1707,1030,
377,,1707,1101,
377,,1707,1701,
377,,1707,1702,
377,,1707,1712,
377,,1707,1713,
377,,1707,1801,
377,,1708,1702,
377,,1708,1713,
377,,1708,1714,
377,,1708,1801,
377,,1708,1802,
377,,1709,1703,
377,,1709,1714,
377,,1709,1715,
377,,1709,1802,
377,,1709,1803,
377,,1710,1705,
377,,1710,1717,
377,,1710,1805,
377,,1710,1806,
377,,1711,1717,
377,,1711,1718,
377,,1711,1806,
377,,1711,1807,
377,,1712,1706,
377,,1712,1707,
377,,1712,1719,
377,,1712,1720,
377,,1712,1808,
377,,1712,1809,
377,,1713,1707,
377,,1713,1708,
377,,1713,1720,
377,,1713,1809,
377,,1713,1810,
377,,1713,1811,
377,,1714,1708,
377,,1714,1709,
377,,1714,1721,
377,,1714,1808,
377,,1714,1809,
377,,1714,1810,
377,,1715,1709,
377,,1715,1721,
377,,1715,1808,
377,,1715,1809,
377,,1716,1722,
377,,1716,1723,
377,,1716,1806,
377,,1716,1807,
377,,1717,1710,
377,,1717,1711,
377,,1717,1723,
377,,1717,1804,
377,,1717,1805,
377,,1718,1711,
377,,1718,1724,
377,,1718,1725,
377,,1718,1803,
377,,1718,1804,
377,,1718,1901,
377,,1718,1902,
377,,1719,1712,
377,,1719,1724,
377,,1719,1725,
377,,1719,1802,
377,,1719,1803,
377,,1719,1901,
377,,1719,1902,
377,,1720,1712,
377,,1720,1713,
377,,1720,1726,
377,,1720,1801,
377,,1720,1802,
377,,1720,1903,
377,,1720,1904,
377,,1721,1714,
377,,1721,1715,
377,,1721,1905,
377,,1721,1906,
377,,1721,1907,
377,,1722,1716,
377,,1722,1907,
377,,1722,1908,
377,,1723,1716,
377,,1723,1717,
377,,1723,1908,
377,,1723,1909,
377,,1724,1718,
377,,1724,1719,
377,,1725,1718,
377,,1725,1719,
377,,1726,1720,
377,,1726,1908,
377,,1726,1909,
377,,1801,1707,
377,,1801,1708,
377,,1801,1720,
377,,1801,1809,
377,,1801,1810,
377,,1801,1811,
377,,1802,1708,
377,,1802,1709,
377,,1802,1719,
377,,1802,1720,
377,,1802,1810,
377,,1802,1811,
377,,1803,1709,
377,,1803,1718,
377,,1803,1719,
377,,1803,1811,
377,,1804,1717,
377,,1804,1718,
377,,1805,1710,
377,,1805,1717,
377,,1806,1710,
377,,1806,1711,
377,,1806,1716,
377,,1807,1711,
377,,1807,1716,
377,,1808,1712,
377,,1808,1714,
377,,1808,1715,
377,,1809,1712,
377,,1809,1713,
377,,1809,1714,
377,,1809,1715,
377,,1809,1801,
377,,1810,1713,
377,,1810,1714,
377,,1810,1801,
377,,1810,1802,
377,,1811,1713,
377,,1811,1801,
377,,1811,1802,
377,,1811,1803,
377,,1901,1718,
377,,1901,1719,
377,,1902,1718,
377,,1902,1719,
377,,1903,1720,
377,,1904,1720,
377,,1905,1721,
377,,1906,1721,
377,,1907,1721,
377,,1907,1722,
377,,1908,1722,
377,,1908,1723,
377,,1908,1726,
377,,1909,1723,
377,,1909,1726,
377,,2001,1022,
377,,2001,1023,
377,,2001,1024,
377,,2001,1030,
377,,2001,1101,
377,,2001,1102,
377,,2001,1701,
377,,2001,1702,
377,,2001,2012,
377,,2001,2013,
377,,2002,1021,
377,,2002,1022,
377,,2002,1023,
377,,2002,1102,
377,,2002,1702,
377,,2002,2013,
377,,2002,2014,
377,,2003,1021,
377,,2003,1022,
377,,2003,1102,
377,,2003,1702,
377,,2003,1703,
377,,2003,2013,
377,,2003,2014,
377,,2003,2015,
377,,2004,1019,
377,,2004,1020,
377,,2004,1021,
377,,2004,1022,
377,,2004,1103,
377,,2004,1702,
377,,2004,1703,
377,,2004,2014,
377,,2004,2015,
377,,2004,2016,
377,,2004,2017,
377,,2005,1018,
377,,2005,1019,
377,,2005,1020,
377,,2005,1021,
377,,2005,1103,
377,,2005,1703,
377,,2005,2015,
377,,2005,2016,
377,,2005,2017,
377,,2006,1016,
377,,2006,1017,
377,,2006,1018,
377,,2006,1019,
377,,2006,1104,
377,,2006,1704,
377,,2006,2017,
377,,2006,2018,
377,,2006,2019,
377,,2007,1015,
377,,2007,1016,
377,,2007,1017,
377,,2007,1104,
377,,2007,1105,
377,,2007,1704,
377,,2007,1705,
377,,2007,2019,
377,,2007,2020,
377,,2008,1014,
377,,2008,1015,
377,,2008,1016,
377,,2008,1105,
377,,2008,1705,
377,,2008,2019,
377,,2008,2020,
377,,2008,2021,
377,,2009,1014,
377,,2009,1015,
377,,2009,1105,
377,,2009,1106,
377,,2009,1705,
377,,2009,2020,
377,,2009,2021,
377,,2009,2022,
377,,2010,1012,
377,,2010,1013,
377,,2010,1014,
377,,2010,1106,
377,,2010,1201,
377,,2010,1202,
377,,2010,2021,
377,,2010,2022,
377,,2010,2023,
377,,2011,1014,
377,,2011,1015,
377,,2011,1016,
377,,2011,1105,
377,,2011,1705,
377,,2011,2022,
377,,2011,2023,
377,,2012,1015,
377,,2012,1016,
377,,2012,1017,
377,,2012,1018,
377,,2012,1104,
377,,2012,1105,
377,,2012,1704,
377,,2012,1705,
377,,2012,2001,
377,,2012,2024,
377,,2013,1017,
377,,2013,1018,
377,,2013,1019,
377,,2013,1020,
377,,2013,1103,
377,,2013,1104,
377,,2013,1704,
377,,2013,2001,
377,,2013,2002,
377,,2013,2003,
377,,2013,2025,
377,,2013,2026,
377,,2014,1018,
377,,2014,1019,
377,,2014,1020,
377,,2014,1021,
377,,2014,1103,
377,,2014,1703,
377,,2014,2002,
377,,2014,2003,
377,,2014,2004,
377,,2014,2025,
377,,2014,2026,
377,,2014,2027,
377,,2015,1019,
377,,2015,1020,
377,,2015,1021,
377,,2015,1022,
377,,2015,1103,
377,,2015,1702,
377,,2015,1703,
377,,2015,2003,
377,,2015,2004,
377,,2015,2005,
377,,2015,2026,
377,,2015,2027,
377,,2015,2028,
377,,2016,1020,
377,,2016,1021,
377,,2016,1022,
377,,2016,1102,
377,,2016,1103,
377,,2016,1702,
377,,2016,1703,
377,,2016,2004,
377,,2016,2005,
377,,2016,2027,
377,,2016,2028,
377,,2016,2029,
377,,2017,1021,
377,,2017,1022,
377,,2017,1023,
377,,2017,1102,
377,,2017,1702,
377,,2017,1703,
377,,2017,2004,
377,,2017,2005,
377,,2017,2006,
377,,2017,2028,
377,,2017,2029,
377,,2017,2030,
377,,2018,1022,
377,,2018,1023,
377,,2018,1024,
377,,2018,1030,
377,,2018,1101,
377,,2018,1102,
377,,2018,1701,
377,,2018,1702,
377,,2018,2006,
377,,2018,2029,
377,,2018,2030,
377,,2018,2031,
377,,2019,1023,
377,,2019,1024,
377,,2019,1025,
377,,2019,1026,
377,,2019,1029,
377,,2019,1030,
377,,2019,1101,
377,,2019,1701,
377,,2019,2006,
377,,2019,2007,
377,,2019,2008,
377,,2019,2030,
377,,2019,2031,
377,,2019,2032,
377,,2020,1025,
377,,2020,1026,
377,,2020,1028,
377,,2020,1029,
377,,2020,2007,
377,,2020,2008,
377,,2020,2009,
377,,2020,2031,
377,,2020,2032,
377,,2020,2033,
377,,2021,1026,
377,,2021,1027,
377,,2021,1028,
377,,2021,1029,
377,,2021,2008,
377,,2021,2009,
377,,2021,2010,
377,,2021,2032,
377,,2021,2033,
377,,2021,2034,
377,,2022,1027,
377,,2022,1028,
377,,2022,2009,
377,,2022,2010,
377,,2022,2011,
377,,2022,2033,
377,,2022,2034,
377,,2022,2035,
377,,2023,1027,
377,,2023,2010,
377,,2023,2011,
377,,2023,2033,
377,,2023,2034,
377,,2023,2035,
377,,2024,2012,
377,,2025,2013,
377,,2025,2014,
377,,2026,2013,
377,,2026,2014,
377,,2026,2015,
377,,2027,2014,
377,,2027,2015,
377,,2027,2016,
377,,2028,2015,
377,,2028,2016,
377,,2028,2017,
377,,2029,2016,
377,,2029,2017,
377,,2029,2018,
377,,2030,2017,
377,,2030,2018,
377,,2030,2019,
377,,2031,2018,
377,,2031,2019,
377,,2031,2020,
377,,2032,2019,
377,,2032,2020,
377,,2032,2021,
377,,2033,2020,
377,,2033,2021,
377,,2033,2022,
377,,2033,2023,
377,,2034,2021,
377,,2034,2022,
377,,2034,2023,
377,,2035,2022,
377,,2035,2023,
377,,2101,2116,
377,,2101,2117,
377,,2101,2118,
377,,2102,2117,
377,,2102,2118,
377,,2102,2119,
377,,2103,2118,
377,,2103,2119,
377,,2104,2118,
377,,2104,2119,
377,,2105,2118,
377,,2105,2119,
377,,2105,2120,
377,,2106,2119,
377,,2106,2120,
377,,2107,2120,
377,,2107,2121,
377,,2108,2120,
377,,2108,2121,
377,,2108,2122,
377,,2109,2121,
377,,2109,2122,
377,,2110,2121,
377,,2110,2122,
377,,2110,2123,
377,,2111,2123,
377,,2111,2124,
377,,2112,2123,
377,,2112,2124,
377,,2112,2125,
377,,2113,2124,
377,,2113,2125,
377,,2113,2126,
377,,2113,2201,
377,,2114,2125,
377,,2114,2126,
377,,2114,2127,
377,,2114,2201,
377,,2115,2126,
377,,2115,2127,
377,,2115,2201,
377,,2115,2202,
377,,2116,2101,
377,,2116,2127,
377,,2116,2202,
377,,2116,2203,
377,,2117,2101,
377,,2117,2102,
377,,2117,2127,
377,,2117,2128,
377,,2117,2202,
377,,2117,2203,
377,,2117,2204,
377,,2118,2101,
377,,2118,2102,
377,,2118,2103,
377,,2118,2104,
377,,2118,2105,
377,,2118,2128,
377,,2118,2203,
377,,2118,2204,
377,,2118,2205,
377,,2118,2206,
377,,2119,2102,
377,,2119,2103,
377,,2119,2104,
377,,2119,2105,
377,,2119,2106,
377,,2119,2128,
377,,2119,2129,
377,,2119,2204,
377,,2119,2205,
377,,2119,2206,
377,,2119,2207,
377,,2120,2105,
377,,2120,2106,
377,,2120,2107,
377,,2120,2108,
377,,2120,2129,
377,,2120,2130,
377,,2120,2206,
377,,2120,2207,
377,,2120,2208,
377,,2121,2107,
377,,2121,2108,
377,,2121,2109,
377,,2121,2110,
377,,2121,2130,
377,,2121,2131,
377,,2121,2208,
377,,2122,2108,
377,,2122,2109,
377,,2122,2110,
377,,2122,2130,
377,,2122,2131,
377,,2122,2208,
377,,2123,2110,
377,,2123,2111,
377,,2123,2112,
377,,2123,2131,
377,,2123,2132,
377,,2124,2111,
377,,2124,2112,
377,,2124,2113,
377,,2124,2132,
377,,2125,2112,
377,,2125,2113,
377,,2125,2114,
377,,2126,2113,
377,,2126,2114,
377,,2126,2115,
377,,2126,2133,
377,,2127,2114,
377,,2127,2115,
377,,2127,2116,
377,,2127,2117,
377,,2127,2133,
377,,2127,2134,
377,,2128,2117,
377,,2128,2118,
377,,2128,2119,
377,,2128,2134,
377,,2128,2135,
377,,2128,2136,
377,,2129,2119,
377,,2129,2120,
377,,2129,2136,
377,,2129,2137,
377,,2129,2138,
377,,2129,2208,
377,,2130,2120,
377,,2130,2121,
377,,2130,2122,
377,,2130,2137,
377,,2130,2138,
377,,2130,2139,
377,,2130,2206,
377,,2130,2207,
377,,2130,2208,
377,,2131,2121,
377,,2131,2122,
377,,2131,2123,
377,,2131,2204,
377,,2131,2205,
377,,2131,2206,
377,,2131,2207,
377,,2132,2123,
377,,2132,2124,
377,,2132,2203,
377,,2132,2204,
377,,2132,2205,
377,,2133,2126,
377,,2133,2127,
377,,2133,2201,
377,,2134,2127,
377,,2134,2128,
377,,2135,2128,
377,,2136,2128,
377,,2136,2129,
377,,2137,2129,
377,,2137,2130,
377,,2138,2129,
377,,2138,2130,
377,,2139,2130,
377,,2201,2113,
377,,2201,2114,
377,,2201,2115,
377,,2201,2133,
377,,2202,2115,
377,,2202,2116,
377,,2202,2117,
377,,2203,2116,
377,,2203,2117,
377,,2203,2118,
377,,2203,2132,
377,,2204,2117,
377,,2204,2118,
377,,2204,2119,
377,,2204,2131,
377,,2204,2132,
377,,2205,2118,
377,,2205,2119,
377,,2205,2131,
377,,2205,2132,
377,,2206,2118,
377,,2206,2119,
377,,2206,2120,
377,,2206,2130,
377,,2206,2131,
377,,2207,2119,
377,,2207,2120,
377,,2207,2130,
377,,2207,2131,
377,,2208,2120,
377,,2208,2121,
377,,2208,2122,
377,,2208,2129,
377,,2208,2130,
429,,1001,1022,
429,,1001,1023,
429,,1001,1024,
429,,1002,1023,
429,,1002,1024,
429,,1002,1025,
429,,1003,1023,
429,,1003,1024,
429,,1003,1025,
429,,1004,1023,
429,,1004,1024,
429,,1004,1025,
429,,1005,1023,
429,,1005,1024,
429,,1005,1025,
429,,1005,1026,
429,,1006,1024,
429,,1006,1025,
429,,1006,1026,
429,,1007,1025,
429,,1007,1026,
429,,1007,1027,
429,,1007,2010,
429,,1008,1025,
429,,1008,1026,
429,,1008,1027,
429,,1008,2010,
429,,1009,1026,
429,,1009,1027,
429,,1009,1028,
429,,1009,2009,
429,,1009,2010,
429,,1010,1027,
429,,1010,1028,
429,,1010,2009,
429,,1010,2010,
429,,1010,2011,
429,,1011,1027,
429,,1011,1028,
429,,1011,1029,
429,,1011,2008,
429,,1011,2009,
429,,1011,2010,
429,,1011,2011,
429,,1012,1028,
429,,1012,1029,
429,,1012,2007,
429,,1012,2008,
429,,1012,2009,
429,,1012,2011,
429,,1013,1028,
429,,1013,1029,
429,,1013,1030,
429,,1013,1101,
429,,1013,1701,
429,,1013,2007,
429,,1013,2008,
429,,1013,2009,
429,,1013,2011,
429,,1013,2012,
429,,1014,1030,
429,,1014,1101,
429,,1014,1701,
429,,1014,2006,
429,,1014,2007,
429,,1014,2012,
429,,1014,2013,
429,,1015,1030,
429,,1015,1101,
429,,1015,1102,
429,,1015,1701,
429,,1015,1702,
429,,1015,2005,
429,,1015,2006,
429,,1015,2013,
429,,1015,2014,
429,,1016,1102,
429,,1016,1702,
429,,1016,1703,
429,,1016,2004,
429,,1016,2005,
429,,1016,2013,
429,,1016,2014,
429,,1016,2015,
429,,1017,1103,
429,,1017,1703,
429,,1017,2003,
429,,1017,2004,
429,,1017,2005,
429,,1017,2014,
429,,1017,2015,
429,,1017,2016,
429,,1017,2017,
429,,1018,1103,
429,,1018,1703,
429,,1018,2001,
429,,1018,2002,
429,,1018,2003,
429,,1018,2004,
429,,1018,2015,
429,,1018,2016,
429,,1018,2017,
429,,1019,1103,
429,,1019,1704,
429,,1019,2001,
429,,1019,2002,
429,,1019,2003,
429,,1019,2016,
429,,1019,2017,
429,,1019,2018,
429,,1020,1104,
429,,1020,1704,
429,,1020,2001,
429,,1020,2002,
429,,1020,2003,
429,,1020,2017,
429,,1020,2018,
429,,1021,1104,
429,,1021,1305,
429,,1021,1704,
429,,1021,2001,
429,,1021,2018,
429,,1021,2019,
429,,1022,1001,
429,,1022,1104,
429,,1022,1105,
429,,1022,1303,
429,,1022,1304,
429,,1022,1305,
429,,1022,1704,
429,,1022,1705,
429,,1022,2019,
429,,1022,2020,
429,,1023,1001,
429,,1023,1002,
429,,1023,1003,
429,,1023,1004,
429,,1023,1005,
429,,1023,1105,
429,,1023,1106,
429,,1023,1301,
429,,1023,1302,
429,,1023,1303,
429,,1023,1304,
429,,1023,1305,
429,,1023,1705,
429,,1023,2020,
429,,1023,2021,
429,,1023,2022,
429,,1024,1001,
429,,1024,1002,
429,,1024,1003,
429,,1024,1004,
429,,1024,1005,
429,,1024,1006,
429,,1024,1106,
429,,1024,1301,
429,,1024,1302,
429,,1024,1303,
429,,1024,1705,
429,,1024,2020,
429,,1024,2021,
429,,1024,2022,
429,,1024,2023,
429,,1025,1002,
429,,1025,1003,
429,,1025,1004,
429,,1025,1005,
429,,1025,1006,
429,,1025,1007,
429,,1025,1008,
429,,1025,1106,
429,,1025,1301,
429,,1025,2021,
429,,1025,2022,
429,,1025,2023,
429,,1026,1005,
429,,1026,1006,
429,,1026,1007,
429,,1026,1008,
429,,1026,1009,
429,,1026,1106,
429,,1026,1706,
429,,1026,2022,
429,,1026,2023,
429,,1026,2024,
429,,1027,1007,
429,,1027,1008,
429,,1027,1009,
429,,1027,1010,
429,,1027,1011,
429,,1027,1107,
429,,1027,1706,
429,,1027,1707,
429,,1027,2024,
429,,1028,1009,
429,,1028,1010,
429,,1028,1011,
429,,1028,1012,
429,,1028,1013,
429,,1028,1107,
429,,1028,1108,
429,,1028,1201,
429,,1028,1202,
429,,1028,1707,
429,,1028,1708,
429,,1028,2023,
429,,1028,2024,
429,,1029,1011,
429,,1029,1012,
429,,1029,1013,
429,,1029,1108,
429,,1029,1201,
429,,1029,1202,
429,,1029,1707,
429,,1029,1708,
429,,1029,2022,
429,,1029,2023,
429,,1030,1013,
429,,1030,1014,
429,,1030,1015,
429,,1030,1108,
429,,1030,1109,
429,,1030,1201,
429,,1030,1708,
429,,1030,1709,
429,,1030,2020,
429,,1030,2021,
429,,1030,2022,
429,,1101,1013,
429,,1101,1014,
429,,1101,1015,
429,,1101,1108,
429,,1101,1109,
429,,1101,1201,
429,,1101,1708,
429,,1101,1709,
429,,1101,2020,
429,,1101,2021,
429,,1101,2022,
429,,1102,1015,
429,,1102,1016,
429,,1102,1109,
429,,1102,1110,
429,,1102,1707,
429,,1102,1708,
429,,1102,2019,
429,,1102,2020,
429,,1103,1017,
429,,1103,1018,
429,,1103,1019,
429,,1103,1111,
429,,1103,1401,
429,,1103,1402,
429,,1103,1501,
429,,1103,1502,
429,,1103,1706,
429,,1103,2001,
429,,1103,2002,
429,,1103,2003,
429,,1103,2017,
429,,1103,2018,
429,,1104,1020,
429,,1104,1021,
429,,1104,1022,
429,,1104,1112,
429,,1104,1113,
429,,1104,1402,
429,,1104,1403,
429,,1104,1502,
429,,1104,1503,
429,,1104,2003,
429,,1104,2004,
429,,1104,2005,
429,,1104,2014,
429,,1104,2015,
429,,1104,2016,
429,,1105,1022,
429,,1105,1023,
429,,1105,1113,
429,,1105,1114,
429,,1105,1403,
429,,1105,1404,
429,,1105,1503,
429,,1105,1504,
429,,1105,1705,
429,,1105,2005,
429,,1105,2006,
429,,1105,2013,
429,,1105,2014,
429,,1106,1023,
429,,1106,1024,
429,,1106,1025,
429,,1106,1026,
429,,1106,1114,
429,,1106,1115,
429,,1106,1116,
429,,1106,1117,
429,,1106,1404,
429,,1106,1405,
429,,1106,1406,
429,,1106,1504,
429,,1106,1505,
429,,1106,1506,
429,,1106,1507,
429,,1106,1704,
429,,1106,2006,
429,,1106,2007,
429,,1106,2008,
429,,1106,2011,
429,,1106,2012,
429,,1107,1027,
429,,1107,1028,
429,,1107,1117,
429,,1107,1118,
429,,1107,1407,
429,,1107,1408,
429,,1107,1508,
429,,1107,1702,
429,,1107,1703,
429,,1107,2009,
429,,1107,2010,
429,,1108,1028,
429,,1108,1029,
429,,1108,1030,
429,,1108,1101,
429,,1108,1118,
429,,1108,1119,
429,,1108,1408,
429,,1108,1409,
429,,1108,1509,
429,,1108,1601,
429,,1108,1701,
429,,1108,1702,
429,,1109,1030,
429,,1109,1101,
429,,1109,1102,
429,,1109,1120,
429,,1109,1410,
429,,1109,1602,
429,,1109,1701,
429,,1110,1102,
429,,1110,1120,
429,,1110,1121,
429,,1110,1602,
429,,1110,1603,
429,,1111,1103,
429,,1111,1121,
429,,1111,1122,
429,,1111,1603,
429,,1111,1604,
429,,1112,1104,
429,,1112,1122,
429,,1112,1123,
429,,1112,1410,
429,,1112,1604,
429,,1112,1605,
429,,1113,1104,
429,,1113,1105,
429,,1113,1124,
429,,1113,1409,
429,,1113,1410,
429,,1113,1605,
429,,1113,1606,
429,,1113,1607,
429,,1114,1105,
429,,1114,1106,
429,,1114,1124,
429,,1114,1125,
429,,1114,1408,
429,,1114,1409,
429,,1114,1606,
429,,1114,1607,
429,,1115,1106,
429,,1115,1125,
429,,1115,1126,
429,,1115,1407,
429,,1115,1408,
429,,1115,1409,
429,,1115,1607,
429,,1115,1608,
429,,1116,1106,
429,,1116,1125,
429,,1116,1126,
429,,1116,1406,
429,,1116,1407,
429,,1116,1408,
429,,1116,1608,
429,,1117,1106,
429,,1117,1107,
429,,1117,1126,
429,,1117,1405,
429,,1117,1406,
429,,1117,1407,
429,,1117,1608,
429,,1118,1107,
429,,1118,1108,
429,,1118,1404,
429,,1118,1405,
429,,1119,1108,
429,,1119,1403,
429,,1119,1404,
429,,1120,1109,
429,,1120,1110,
429,,1120,1402,
429,,1121,1110,
429,,1121,1111,
429,,1121,1401,
429,,1121,1402,
429,,1121,1501,
429,,1121,1608,
429,,1122,1111,
429,,1122,1112,
429,,1122,1401,
429,,1122,1501,
429,,1122,1502,
429,,1122,1607,
429,,1122,1608,
429,,1123,1112,
429,,1123,1502,
429,,1123,1606,
429,,1123,1607,
429,,1124,1113,
429,,1124,1114,
429,,1124,1503,
429,,1124,1504,
429,,1124,1506,
429,,1124,1507,
429,,1124,1605,
429,,1124,1606,
429,,1125,1114,
429,,1125,1115,
429,,1125,1116,
429,,1125,1504,
429,,1125,1505,
429,,1125,1506,
429,,1125,1507,
429,,1125,1604,
429,,1126,1115,
429,,1126,1116,
429,,1126,1117,
429,,1126,1505,
429,,1126,1506,
429,,1126,1603,
429,,1126,1604,
429,,1201,1028,
429,,1201,1029,
429,,1201,1030,
429,,1201,1101,
429,,1201,1701,
429,,1201,2007,
429,,1201,2008,
429,,1201,2009,
429,,1201,2011,
429,,1201,2012,
429,,1202,1028,
429,,1202,1029,
429,,1202,2007,
429,,1202,2008,
429,,1202,2009,
429,,1202,2011,
429,,1301,1023,
429,,1301,1024,
429,,1301,1025,
429,,1302,1023,
429,,1302,1024,
429,,1303,1022,
429,,1303,1023,
429,,1303,1024,
429,,1304,1022,
429,,1304,1023,
429,,1305,1021,
429,,1305,1022,
429,,1305,1023,
429,,1401,1103,
429,,1401,1121,
429,,1401,1122,
429,,1401,1603,
429,,1401,1604,
429,,1402,1103,
429,,1402,1104,
429,,1402,1120,
429,,1402,1121,
429,,1402,1602,
429,,1402,1603,
429,,1403,1104,
429,,1403,1105,
429,,1403,1119,
429,,1403,1509,
429,,1403,1601,
429,,1404,1105,
429,,1404,1106,
429,,1404,1118,
429,,1404,1119,
429,,1404,1509,
429,,1404,1601,
429,,1405,1106,
429,,1405,1117,
429,,1405,1118,
429,,1405,1508,
429,,1406,1106,
429,,1406,1116,
429,,1406,1117,
429,,1406,1507,
429,,1406,1508,
429,,1407,1107,
429,,1407,1115,
429,,1407,1116,
429,,1407,1117,
429,,1407,1505,
429,,1407,1506,
429,,1407,1507,
429,,1408,1107,
429,,1408,1108,
429,,1408,1114,
429,,1408,1115,
429,,1408,1116,
429,,1408,1504,
429,,1408,1505,
429,,1408,1506,
429,,1409,1108,
429,,1409,1113,
429,,1409,1114,
429,,1409,1115,
429,,1409,1503,
429,,1409,1504,
429,,1410,1109,
429,,1410,1112,
429,,1410,1113,
429,,1410,1503,
429,,1501,1103,
429,,1501,1121,
429,,1501,1122,
429,,1501,1603,
429,,1501,1604,
429,,1502,1103,
429,,1502,1104,
429,,1502,1122,
429,,1502,1123,
429,,1502,1604,
429,,1503,1104,
429,,1503,1105,
429,,1503,1124,
429,,1503,1409,
429,,1503,1410,
429,,1503,1605,
429,,1503,1606,
429,,1504,1105,
429,,1504,1106,
429,,1504,1124,
429,,1504,1125,
429,,1504,1408,
429,,1504,1409,
429,,1504,1606,
429,,1504,1607,
429,,1505,1106,
429,,1505,1125,
429,,1505,1126,
429,,1505,1407,
429,,1505,1408,
429,,1505,1607,
429,,1505,1608,
429,,1506,1106,
429,,1506,1124,
429,,1506,1125,
429,,1506,1126,
429,,1506,1407,
429,,1506,1408,
429,,1506,1607,
429,,1507,1106,
429,,1507,1124,
429,,1507,1125,
429,,1507,1406,
429,,1507,1407,
429,,1507,1606,
429,,1507,1607,
429,,1508,1107,
429,,1508,1405,
429,,1508,1406,
429,,1509,1108,
429,,1509,1403,
429,,1509,1404,
429,,1601,1108,
429,,1601,1403,
429,,1601,1404,
429,,1602,1109,
429,,1602,1110,
429,,1602,1402,
429,,1603,1110,
429,,1603,1111,
429,,1603,1126,
429,,1603,1401,
429,,1603,1402,
429,,1603,1501,
429,,1604,1111,
429,,1604,1112,
429,,1604,1125,
429,,1604,1126,
429,,1604,1401,
429,,1604,1501,
429,,1604,1502,
429,,1605,1112,
429,,1605,1113,
429,,1605,1124,
429,,1605,1503,
429,,1606,1113,
429,,1606,1114,
429,,1606,1123,
429,,1606,1124,
429,,1606,1503,
429,,1606,1504,
429,,1606,1507,
429,,1607,1113,
429,,1607,1114,
429,,1607,1115,
429,,1607,1122,
429,,1607,1123,
429,,1607,1504,
429,,1607,1505,
429,,1607,1506,
429,,1607,1507,
429,,1608,1115,
429,,1608,1116,
429,,1608,1117,
429,,1608,1121,
429,,1608,1122,
429,,1608,1505,
429,,1701,1013,
429,,1701,1014,
429,,1701,1015,
429,,1701,1108,
429,,1701,1109,
429,,1701,1201,
429,,1701,1708,
429,,1701,1709,
429,,1701,2020,
429,,1701,2021,
429,,1701,2022,
429,,1702,1015,
429,,1702,1016,
429,,1702,1107,
429,,1702,1108,
429,,1702,1709,
429,,1702,2019,
429,,1702,2020,
429,,1703,1016,
429,,1703,1017,
429,,1703,1018,
429,,1703,1107,
429,,1703,2001,
429,,1703,2002,
429,,1703,2018,
429,,1703,2019,
429,,1704,1019,
429,,1704,1020,
429,,1704,1021,
429,,1704,1022,
429,,1704,1106,
429,,1704,1710,
429,,1704,1711,
429,,1704,2003,
429,,1704,2004,
429,,1704,2005,
429,,1704,2014,
429,,1704,2015,
429,,1704,2016,
429,,1704,2017,
429,,1705,1022,
429,,1705,1023,
429,,1705,1024,
429,,1705,1105,
429,,1705,1711,
429,,1705,2005,
429,,1705,2006,
429,,1705,2013,
429,,1705,2014,
429,,1706,1026,
429,,1706,1027,
429,,1706,1103,
429,,1706,1713,
429,,1706,1714,
429,,1706,1801,
429,,1706,1802,
429,,1706,2008,
429,,1706,2009,
429,,1706,2010,
429,,1706,2011,
429,,1707,1027,
429,,1707,1028,
429,,1707,1029,
429,,1707,1102,
429,,1707,1714,
429,,1707,1715,
429,,1707,1802,
429,,1707,1803,
429,,1707,2010,
429,,1708,1028,
429,,1708,1029,
429,,1708,1030,
429,,1708,1101,
429,,1708,1102,
429,,1708,1701,
429,,1708,1715,
429,,1708,1803,
429,,1708,1804,
429,,1709,1030,
429,,1709,1101,
429,,1709,1701,
429,,1709,1702,
429,,1709,1716,
429,,1709,1804,
429,,1709,1805,
429,,1710,1704,
429,,1710,1718,
429,,1710,1719,
429,,1710,1807,
429,,1710,1808,
429,,1711,1704,
429,,1711,1705,
429,,1711,1719,
429,,1711,1720,
429,,1711,1808,
429,,1711,1809,
429,,1711,1810,
429,,1712,1721,
429,,1712,1810,
429,,1712,1811,
429,,1713,1706,
429,,1713,1721,
429,,1714,1706,
429,,1714,1707,
429,,1714,1722,
429,,1714,1811,
429,,1715,1707,
429,,1715,1708,
429,,1715,1722,
429,,1715,1723,
429,,1715,1810,
429,,1715,1811,
429,,1716,1709,
429,,1716,1808,
429,,1716,1809,
429,,1717,1724,
429,,1717,1725,
429,,1717,1806,
429,,1717,1807,
429,,1717,1901,
429,,1717,1902,
429,,1718,1710,
429,,1718,1805,
429,,1718,1806,
429,,1718,1903,
429,,1719,1710,
429,,1719,1711,
429,,1719,1726,
429,,1719,1804,
429,,1719,1805,
429,,1719,1903,
429,,1719,1904,
429,,1720,1711,
429,,1720,1803,
429,,1720,1804,
429,,1720,1905,
429,,1720,1906,
429,,1720,1907,
429,,1721,1712,
429,,1721,1713,
429,,1721,1801,
429,,1721,1802,
429,,1721,1908,
429,,1721,1909,
429,,1722,1714,
429,,1722,1715,
429,,1722,1909,
429,,1723,1715,
429,,1724,1717,
429,,1725,1717,
429,,1726,1719,
429,,1801,1706,
429,,1801,1721,
429,,1802,1706,
429,,1802,1707,
429,,1802,1721,
429,,1803,1707,
429,,1803,1708,
429,,1803,1720,
429,,1804,1708,
429,,1804,1709,
429,,1804,1719,
429,,1804,1720,
429,,1805,1709,
429,,1805,1718,
429,,1805,1719,
429,,1806,1717,
429,,1806,1718,
429,,1807,1710,
429,,1807,1717,
429,,1808,1710,
429,,1808,1711,
429,,1808,1716,
429,,1809,1711,
429,,1809,1716,
429,,1810,1711,
429,,1810,1712,
429,,1810,1715,
429,,1811,1712,
429,,1811,1714,
429,,1811,1715,
429,,1901,1717,
429,,1902,1717,
429,,1903,1718,
429,,1903,1719,
429,,1904,1719,
429,,1905,1720,
429,,1906,1720,
429,,1907,1720,
429,,1908,1721,
429,,1909,1721,
429,,1909,1722,
429,,2001,1018,
429,,2001,1019,
429,,2001,1020,
429,,2001,1021,
429,,2001,1103,
429,,2001,1703,
429,,2001,2014,
429,,2001,2015,
429,,2001,2016,
429,,2001,2017,
429,,2002,1018,
429,,2002,1019,
429,,2002,1020,
429,,2002,1103,
429,,2002,1703,
429,,2002,2015,
429,,2002,2016,
429,,2002,2017,
429,,2002,2018,
429,,2003,1017,
429,,2003,1018,
429,,2003,1019,
429,,2003,1020,
429,,2003,1103,
429,,2003,1104,
429,,2003,1704,
429,,2003,2016,
429,,2003,2017,
429,,2003,2018,
429,,2004,1016,
429,,2004,1017,
429,,2004,1018,
429,,2004,1104,
429,,2004,1704,
429,,2004,2018,
429,,2004,2019,
429,,2005,1015,
429,,2005,1016,
429,,2005,1017,
429,,2005,1104,
429,,2005,1105,
429,,2005,1704,
429,,2005,1705,
429,,2005,2018,
429,,2005,2019,
429,,2005,2020,
429,,2006,1014,
429,,2006,1015,
429,,2006,1105,
429,,2006,1106,
429,,2006,1705,
429,,2006,2020,
429,,2006,2021,
429,,2006,2022,
429,,2007,1012,
429,,2007,1013,
429,,2007,1014,
429,,2007,1106,
429,,2007,1201,
429,,2007,1202,
429,,2007,2021,
429,,2007,2022,
429,,2007,2023,
429,,2008,1011,
429,,2008,1012,
429,,2008,1013,
429,,2008,1106,
429,,2008,1201,
429,,2008,1202,
429,,2008,1706,
429,,2008,2022,
429,,2008,2023,
429,,2009,1009,
429,,2009,1010,
429,,2009,1011,
429,,2009,1012,
429,,2009,1013,
429,,2009,1107,
429,,2009,1201,
429,,2009,1202,
429,,2009,1706,
429,,2009,2023,
429,,2009,2024,
429,,2010,1007,
429,,2010,1008,
429,,2010,1009,
429,,2010,1010,
429,,2010,1011,
429,,2010,1107,
429,,2010,1706,
429,,2010,1707,
429,,2010,2024,
429,,2011,1010,
429,,2011,1011,
429,,2011,1012,
429,,2011,1013,
429,,2011,1106,
429,,2011,1201,
429,,2011,1202,
429,,2011,1706,
429,,2011,2024,
429,,2011,2025,
429,,2011,2026,
429,,2012,1013,
429,,2012,1014,
429,,2012,1106,
429,,2012,1201,
429,,2012,2025,
429,,2012,2026,
429,,2012,2027,
429,,2012,2028,
429,,2013,1014,
429,,2013,1015,
429,,2013,1016,
429,,2013,1105,
429,,2013,1705,
429,,2013,2027,
429,,2013,2028,
429,,2013,2029,
429,,2014,1015,
429,,2014,1016,
429,,2014,1017,
429,,2014,1104,
429,,2014,1105,
429,,2014,1704,
429,,2014,1705,
429,,2014,2001,
429,,2014,2028,
429,,2014,2029,
429,,2014,2030,
429,,2015,1016,
429,,2015,1017,
429,,2015,1018,
429,,2015,1104,
429,,2015,1704,
429,,2015,2001,
429,,2015,2002,
429,,2015,2029,
429,,2015,2030,
429,,2015,2031,
429,,2016,1017,
429,,2016,1018,
429,,2016,1019,
429,,2016,1104,
429,,2016,1704,
429,,2016,2001,
429,,2016,2002,
429,,2016,2003,
429,,2016,2030,
429,,2016,2031,
429,,2016,2032,
429,,2017,1017,
429,,2017,1018,
429,,2017,1019,
429,,2017,1020,
429,,2017,1103,
429,,2017,1704,
429,,2017,2001,
429,,2017,2002,
429,,2017,2003,
429,,2017,2031,
429,,2017,2032,
429,,2018,1019,
429,,2018,1020,
429,,2018,1021,
429,,2018,1103,
429,,2018,1703,
429,,2018,2002,
429,,2018,2003,
429,,2018,2004,
429,,2018,2005,
429,,2018,2032,
429,,2018,2033,
429,,2019,1021,
429,,2019,1022,
429,,2019,1102,
429,,2019,1702,
429,,2019,1703,
429,,2019,2004,
429,,2019,2005,
429,,2019,2033,
429,,2019,2034,
429,,2019,2035,
429,,2020,1022,
429,,2020,1023,
429,,2020,1024,
429,,2020,1030,
429,,2020,1101,
429,,2020,1102,
429,,2020,1701,
429,,2020,1702,
429,,2020,2005,
429,,2020,2006,
429,,2020,2034,
429,,2020,2035,
429,,2021,1023,
429,,2021,1024,
429,,2021,1025,
429,,2021,1030,
429,,2021,1101,
429,,2021,1701,
429,,2021,2006,
429,,2021,2007,
429,,2021,2035,
429,,2022,1023,
429,,2022,1024,
429,,2022,1025,
429,,2022,1026,
429,,2022,1029,
429,,2022,1030,
429,,2022,1101,
429,,2022,1701,
429,,2022,2006,
429,,2022,2007,
429,,2022,2008,
429,,2023,1024,
429,,2023,1025,
429,,2023,1026,
429,,2023,1028,
429,,2023,1029,
429,,2023,2007,
429,,2023,2008,
429,,2023,2009,
429,,2024,1026,
429,,2024,1027,
429,,2024,1028,
429,,2024,2009,
429,,2024,2010,
429,,2024,2011,
429,,2025,2011,
429,,2025,2012,
429,,2026,2011,
429,,2026,2012,
429,,2027,2012,
429,,2027,2013,
429,,2028,2012,
429,,2028,2013,
429,,2028,2014,
429,,2029,2013,
429,,2029,2014,
429,,2029,2015,
429,,2030,2014,
429,,2030,2015,
429,,2030,2016,
429,,2031,2015,
429,,2031,2016,
429,,2031,2017,
429,,2032,2016,
429,,2032,2017,
429,,2032,2018,
429,,2033,2018,
429,,2033,2019,
429,,2034,2019,
429,,2034,2020,
429,,2035,2019,
429,,2035,2020,
429,,2035,2021,
429,,2101,2119,
429,,2101,2120,
429,,2102,2120,
429,,2102,2121,
429,,2103,2120,
429,,2103,2121,
429,,2103,2122,
429,,2104,2120,
429,,2104,2121,
429,,2104,2122,
429,,2105,2121,
429,,2105,2122,
429,,2106,2121,
429,,2106,2122,
429,,2107,2122,
429,,2107,2123,
429,,2108,2123,
429,,2108,2124,
429,,2109,2123,
429,,2109,2124,
429,,2109,2125,
429,,2110,2124,
429,,2110,2125,
429,,2111,2125,
429,,2111,2126,
429,,2111,2201,
429,,2112,2126,
429,,2112,2127,
429,,2112,2201,
429,,2112,2202,
429,,2113,2127,
429,,2113,2128,
429,,2113,2202,
429,,2113,2203,
429,,2113,2204,
429,,2114,2128,
429,,2114,2202,
429,,2114,2203,
429,,2114,2204,
429,,2115,2128,
429,,2115,2203,
429,,2115,2204,
429,,2115,2205,
429,,2115,2206,
429,,2116,2128,
429,,2116,2129,
429,,2116,2204,
429,,2116,2205,
429,,2116,2206,
429,,2116,2207,
429,,2117,2129,
429,,2117,2205,
429,,2117,2206,
429,,2117,2207,
429,,2117,2208,
429,,2118,2129,
429,,2118,2130,
429,,2118,2207,
429,,2118,2208,
429,,2119,2101,
429,,2119,2130,
429,,2119,2131,
429,,2119,2208,
429,,2120,2101,
429,,2120,2102,
429,,2120,2103,
429,,2120,2104,
429,,2120,2131,
429,,2120,2132,
429,,2121,2102,
429,,2121,2103,
429,,2121,2104,
429,,2121,2105,
429,,2121,2106,
429,,2121,2132,
429,,2122,2103,
429,,2122,2104,
429,,2122,2105,
429,,2122,2106,
429,,2122,2107,
429,,2122,2132,
429,,2123,2107,
429,,2123,2108,
429,,2123,2109,
429,,2123,2133,
429,,2124,2108,
429,,2124,2109,
429,,2124,2110,
429,,2124,2133,
429,,2125,2109,
429,,2125,2110,
429,,2125,2111,
429,,2125,2133,
429,,2125,2134,
429,,2125,2135,
429,,2126,2111,
429,,2126,2112,
429,,2126,2134,
429,,2126,2135,
429,,2127,2112,
429,,2127,2113,
429,,2127,2135,
429,,2127,2136,
429,,2128,2113,
429,,2128,2114,
429,,2128,2115,
429,,2128,2116,
429,,2128,2137,
429,,2128,2138,
429,,2128,2139,
429,,2129,2116,
429,,2129,2117,
429,,2129,2118,
429,,2129,2139,
429,,2130,2118,
429,,2130,2119,
429,,2131,2119,
429,,2131,2120,
429,,2131,2208,
429,,2132,2120,
429,,2132,2121,
429,,2132,2122,
429,,2132,2206,
429,,2132,2207,
429,,2132,2208,
429,,2133,2123,
429,,2133,2124,
429,,2133,2125,
429,,2133,2202,
429,,2133,2203,
429,,2133,2204,
429,,2134,2125,
429,,2134,2126,
429,,2134,2201,
429,,2134,2202,
429,,2135,2125,
429,,2135,2126,
429,,2135,2127,
429,,2135,2201,
429,,2136,2127,
429,,2137,2128,
429,,2138,2128,
429,,2139,2128,
429,,2139,2129,
429,,2201,2111,
429,,2201,2112,
429,,2201,2134,
429,,2201,2135,
429,,2202,2112,
429,,2202,2113,
429,,2202,2114,
429,,2202,2133,
429,,2202,2134,
429,,2203,2113,
429,,2203,2114,
429,,2203,2115,
429,,2203,2133,
429,,2204,2113,
429,,2204,2114,
429,,2204,2115,
429,,2204,2116,
429,,2204,2133,
429,,2205,2115,
429,,2205,2116,
429,,2205,2117,
429,,2206,2115,
429,,2206,2116,
429,,2206,2117,
429,,2206,2132,
429,,2207,2116,
429,,2207,2117,
429,,2207,2118,
429,,2207,2132,
429,,2208,2117,
429,,2208,2118,
429,,2208,2119,
429,,2208,2131,
429,,2208,2132,
481,,1001,1025,
481,,1001,1026,
481,,1002,1026,
481,,1002,1027,
481,,1002,2010,
481,,1003,1026,
481,,1003,1027,
481,,1003,2010,
481,,1004,1026,
481,,1004,1027,
481,,1004,1028,
481,,1004,2009,
481,,1004,2010,
481,,1005,1027,
481,,1005,1028,
481,,1005,2009,
481,,1005,2010,
481,,1005,2011,
481,,1006,1027,
481,,1006,1028,
481,,1006,1029,
481,,1006,2008,
481,,1006,2009,
481,,1006,2010,
481,,1006,2011,
481,,1007,1028,
481,,1007,1029,
481,,1007,2007,
481,,1007,2008,
481,,1007,2009,
481,,1007,2011,
481,,1008,1028,
481,,1008,1029,
481,,1008,1030,
481,,1008,1101,
481,,1008,1701,
481,,1008,2007,
481,,1008,2008,
481,,1008,2009,
481,,1008,2011,
481,,1008,2012,
481,,1009,1029,
481,,1009,1030,
481,,1009,1101,
481,,1009,1701,
481,,1009,2006,
481,,1009,2007,
481,,1009,2008,
481,,1009,2011,
481,,1009,2012,
481,,1010,1029,
481,,1010,1030,
481,,1010,1101,
481,,1010,1701,
481,,1010,2006,
481,,1010,2007,
481,,1010,2008,
481,,1010,2012,
481,,1010,2013,
481,,1011,1030,
481,,1011,1101,
481,,1011,1102,
481,,1011,1701,
481,,1011,1702,
481,,1011,2006,
481,,1011,2007,
481,,1011,2012,
481,,1011,2013,
481,,1012,1030,
481,,1012,1101,
481,,1012,1102,
481,,1012,1701,
481,,1012,1702,
481,,1012,2005,
481,,1012,2006,
481,,1012,2012,
481,,1012,2013,
481,,1012,2014,
481,,1013,1102,
481,,1013,1702,
481,,1013,2005,
481,,1013,2006,
481,,1013,2013,
481,,1013,2014,
481,,1014,1102,
481,,1014,1103,
481,,1014,1702,
481,,1014,1703,
481,,1014,2003,
481,,1014,2004,
481,,1014,2005,
481,,1014,2014,
481,,1014,2015,
481,,1014,2016,
481,,1015,1103,
481,,1015,1703,
481,,1015,2001,
481,,1015,2002,
481,,1015,2003,
481,,1015,2004,
481,,1015,2015,
481,,1015,2016,
481,,1015,2017,
481,,1016,1103,
481,,1016,1104,
481,,1016,1704,
481,,1016,2001,
481,,1016,2002,
481,,1016,2003,
481,,1016,2016,
481,,1016,2017,
481,,1016,2018,
481,,1017,1104,
481,,1017,1704,
481,,1017,2001,
481,,1017,2002,
481,,1017,2018,
481,,1017,2019,
481,,1018,1104,
481,,1018,1105,
481,,1018,1704,
481,,1018,1705,
481,,1018,2018,
481,,1018,2019,
481,,1018,2020,
481,,1019,1104,
481,,1019,1105,
481,,1019,1705,
481,,1019,2019,
481,,1019,2020,
481,,1019,2021,
481,,1020,1105,
481,,1020,1705,
481,,1020,2019,
481,,1020,2020,
481,,1020,2021,
481,,1021,1105,
481,,1021,1106,
481,,1021,1705,
481,,1021,2020,
481,,1021,2021,
481,,1021,2022,
481,,1022,1106,
481,,1022,2021,
481,,1022,2022,
481,,1022,2023,
481,,1023,1107,
481,,1023,1706,
481,,1023,2023,
481,,1023,2024,
481,,1024,1107,
481,,1024,1304,
481,,1024,1305,
481,,1024,1706,
481,,1024,1707,
481,,1024,2024,
481,,1025,1001,
481,,1025,1107,
481,,1025,1302,
481,,1025,1303,
481,,1025,1304,
481,,1025,1305,
481,,1025,1706,
481,,1025,1707,
481,,1025,2024,
481,,1025,2025,
481,,1026,1001,
481,,1026,1002,
481,,1026,1003,
481,,1026,1004,
481,,1026,1107,
481,,1026,1108,
481,,1026,1301,
481,,1026,1302,
481,,1026,1303,
481,,1026,1304,
481,,1026,1305,
481,,1026,1707,
481,,1026,1708,
481,,1026,2025,
481,,1026,2026,
481,,1027,1002,
481,,1027,1003,
481,,1027,1004,
481,,1027,1005,
481,,1027,1006,
481,,1027,1108,
481,,1027,1301,
481,,1027,1302,
481,,1027,1303,
481,,1027,1708,
481,,1027,2025,
481,,1027,2026,
481,,1027,2027,
481,,1027,2028,
481,,1028,1004,
481,,1028,1005,
481,,1028,1006,
481,,1028,1007,
481,,1028,1008,
481,,1028,1109,
481,,1028,1301,
481,,1028,1709,
481,,1028,2025,
481,,1028,2026,
481,,1028,2027,
481,,1029,1006,
481,,1029,1007,
481,,1029,1008,
481,,1029,1009,
481,,1029,1010,
481,,1029,1109,
481,,1029,1110,
481,,1029,1709,
481,,1029,2024,
481,,1029,2025,
481,,1029,2026,
481,,1030,1008,
481,,1030,1009,
481,,1030,1010,
481,,1030,1011,
481,,1030,1012,
481,,1030,1110,
481,,1030,1111,
481,,1030,1202,
481,,1030,1401,
481,,1030,1501,
481,,1030,2023,
481,,1030,2024,
481,,1101,1008,
481,,1101,1009,
481,,1101,1010,
481,,1101,1011,
481,,1101,1012,
481,,1101,1110,
481,,1101,1111,
481,,1101,1202,
481,,1101,1401,
481,,1101,1501,
481,,1101,2023,
481,,1101,2024,
481,,1102,1011,
481,,1102,1012,
481,,1102,1013,
481,,1102,1014,
481,,1102,1111,
481,,1102,1112,
481,,1102,1201,
481,,1102,1202,
481,,1102,1401,
481,,1102,1402,
481,,1102,1501,
481,,1102,1502,
481,,1102,1709,
481,,1102,2021,
481,,1102,2022,
481,,1102,2023,
481,,1103,1014,
481,,1103,1015,
481,,1103,1016,
481,,1103,1112,
481,,1103,1113,
481,,1103,1403,
481,,1103,1503,
481,,1103,1707,
481,,1103,1708,
481,,1103,2019,
481,,1103,2020,
481,,1103,2021,
481,,1104,1016,
481,,1104,1017,
481,,1104,1018,
481,,1104,1019,
481,,1104,1114,
481,,1104,1115,
481,,1104,1116,
481,,1104,1404,
481,,1104,1405,
481,,1104,1504,
481,,1104,1505,
481,,1104,1506,
481,,1104,1706,
481,,1104,1707,
481,,1104,2001,
481,,1104,2002,
481,,1104,2017,
481,,1104,2018,
481,,1104,2019,
481,,1105,1018,
481,,1105,1019,
481,,1105,1020,
481,,1105,1021,
481,,1105,1115,
481,,1105,1116,
481,,1105,1117,
481,,1105,1405,
481,,1105,1406,
481,,1105,1407,
481,,1105,1505,
481,,1105,1506,
481,,1105,1507,
481,,1105,1706,
481,,1105,2001,
481,,1105,2002,
481,,1105,2003,
481,,1105,2004,
481,,1105,2015,
481,,1105,2016,
481,,1105,2017,
481,,1106,1021,
481,,1106,1022,
481,,1106,1118,
481,,1106,1407,
481,,1106,1408,
481,,1106,1508,
481,,1106,1705,
481,,1106,2004,
481,,1106,2005,
481,,1106,2013,
481,,1106,2014,
481,,1106,2015,
481,,1107,1023,
481,,1107,1024,
481,,1107,1025,
481,,1107,1026,
481,,1107,1119,
481,,1107,1120,
481,,1107,1409,
481,,1107,1410,
481,,1107,1509,
481,,1107,1601,
481,,1107,1602,
481,,1107,1704,
481,,1107,2006,
481,,1107,2007,
481,,1107,2008,
481,,1107,2011,
481,,1107,2012,
481,,1108,1026,
481,,1108,1027,
481,,1108,1120,
481,,1108,1121,
481,,1108,1410,
481,,1108,1602,
481,,1108,1603,
481,,1108,1703,
481,,1108,2008,
481,,1108,2009,
481,,1108,2010,
481,,1108,2011,
481,,1109,1028,
481,,1109,1029,
481,,1109,1121,
481,,1109,1122,
481,,1109,1603,
481,,1109,1604,
481,,1109,1702,
481,,1110,1029,
481,,1110,1030,
481,,1110,1101,
481,,1110,1122,
481,,1110,1123,
481,,1110,1604,
481,,1110,1701,
481,,1110,1702,
481,,1111,1030,
481,,1111,1101,
481,,1111,1102,
481,,1111,1123,
481,,1111,1605,
481,,1111,1606,
481,,1111,1701,
481,,1112,1102,
481,,1112,1103,
481,,1112,1124,
481,,1112,1125,
481,,1112,1606,
481,,1112,1607,
481,,1113,1103,
481,,1113,1125,
481,,1113,1126,
481,,1113,1608,
481,,1114,1104,
481,,1114,1126,
481,,1114,1410,
481,,1114,1608,
481,,1115,1104,
481,,1115,1105,
481,,1115,1410,
481,,1116,1104,
481,,1116,1105,
481,,1116,1409,
481,,1116,1410,
481,,1117,1105,
481,,1117,1408,
481,,1117,1409,
481,,1118,1106,
481,,1118,1406,
481,,1118,1407,
481,,1118,1408,
481,,1119,1107,
481,,1119,1405,
481,,1119,1406,
481,,1120,1107,
481,,1120,1108,
481,,1120,1403,
481,,1120,1404,
481,,1120,1405,
481,,1121,1108,
481,,1121,1109,
481,,1121,1403,
481,,1122,1109,
481,,1122,1110,
481,,1122,1402,
481,,1123,1110,
481,,1123,1111,
481,,1123,1401,
481,,1123,1402,
481,,1123,1501,
481,,1123,1608,
481,,1124,1112,
481,,1124,1502,
481,,1124,1607,
481,,1125,1112,
481,,1125,1113,
481,,1125,1503,
481,,1125,1605,
481,,1125,1606,
481,,1126,1113,
481,,1126,1114,
481,,1126,1503,
481,,1126,1504,
481,,1126,1507,
481,,1126,1605,
481,,1126,1606,
481,,1201,1102,
481,,1201,1702,
481,,1201,2005,
481,,1201,2006,
481,,1201,2013,
481,,1201,2014,
481,,1202,1030,
481,,1202,1101,
481,,1202,1102,
481,,1202,1701,
481,,1202,1702,
481,,1202,2005,
481,,1202,2006,
481,,1202,2012,
481,,1202,2013,
481,,1202,2014,
481,,1301,1026,
481,,1301,1027,
481,,1301,1028,
481,,1301,2009,
481,,1301,2010,
481,,1302,1025,
481,,1302,1026,
481,,1302,1027,
481,,1302,2010,
481,,1303,1025,
481,,1303,1026,
481,,1303,1027,
481,,1303,2010,
481,,1304,1024,
481,,1304,1025,
481,,1304,1026,
481,,1305,1024,
481,,1305,1025,
481,,1305,1026,
481,,1401,1030,
481,,1401,1101,
481,,1401,1102,
481,,1401,1123,
481,,1401,1605,
481,,1401,1606,
481,,1401,1701,
481,,1402,1102,
481,,1402,1122,
481,,1402,1123,
481,,1402,1604,
481,,1403,1103,
481,,1403,1120,
481,,1403,1121,
481,,1403,1602,
481,,1403,1603,
481,,1404,1104,
481,,1404,1120,
481,,1404,1602,
481,,1404,1603,
481,,1405,1104,
481,,1405,1105,
481,,1405,1119,
481,,1405,1120,
481,,1405,1509,
481,,1405,1601,
481,,1405,1602,
481,,1406,1105,
481,,1406,1118,
481,,1406,1119,
481,,1406,1509,
481,,1406,1601,
481,,1407,1105,
481,,1407,1106,
481,,1407,1118,
481,,1407,1508,
481,,1408,1106,
481,,1408,1117,
481,,1408,1118,
481,,1408,1507,
481,,1408,1508,
481,,1409,1107,
481,,1409,1116,
481,,1409,1117,
481,,1409,1505,
481,,1409,1506,
481,,1409,1507,
481,,1409,1508,
481,,1410,1107,
481,,1410,1108,
481,,1410,1114,
481,,1410,1115,
481,,1410,1116,
481,,1410,1504,
481,,1410,1505,
481,,1410,1506,
481,,1501,1030,
481,,1501,1101,
481,,1501,1102,
481,,1501,1123,
481,,1501,1605,
481,,1501,1606,
481,,1501,1701,
481,,1502,1102,
481,,1502,1124,
481,,1502,1605,
481,,1502,1606,
481,,1502,1607,
481,,1503,1103,
481,,1503,1125,
481,,1503,1126,
481,,1503,1607,
481,,1503,1608,
481,,1504,1104,
481,,1504,1126,
481,,1504,1410,
481,,1504,1608,
481,,1505,1104,
481,,1505,1105,
481,,1505,1409,
481,,1505,1410,
481,,1506,1104,
481,,1506,1105,
481,,1506,1409,
481,,1506,1410,
481,,1506,1608,
481,,1507,1105,
481,,1507,1126,
481,,1507,1408,
481,,1507,1409,
481,,1507,1608,
481,,1508,1106,
481,,1508,1407,
481,,1508,1408,
481,,1508,1409,
481,,1509,1107,
481,,1509,1405,
481,,1509,1406,
481,,1601,1107,
481,,1601,1405,
481,,1601,1406,
481,,1602,1107,
481,,1602,1108,
481,,1602,1403,
481,,1602,1404,
481,,1602,1405,
481,,1603,1108,
481,,1603,1109,
481,,1603,1403,
481,,1603,1404,
481,,1604,1109,
481,,1604,1110,
481,,1604,1402,
481,,1605,1111,
481,,1605,1125,
481,,1605,1126,
481,,1605,1401,
481,,1605,1501,
481,,1605,1502,
481,,1606,1111,
481,,1606,1112,
481,,1606,1125,
481,,1606,1126,
481,,1606,1401,
481,,1606,1501,
481,,1606,1502,
481,,1607,1112,
481,,1607,1124,
481,,1607,1502,
481,,1607,1503,
481,,1608,1113,
481,,1608,1114,
481,,1608,1123,
481,,1608,1503,
481,,1608,1504,
481,,1608,1506,
481,,1608,1507,
481,,1701,1008,
481,,1701,1009,
481,,1701,1010,
481,,1701,1011,
481,,1701,1012,
481,,1701,1110,
481,,1701,1111,
481,,1701,1202,
481,,1701,1401,
481,,1701,1501,
481,,1701,2023,
481,,1701,2024,
481,,1702,1011,
481,,1702,1012,
481,,1702,1013,
481,,1702,1014,
481,,1702,1109,
481,,1702,1110,
481,,1702,1201,
481,,1702,1202,
481,,1702,1710,
481,,1702,2021,
481,,1702,2022,
481,,1702,2023,
481,,1703,1014,
481,,1703,1015,
481,,1703,1108,
481,,1703,1710,
481,,1703,1711,
481,,1703,2020,
481,,1703,2021,
481,,1703,2022,
481,,1704,1016,
481,,1704,1017,
481,,1704,1018,
481,,1704,1107,
481,,1704,1712,
481,,1704,2001,
481,,1704,2002,
481,,1704,2018,
481,,1704,2019,
481,,1705,1018,
481,,1705,1019,
481,,1705,1020,
481,,1705,1021,
481,,1705,1106,
481,,1705,1712,
481,,1705,1713,
481,,1705,1801,
481,,1705,2001,
481,,1705,2002,
481,,1705,2003,
481,,1705,2004,
481,,1705,2015,
481,,1705,2016,
481,,1705,2017,
481,,1706,1023,
481,,1706,1024,
481,,1706,1025,
481,,1706,1104,
481,,1706,1105,
481,,1706,1715,
481,,1706,1803,
481,,1706,1804,
481,,1706,2006,
481,,1706,2007,
481,,1706,2012,
481,,1706,2013,
481,,1707,1024,
481,,1707,1025,
481,,1707,1026,
481,,1707,1103,
481,,1707,1104,
481,,1707,1716,
481,,1707,1804,
481,,1707,2007,
481,,1707,2008,
481,,1707,2009,
481,,1707,2011,
481,,1707,2012,
481,,1708,1026,
481,,1708,1027,
481,,1708,1103,
481,,1708,1716,
481,,1708,1805,
481,,1708,1806,
481,,1708,2008,
481,,1708,2009,
481,,1708,2010,
481,,1708,2011,
481,,1709,1028,
481,,1709,1029,
481,,1709,1102,
481,,1709,1717,
481,,1709,1718,
481,,1709,1806,
481,,1709,1807,
481,,1710,1702,
481,,1710,1703,
481,,1710,1720,
481,,1710,1809,
481,,1710,1810,
481,,1710,1811,
481,,1711,1703,
481,,1711,1721,
481,,1711,1811,
481,,1712,1704,
481,,1712,1705,
481,,1712,1722,
481,,1713,1705,
481,,1713,1722,
481,,1713,1723,
481,,1714,1723,
481,,1715,1706,
481,,1715,1724,
481,,1715,1901,
481,,1716,1707,
481,,1716,1708,
481,,1716,1724,
481,,1716,1725,
481,,1716,1810,
481,,1716,1811,
481,,1716,1901,
481,,1716,1902,
481,,1717,1709,
481,,1717,1726,
481,,1717,1808,
481,,1717,1809,
481,,1717,1903,
481,,1717,1904,
481,,1718,1709,
481,,1718,1726,
481,,1718,1807,
481,,1718,1808,
481,,1718,1904,
481,,1718,1905,
481,,1718,1906,
481,,1719,1806,
481,,1719,1807,
481,,1719,1905,
481,,1719,1906,
481,,1719,1907,
481,,1720,1710,
481,,1720,1805,
481,,1720,1806,
481,,1720,1908,
481,,1720,1909,
481,,1721,1711,
481,,1721,1803,
481,,1721,1804,
481,,1722,1712,
481,,1722,1713,
481,,1722,1801,
481,,1722,1802,
481,,1722,1803,
481,,1723,1713,
481,,1723,1714,
481,,1723,1801,
481,,1724,1715,
481,,1724,1716,
481,,1725,1716,
481,,1726,1717,
481,,1726,1718,
481,,1801,1705,
481,,1801,1722,
481,,1801,1723,
481,,1802,1722,
481,,1803,1706,
481,,1803,1721,
481,,1803,1722,
481,,1804,1706,
481,,1804,1707,
481,,1804,1721,
481,,1805,1708,
481,,1805,1720,
481,,1806,1708,
481,,1806,1709,
481,,1806,1719,
481,,1806,1720,
481,,1807,1709,
481,,1807,1718,
481,,1807,1719,
481,,1808,1717,
481,,1808,1718,
481,,1809,1710,
481,,1809,1717,
481,,1810,1710,
481,,1810,1716,
481,,1811,1710,
481,,1811,1711,
481,,1811,1716,
481,,1901,1715,
481,,1901,1716,
481,,1902,1716,
481,,1903,1717,
481,,1904,1717,
481,,1904,1718,
481,,1905,1718,
481,,1905,1719,
481,,1906,1718,
481,,1906,1719,
481,,1907,1719,
481,,1908,1720,
481,,1909,1720,
481,,2001,1015,
481,,2001,1016,
481,,2001,1017,
481,,2001,1104,
481,,2001,1105,
481,,2001,1704,
481,,2001,1705,
481,,2001,2018,
481,,2001,2019,
481,,2002,1015,
481,,2002,1016,
481,,2002,1017,
481,,2002,1104,
481,,2002,1105,
481,,2002,1704,
481,,2002,1705,
481,,2002,2019,
481,,2002,2020,
481,,2003,1014,
481,,2003,1015,
481,,2003,1016,
481,,2003,1105,
481,,2003,1705,
481,,2003,2019,
481,,2003,2020,
481,,2003,2021,
481,,2004,1014,
481,,2004,1015,
481,,2004,1105,
481,,2004,1106,
481,,2004,1705,
481,,2004,2020,
481,,2004,2021,
481,,2004,2022,
481,,2005,1012,
481,,2005,1013,
481,,2005,1014,
481,,2005,1106,
481,,2005,1201,
481,,2005,1202,
481,,2005,2021,
481,,2005,2022,
481,,2005,2023,
481,,2006,1009,
481,,2006,1010,
481,,2006,1011,
481,,2006,1012,
481,,2006,1013,
481,,2006,1107,
481,,2006,1201,
481,,2006,1202,
481,,2006,1706,
481,,2006,2023,
481,,2006,2024,
481,,2007,1007,
481,,2007,1008,
481,,2007,1009,
481,,2007,1010,
481,,2007,1011,
481,,2007,1107,
481,,2007,1706,
481,,2007,1707,
481,,2007,2024,
481,,2007,2025,
481,,2008,1006,
481,,2008,1007,
481,,2008,1008,
481,,2008,1009,
481,,2008,1010,
481,,2008,1107,
481,,2008,1108,
481,,2008,1707,
481,,2008,1708,
481,,2008,2024,
481,,2008,2025,
481,,2008,2026,
481,,2009,1004,
481,,2009,1005,
481,,2009,1006,
481,,2009,1007,
481,,2009,1008,
481,,2009,1108,
481,,2009,1301,
481,,2009,1707,
481,,2009,1708,
481,,2009,2025,
481,,2009,2026,
481,,2009,2027,
481,,2010,1002,
481,,2010,1003,
481,,2010,1004,
481,,2010,1005,
481,,2010,1006,
481,,2010,1108,
481,,2010,1301,
481,,2010,1302,
481,,2010,1303,
481,,2010,1708,
481,,2010,2025,
481,,2010,2026,
481,,2010,2027,
481,,2010,2028,
481,,2011,1005,
481,,2011,1006,
481,,2011,1007,
481,,2011,1008,
481,,2011,1009,
481,,2011,1107,
481,,2011,1108,
481,,2011,1707,
481,,2011,1708,
481,,2011,2027,
481,,2011,2028,
481,,2011,2029,
481,,2012,1008,
481,,2012,1009,
481,,2012,1010,
481,,2012,1011,
481,,2012,1012,
481,,2012,1107,
481,,2012,1202,
481,,2012,1706,
481,,2012,1707,
481,,2012,2029,
481,,2012,2030,
481,,2012,2031,
481,,2013,1010,
481,,2013,1011,
481,,2013,1012,
481,,2013,1013,
481,,2013,1106,
481,,2013,1201,
481,,2013,1202,
481,,2013,1706,
481,,2013,2030,
481,,2013,2031,
481,,2013,2032,
481,,2014,1012,
481,,2014,1013,
481,,2014,1014,
481,,2014,1106,
481,,2014,1201,
481,,2014,1202,
481,,2014,2031,
481,,2014,2032,
481,,2014,2033,
481,,2015,1014,
481,,2015,1015,
481,,2015,1105,
481,,2015,1106,
481,,2015,1705,
481,,2015,2032,
481,,2015,2033,
481,,2015,2034,
481,,2016,1014,
481,,2016,1015,
481,,2016,1016,
481,,2016,1105,
481,,2016,1705,
481,,2016,2033,
481,,2016,2034,
481,,2016,2035,
481,,2017,1015,
481,,2017,1016,
481,,2017,1104,
481,,2017,1105,
481,,2017,1705,
481,,2017,2033,
481,,2017,2034,
481,,2017,2035,
481,,2018,1016,
481,,2018,1017,
481,,2018,1018,
481,,2018,1104,
481,,2018,1704,
481,,2018,2001,
481,,2018,2034,
481,,2018,2035,
481,,2019,1017,
481,,2019,1018,
481,,2019,1019,
481,,2019,1020,
481,,2019,1103,
481,,2019,1104,
481,,2019,1704,
481,,2019,2001,
481,,2019,2002,
481,,2019,2003,
481,,2020,1018,
481,,2020,1019,
481,,2020,1020,
481,,2020,1021,
481,,2020,1103,
481,,2020,1703,
481,,2020,2002,
481,,2020,2003,
481,,2020,2004,
481,,2021,1019,
481,,2021,1020,
481,,2021,1021,
481,,2021,1022,
481,,2021,1102,
481,,2021,1103,
481,,2021,1702,
481,,2021,1703,
481,,2021,2003,
481,,2021,2004,
481,,2021,2005,
481,,2022,1021,
481,,2022,1022,
481,,2022,1102,
481,,2022,1702,
481,,2022,1703,
481,,2022,2004,
481,,2022,2005,
481,,2023,1022,
481,,2023,1023,
481,,2023,1030,
481,,2023,1101,
481,,2023,1102,
481,,2023,1701,
481,,2023,1702,
481,,2023,2005,
481,,2023,2006,
481,,2024,1023,
481,,2024,1024,
481,,2024,1025,
481,,2024,1029,
481,,2024,1030,
481,,2024,1101,
481,,2024,1701,
481,,2024,2006,
481,,2024,2007,
481,,2024,2008,
481,,2025,1025,
481,,2025,1026,
481,,2025,1027,
481,,2025,1028,
481,,2025,1029,
481,,2025,2007,
481,,2025,2008,
481,,2025,2009,
481,,2025,2010,
481,,2026,1026,
481,,2026,1027,
481,,2026,1028,
481,,2026,1029,
481,,2026,2008,
481,,2026,2009,
481,,2026,2010,
481,,2027,1027,
481,,2027,1028,
481,,2027,2009,
481,,2027,2010,
481,,2027,2011,
481,,2028,1027,
481,,2028,2010,
481,,2028,2011,
481,,2029,2011,
481,,2029,2012,
481,,2030,2012,
481,,2030,2013,
481,,2031,2012,
481,,2031,2013,
481,,2031,2014,
481,,2032,2013,
481,,2032,2014,
481,,2032,2015,
481,,2033,2014,
481,,2033,2015,
481,,2033,2016,
481,,2033,2017,
481,,2034,2015,
481,,2034,2016,
481,,2034,2017,
481,,2034,2018,
481,,2035,2016,
481,,2035,2017,
481,,2035,2018,
481,,2101,2121,
481,,2101,2122,
481,,2101,2123,
481,,2102,2122,
481,,2102,2123,
481,,2103,2123,
481,,2103,2124,
481,,2104,2123,
481,,2104,2124,
481,,2105,2123,
481,,2105,2124,
481,,2105,2125,
481,,2106,2123,
481,,2106,2124,
481,,2106,2125,
481,,2107,2124,
481,,2107,2125,
481,,2107,2126,
481,,2107,2201,
481,,2108,2125,
481,,2108,2126,
481,,2108,2201,
481,,2109,2126,
481,,2109,2127,
481,,2109,2201,
481,,2109,2202,
481,,2110,2126,
481,,2110,2127,
481,,2110,2201,
481,,2110,2202,
481,,2110,2203,
481,,2111,2127,
481,,2111,2128,
481,,2111,2202,
481,,2111,2203,
481,,2111,2204,
481,,2112,2128,
481,,2112,2203,
481,,2112,2204,
481,,2112,2205,
481,,2113,2129,
481,,2113,2205,
481,,2113,2206,
481,,2113,2207,
481,,2114,2129,
481,,2114,2130,
481,,2114,2205,
481,,2114,2206,
481,,2114,2207,
481,,2114,2208,
481,,2115,2129,
481,,2115,2130,
481,,2115,2207,
481,,2115,2208,
481,,2116,2130,
481,,2116,2131,
481,,2116,2208,
481,,2117,2130,
481,,2117,2131,
481,,2118,2131,
481,,2118,2132,
481,,2119,2132,
481,,2121,2101,
481,,2121,2133,
481,,2122,2101,
481,,2122,2102,
481,,2122,2133,
481,,2123,2101,
481,,2123,2102,
481,,2123,2103,
481,,2123,2104,
481,,2123,2105,
481,,2123,2106,
481,,2123,2134,
481,,2123,2135,
481,,2124,2103,
481,,2124,2104,
481,,2124,2105,
481,,2124,2106,
481,,2124,2107,
481,,2124,2134,
481,,2124,2135,
481,,2124,2136,
481,,2125,2105,
481,,2125,2106,
481,,2125,2107,
481,,2125,2108,
481,,2125,2136,
481,,2125,2137,
481,,2126,2107,
481,,2126,2108,
481,,2126,2109,
481,,2126,2110,
481,,2126,2136,
481,,2126,2137,
481,,2126,2138,
481,,2126,2139,
481,,2127,2109,
481,,2127,2110,
481,,2127,2111,
481,,2127,2137,
481,,2127,2138,
481,,2127,2139,
481,,2128,2111,
481,,2128,2112,
481,,2129,2113,
481,,2129,2114,
481,,2129,2115,
481,,2130,2114,
481,,2130,2115,
481,,2130,2116,
481,,2130,2117,
481,,2131,2116,
481,,2131,2117,
481,,2131,2118,
481,,2132,2118,
481,,2132,2119,
481,,2133,2121,
481,,2133,2122,
481,,2133,2205,
481,,2133,2206,
481,,2133,2207,
481,,2133,2208,
481,,2134,2123,
481,,2134,2124,
481,,2134,2203,
481,,2134,2204,
481,,2134,2205,
481,,2135,2123,
481,,2135,2124,
481,,2135,2202,
481,,2135,2203,
481,,2135,2204,
481,,2136,2124,
481,,2136,2125,
481,,2136,2126,
481,,2136,2201,
481,,2136,2202,
481,,2136,2203,
481,,2137,2125,
481,,2137,2126,
481,,2137,2127,
481,,2137,2201,
481,,2138,2126,
481,,2138,2127,
481,,2138,2201,
481,,2139,2126,
481,,2139,2127,
481,,2139,2201,
481,,2201,2107,
481,,2201,2108,
481,,2201,2109,
481,,2201,2110,
481,,2201,2136,
481,,2201,2137,
481,,2201,2138,
481,,2201,2139,
481,,2202,2109,
481,,2202,2110,
481,,2202,2111,
481,,2202,2135,
481,,2202,2136,
481,,2203,2110,
481,,2203,2111,
481,,2203,2112,
481,,2203,2134,
481,,2203,2135,
481,,2203,2136,
481,,2204,2111,
481,,2204,2112,
481,,2204,2134,
481,,2204,2135,
481,,2205,2112,
481,,2205,2113,
481,,2205,2114,
481,,2205,2133,
481,,2205,2134,
481,,2206,2113,
481,,2206,2114,
481,,2206,2133,
481,,2207,2113,
481,,2207,2114,
481,,2207,2115,
481,,2207,2133,
481,,2208,2114,
481,,2208,2115,
481,,2208,2116,
481,,2208,2133,
534,,1001,1027,
534,,1001,1028,
534,,1001,1029,
534,,1001,2007,
534,,1001,2008,
534,,1001,2009,
534,,1001,2010,
534,,1001,2011,
534,,1002,1028,
534,,1002,1029,
534,,1002,1030,
534,,1002,1101,
534,,1002,1701,
534,,1002,2007,
534,,1002,2008,
534,,1002,2009,
534,,1002,2011,
534,,1002,2012,
534,,1003,1028,
534,,1003,1029,
534,,1003,1030,
534,,1003,1101,
534,,1003,1701,
534,,1003,2007,
534,,1003,2008,
534,,1003,2009,
534,,1003,2011,
534,,1003,2012,
534,,1004,1029,
534,,1004,1030,
534,,1004,1101,
534,,1004,1701,
534,,1004,2006,
534,,1004,2007,
534,,1004,2008,
534,,1004,2011,
534,,1004,2012,
534,,1005,1029,
534,,1005,1030,
534,,1005,1101,
534,,1005,1701,
534,,1005,2006,
534,,1005,2007,
534,,1005,2008,
534,,1005,2012,
534,,1005,2013,
534,,1006,1030,
534,,1006,1101,
534,,1006,1102,
534,,1006,1701,
534,,1006,1702,
534,,1006,2006,
534,,1006,2007,
534,,1006,2012,
534,,1006,2013,
534,,1007,1030,
534,,1007,1101,
534,,1007,1102,
534,,1007,1701,
534,,1007,1702,
534,,1007,2005,
534,,1007,2006,
534,,1007,2012,
534,,1007,2013,
534,,1007,2014,
534,,1008,1102,
534,,1008,1702,
534,,1008,2005,
534,,1008,2006,
534,,1008,2013,
534,,1008,2014,
534,,1009,1102,
534,,1009,1702,
534,,1009,1703,
534,,1009,2004,
534,,1009,2005,
534,,1009,2013,
534,,1009,2014,
534,,1009,2015,
534,,1010,1102,
534,,1010,1103,
534,,1010,1702,
534,,1010,1703,
534,,1010,2004,
534,,1010,2005,
534,,1010,2014,
534,,1010,2015,
534,,1010,2016,
534,,1011,1103,
534,,1011,1703,
534,,1011,2002,
534,,1011,2003,
534,,1011,2004,
534,,1011,2005,
534,,1011,2014,
534,,1011,2015,
534,,1011,2016,
534,,1011,2017,
534,,1012,1103,
534,,1012,1703,
534,,1012,2001,
534,,1012,2002,
534,,1012,2003,
534,,1012,2004,
534,,1012,2015,
534,,1012,2016,
534,,1012,2017,
534,,1013,1103,
534,,1013,1703,
534,,1013,2001,
534,,1013,2002,
534,,1013,2003,
534,,1013,2004,
534,,1013,2015,
534,,1013,2016,
534,,1013,2017,
534,,1013,2018,
534,,1014,1104,
534,,1014,1704,
534,,1014,2001,
534,,1014,2002,
534,,1014,2017,
534,,1014,2018,
534,,1014,2019,
534,,1015,1104,
534,,1015,1105,
534,,1015,1704,
534,,1015,1705,
534,,1015,2018,
534,,1015,2019,
534,,1015,2020,
534,,1016,1105,
534,,1016,1705,
534,,1016,2019,
534,,1016,2020,
534,,1016,2021,
534,,1017,1105,
534,,1017,1106,
534,,1017,1705,
534,,1017,2020,
534,,1017,2021,
534,,1017,2022,
534,,1018,1106,
534,,1018,2021,
534,,1018,2022,
534,,1018,2023,
534,,1019,1106,
534,,1019,1706,
534,,1019,2022,
534,,1019,2023,
534,,1020,1106,
534,,1020,1706,
534,,1020,2022,
534,,1020,2023,
534,,1021,1107,
534,,1021,1706,
534,,1021,2023,
534,,1021,2024,
534,,1022,1107,
534,,1022,1706,
534,,1022,1707,
534,,1022,2024,
534,,1022,2025,
534,,1023,1108,
534,,1023,1707,
534,,1023,1708,
534,,1023,2025,
534,,1023,2026,
534,,1023,2027,
534,,1024,1108,
534,,1024,1708,
534,,1024,2025,
534,,1024,2026,
534,,1024,2027,
534,,1025,1108,
534,,1025,1109,
534,,1025,1708,
534,,1025,1709,
534,,1025,2026,
534,,1025,2027,
534,,1025,2028,
534,,1026,1109,
534,,1026,1110,
534,,1026,1709,
534,,1026,2027,
534,,1026,2028,
534,,1026,2029,
534,,1027,1001,
534,,1027,1109,
534,,1027,1110,
534,,1027,1111,
534,,1027,1304,
534,,1027,1305,
534,,1027,1401,
534,,1027,1501,
534,,1027,1709,
534,,1027,2029,
534,,1027,2030,
534,,1027,2031,
534,,1028,1001,
534,,1028,1002,
534,,1028,1003,
534,,1028,1110,
534,,1028,1111,
534,,1028,1302,
534,,1028,1303,
534,,1028,1304,
534,,1028,1305,
534,,1028,1401,
534,,1028,1501,
534,,1028,2028,
534,,1028,2029,
534,,1028,2030,
534,,1029,1001,
534,,1029,1002,
534,,1029,1003,
534,,1029,1004,
534,,1029,1005,
534,,1029,1111,
534,,1029,1301,
534,,1029,1302,
534,,1029,1303,
534,,1029,1304,
534,,1029,1305,
534,,1029,1401,
534,,1029,1402,
534,,1029,1501,
534,,1029,1502,
534,,1029,1710,
534,,1029,2027,
534,,1029,2028,
534,,1029,2029,
534,,1030,1002,
534,,1030,1003,
534,,1030,1004,
534,,1030,1005,
534,,1030,1006,
534,,1030,1007,
534,,1030,1112,
534,,1030,1301,
534,,1030,1302,
534,,1030,1402,
534,,1030,1502,
534,,1030,1710,
534,,1030,2025,
534,,1030,2026,
534,,1030,2027,
534,,1101,1002,
534,,1101,1003,
534,,1101,1004,
534,,1101,1005,
534,,1101,1006,
534,,1101,1007,
534,,1101,1112,
534,,1101,1301,
534,,1101,1302,
534,,1101,1402,
534,,1101,1502,
534,,1101,1710,
534,,1101,2025,
534,,1101,2026,
534,,1101,2027,
534,,1102,1006,
534,,1102,1007,
534,,1102,1008,
534,,1102,1009,
534,,1102,1010,
534,,1102,1113,
534,,1102,1114,
534,,1102,1403,
534,,1102,1404,
534,,1102,1503,
534,,1102,1504,
534,,1102,2024,
534,,1102,2025,
534,,1103,1010,
534,,1103,1011,
534,,1103,1012,
534,,1103,1013,
534,,1103,1114,
534,,1103,1115,
534,,1103,1116,
534,,1103,1201,
534,,1103,1202,
534,,1103,1404,
534,,1103,1405,
534,,1103,1406,
534,,1103,1504,
534,,1103,1505,
534,,1103,1506,
534,,1103,1709,
534,,1103,2022,
534,,1103,2023,
534,,1104,1014,
534,,1104,1015,
534,,1104,1117,
534,,1104,1118,
534,,1104,1406,
534,,1104,1407,
534,,1104,1507,
534,,1104,1508,
534,,1104,1708,
534,,1104,2020,
534,,1104,2021,
534,,1104,2022,
534,,1105,1015,
534,,1105,1016,
534,,1105,1017,
534,,1105,1118,
534,,1105,1119,
534,,1105,1408,
534,,1105,1409,
534,,1105,1508,
534,,1105,1509,
534,,1105,1601,
534,,1105,1707,
534,,1105,1708,
534,,1105,2018,
534,,1105,2019,
534,,1105,2020,
534,,1106,1017,
534,,1106,1018,
534,,1106,1019,
534,,1106,1020,
534,,1106,1119,
534,,1106,1120,
534,,1106,1409,
534,,1106,1410,
534,,1106,1509,
534,,1106,1601,
534,,1106,1602,
534,,1106,1706,
534,,1106,2001,
534,,1106,2002,
534,,1106,2003,
534,,1106,2016,
534,,1106,2017,
534,,1106,2018,
534,,1107,1021,
534,,1107,1022,
534,,1107,1121,
534,,1107,1603,
534,,1107,1705,
534,,1107,2004,
534,,1107,2005,
534,,1107,2013,
534,,1107,2014,
534,,1107,2015,
534,,1108,1023,
534,,1108,1024,
534,,1108,1025,
534,,1108,1122,
534,,1108,1604,
534,,1108,1704,
534,,1108,1705,
534,,1108,2006,
534,,1108,2007,
534,,1108,2012,
534,,1108,2013,
534,,1109,1025,
534,,1109,1026,
534,,1109,1027,
534,,1109,1123,
534,,1109,1124,
534,,1109,1605,
534,,1109,1606,
534,,1109,1703,
534,,1109,1704,
534,,1109,2007,
534,,1109,2008,
534,,1109,2009,
534,,1109,2010,
534,,1109,2011,
534,,1110,1026,
534,,1110,1027,
534,,1110,1028,
534,,1110,1124,
534,,1110,1605,
534,,1110,1606,
534,,1110,1607,
534,,1110,1703,
534,,1110,2009,
534,,1110,2010,
534,,1110,2011,
534,,1111,1027,
534,,1111,1028,
534,,1111,1029,
534,,1111,1124,
534,,1111,1125,
534,,1111,1126,
534,,1111,1607,
534,,1111,1702,
534,,1111,1703,
534,,1111,2010,
534,,1112,1030,
534,,1112,1101,
534,,1112,1126,
534,,1112,1608,
534,,1112,1701,
534,,1113,1102,
534,,1114,1102,
534,,1114,1103,
534,,1115,1103,
534,,1116,1103,
534,,1117,1104,
534,,1117,1410,
534,,1118,1104,
534,,1118,1105,
534,,1118,1409,
534,,1118,1410,
534,,1119,1105,
534,,1119,1106,
534,,1119,1407,
534,,1119,1408,
534,,1119,1409,
534,,1120,1106,
534,,1120,1406,
534,,1120,1407,
534,,1121,1107,
534,,1121,1404,
534,,1121,1405,
534,,1121,1406,
534,,1122,1108,
534,,1122,1403,
534,,1122,1404,
534,,1123,1109,
534,,1123,1403,
534,,1124,1109,
534,,1124,1110,
534,,1124,1111,
534,,1124,1401,
534,,1124,1402,
534,,1124,1501,
534,,1124,1608,
534,,1125,1111,
534,,1125,1401,
534,,1125,1501,
534,,1125,1502,
534,,1125,1607,
534,,1125,1608,
534,,1126,1111,
534,,1126,1112,
534,,1126,1401,
534,,1126,1501,
534,,1126,1502,
534,,1126,1607,
534,,1201,1103,
534,,1201,1703,
534,,1201,2001,
534,,1201,2002,
534,,1201,2003,
534,,1201,2004,
534,,1201,2015,
534,,1201,2016,
534,,1201,2017,
534,,1201,2018,
534,,1202,1103,
534,,1202,1703,
534,,1202,2002,
534,,1202,2003,
534,,1202,2004,
534,,1202,2015,
534,,1202,2016,
534,,1202,2017,
534,,1301,1029,
534,,1301,1030,
534,,1301,1101,
534,,1301,1701,
534,,1301,2006,
534,,1301,2007,
534,,1301,2008,
534,,1301,2011,
534,,1301,2012,
534,,1302,1028,
534,,1302,1029,
534,,1302,1030,
534,,1302,1101,
534,,1302,1701,
534,,1302,2007,
534,,1302,2008,
534,,1302,2009,
534,,1302,2011,
534,,1302,2012,
534,,1303,1028,
534,,1303,1029,
534,,1303,2007,
534,,1303,2008,
534,,1303,2009,
534,,1303,2011,
534,,1304,1027,
534,,1304,1028,
534,,1304,1029,
534,,1304,2007,
534,,1304,2008,
534,,1304,2009,
534,,1304,2010,
534,,1304,2011,
534,,1305,1027,
534,,1305,1028,
534,,1305,1029,
534,,1305,2008,
534,,1305,2009,
534,,1305,2010,
534,,1305,2011,
534,,1401,1027,
534,,1401,1028,
534,,1401,1029,
534,,1401,1124,
534,,1401,1125,
534,,1401,1126,
534,,1401,1607,
534,,1401,1702,
534,,1401,1703,
534,,1401,2010,
534,,1402,1029,
534,,1402,1030,
534,,1402,1101,
534,,1402,1124,
534,,1402,1605,
534,,1402,1606,
534,,1402,1607,
534,,1402,1701,
534,,1402,1702,
534,,1403,1102,
534,,1403,1122,
534,,1403,1123,
534,,1403,1604,
534,,1404,1102,
534,,1404,1103,
534,,1404,1121,
534,,1404,1122,
534,,1404,1604,
534,,1405,1103,
534,,1405,1121,
534,,1405,1603,
534,,1406,1103,
534,,1406,1104,
534,,1406,1120,
534,,1406,1121,
534,,1406,1602,
534,,1406,1603,
534,,1407,1104,
534,,1407,1119,
534,,1407,1120,
534,,1407,1509,
534,,1407,1601,
534,,1407,1602,
534,,1408,1105,
534,,1408,1119,
534,,1408,1509,
534,,1408,1601,
534,,1409,1105,
534,,1409,1106,
534,,1409,1118,
534,,1409,1119,
534,,1409,1509,
534,,1409,1601,
534,,1410,1106,
534,,1410,1117,
534,,1410,1118,
534,,1410,1507,
534,,1410,1508,
534,,1501,1027,
534,,1501,1028,
534,,1501,1029,
534,,1501,1124,
534,,1501,1125,
534,,1501,1126,
534,,1501,1607,
534,,1501,1702,
534,,1501,1703,
534,,1501,2010,
534,,1502,1029,
534,,1502,1030,
534,,1502,1101,
534,,1502,1125,
534,,1502,1126,
534,,1502,1608,
534,,1502,1701,
534,,1502,1702,
534,,1503,1102,
534,,1504,1102,
534,,1504,1103,
534,,1505,1103,
534,,1506,1103,
534,,1507,1104,
534,,1507,1410,
534,,1508,1104,
534,,1508,1105,
534,,1508,1410,
534,,1509,1105,
534,,1509,1106,
534,,1509,1407,
534,,1509,1408,
534,,1509,1409,
534,,1601,1105,
534,,1601,1106,
534,,1601,1407,
534,,1601,1408,
534,,1601,1409,
534,,1602,1106,
534,,1602,1406,
534,,1602,1407,
534,,1603,1107,
534,,1603,1405,
534,,1603,1406,
534,,1604,1108,
534,,1604,1403,
534,,1604,1404,
534,,1605,1109,
534,,1605,1110,
534,,1605,1402,
534,,1606,1109,
534,,1606,1110,
534,,1606,1402,
534,,1607,1110,
534,,1607,1111,
534,,1607,1125,
534,,1607,1126,
534,,1607,1401,
534,,1607,1402,
534,,1607,1501,
534,,1608,1112,
534,,1608,1124,
534,,1608,1125,
534,,1608,1502,
534,,1701,1002,
534,,1701,1003,
534,,1701,1004,
534,,1701,1005,
534,,1701,1006,
534,,1701,1007,
534,,1701,1112,
534,,1701,1301,
534,,1701,1302,
534,,1701,1402,
534,,1701,1502,
534,,1701,1710,
534,,1701,2025,
534,,1701,2026,
534,,1701,2027,
534,,1702,1006,
534,,1702,1007,
534,,1702,1008,
534,,1702,1009,
534,,1702,1010,
534,,1702,1111,
534,,1702,1401,
534,,1702,1402,
534,,1702,1501,
534,,1702,1502,
534,,1702,1711,
534,,1702,2024,
534,,1702,2025,
534,,1703,1009,
534,,1703,1010,
534,,1703,1011,
534,,1703,1012,
534,,1703,1013,
534,,1703,1109,
534,,1703,1110,
534,,1703,1111,
534,,1703,1201,
534,,1703,1202,
534,,1703,1401,
534,,1703,1501,
534,,1703,1712,
534,,1703,2023,
534,,1703,2024,
534,,1704,1014,
534,,1704,1015,
534,,1704,1108,
534,,1704,1109,
534,,1704,1713,
534,,1704,1714,
534,,1704,1801,
534,,1704,1802,
534,,1704,2020,
534,,1704,2021,
534,,1704,2022,
534,,1705,1015,
534,,1705,1016,
534,,1705,1017,
534,,1705,1107,
534,,1705,1108,
534,,1705,1714,
534,,1705,1715,
534,,1705,1802,
534,,1705,1803,
534,,1705,2018,
534,,1705,2019,
534,,1705,2020,
534,,1706,1019,
534,,1706,1020,
534,,1706,1021,
534,,1706,1022,
534,,1706,1106,
534,,1706,1716,
534,,1706,1805,
534,,1706,1806,
534,,1706,2003,
534,,1706,2004,
534,,1706,2005,
534,,1706,2014,
534,,1706,2015,
534,,1706,2016,
534,,1706,2017,
534,,1707,1022,
534,,1707,1023,
534,,1707,1105,
534,,1707,1717,
534,,1707,1805,
534,,1707,1806,
534,,1707,1807,
534,,1707,2005,
534,,1707,2006,
534,,1707,2013,
534,,1707,2014,
534,,1708,1023,
534,,1708,1024,
534,,1708,1025,
534,,1708,1104,
534,,1708,1105,
534,,1708,1717,
534,,1708,1718,
534,,1708,1807,
534,,1708,2006,
534,,1708,2007,
534,,1708,2012,
534,,1708,2013,
534,,1709,1025,
534,,1709,1026,
534,,1709,1027,
534,,1709,1103,
534,,1709,1719,
534,,1709,1808,
534,,1709,1809,
534,,1709,2007,
534,,1709,2008,
534,,1709,2009,
534,,1709,2010,
534,,1709,2011,
534,,1710,1029,
534,,1710,1030,
534,,1710,1101,
534,,1710,1701,
534,,1710,1721,
534,,1711,1702,
534,,1711,1722,
534,,1712,1703,
534,,1712,1723,
534,,1713,1704,
534,,1713,1724,
534,,1713,1901,
534,,1714,1704,
534,,1714,1705,
534,,1714,1724,
534,,1714,1725,
534,,1714,1901,
534,,1714,1902,
534,,1715,1705,
534,,1715,1725,
534,,1715,1902,
534,,1715,1903,
534,,1716,1706,
534,,1716,1726,
534,,1716,1903,
534,,1716,1904,
534,,1717,1707,
534,,1717,1708,
534,,1717,1810,
534,,1717,1811,
534,,1717,1905,
534,,1717,1906,
534,,1717,1907,
534,,1718,1708,
534,,1718,1809,
534,,1718,1810,
534,,1718,1907,
534,,1718,1908,
534,,1718,1909,
534,,1719,1709,
534,,1719,1808,
534,,1719,1809,
534,,1719,1908,
534,,1719,1909,
534,,1720,1807,
534,,1721,1710,
534,,1721,1805,
534,,1721,1806,
534,,1722,1711,
534,,1722,1804,
534,,1723,1712,
534,,1723,1802,
534,,1723,1803,
534,,1724,1713,
534,,1724,1714,
534,,1724,1801,
534,,1725,1714,
534,,1725,1715,
534,,1726,1716,
534,,1801,1704,
534,,1801,1724,
534,,1801,1901,
534,,1802,1704,
534,,1802,1705,
534,,1802,1723,
534,,1803,1705,
534,,1803,1723,
534,,1804,1722,
534,,1805,1706,
534,,1805,1707,
534,,1805,1721,
534,,1806,1706,
534,,1806,1707,
534,,1806,1721,
534,,1807,1707,
534,,1807,1708,
534,,1807,1720,
534,,1808,1709,
534,,1808,1719,
534,,1809,1709,
534,,1809,1718,
534,,1809,1719,
534,,1810,1717,
534,,1810,1718,
534,,1811,1717,
534,,1901,1713,
534,,1901,1714,
534,,1901,1801,
534,,1902,1714,
534,,1902,1715,
534,,1903,1715,
534,,1903,1716,
534,,1904,1716,
534,,1905,1717,
534,,1906,1717,
534,,1907,1717,
534,,1907,1718,
534,,1908,1718,
534,,1908,1719,
534,,1909,1718,
534,,1909,1719,
534,,2001,1012,
534,,2001,1013,
534,,2001,1014,
534,,2001,1106,
534,,2001,1201,
534,,2001,2020,
534,,2001,2021,
534,,2001,2022,
534,,2001,2023,
534,,2002,1011,
534,,2002,1012,
534,,2002,1013,
534,,2002,1014,
534,,2002,1106,
534,,2002,1201,
534,,2002,1202,
534,,2002,2021,
534,,2002,2022,
534,,2002,2023,
534,,2003,1011,
534,,2003,1012,
534,,2003,1013,
534,,2003,1106,
534,,2003,1201,
534,,2003,1202,
534,,2003,1706,
534,,2003,2022,
534,,2003,2023,
534,,2004,1009,
534,,2004,1010,
534,,2004,1011,
534,,2004,1012,
534,,2004,1013,
534,,2004,1107,
534,,2004,1201,
534,,2004,1202,
534,,2004,1706,
534,,2004,2023,
534,,2004,2024,
534,,2005,1007,
534,,2005,1008,
534,,2005,1009,
534,,2005,1010,
534,,2005,1011,
534,,2005,1107,
534,,2005,1706,
534,,2005,1707,
534,,2005,2024,
534,,2006,1004,
534,,2006,1005,
534,,2006,1006,
534,,2006,1007,
534,,2006,1008,
534,,2006,1108,
534,,2006,1301,
534,,2006,1707,
534,,2006,1708,
534,,2006,2025,
534,,2006,2026,
534,,2006,2027,
534,,2007,1001,
534,,2007,1002,
534,,2007,1003,
534,,2007,1004,
534,,2007,1005,
534,,2007,1006,
534,,2007,1108,
534,,2007,1109,
534,,2007,1301,
534,,2007,1302,
534,,2007,1303,
534,,2007,1304,
534,,2007,1708,
534,,2007,1709,
534,,2007,2026,
534,,2007,2027,
534,,2007,2028,
534,,2008,1001,
534,,2008,1002,
534,,2008,1003,
534,,2008,1004,
534,,2008,1005,
534,,2008,1109,
534,,2008,1301,
534,,2008,1302,
534,,2008,1303,
534,,2008,1304,
534,,2008,1305,
534,,2008,1709,
534,,2008,2027,
534,,2008,2028,
534,,2008,2029,
534,,2009,1001,
534,,2009,1002,
534,,2009,1003,
534,,2009,1109,
534,,2009,1110,
534,,2009,1302,
534,,2009,1303,
534,,2009,1304,
534,,2009,1305,
534,,2009,1709,
534,,2009,2028,
534,,2009,2029,
534,,2009,2030,
534,,2010,1001,
534,,2010,1109,
534,,2010,1110,
534,,2010,1111,
534,,2010,1304,
534,,2010,1305,
534,,2010,1401,
534,,2010,1501,
534,,2010,1709,
534,,2010,2029,
534,,2010,2030,
534,,2010,2031,
534,,2011,1001,
534,,2011,1002,
534,,2011,1003,
534,,2011,1004,
534,,2011,1109,
534,,2011,1110,
534,,2011,1301,
534,,2011,1302,
534,,2011,1303,
534,,2011,1304,
534,,2011,1305,
534,,2011,1709,
534,,2011,2030,
534,,2011,2031,
534,,2011,2032,
534,,2012,1002,
534,,2012,1003,
534,,2012,1004,
534,,2012,1005,
534,,2012,1006,
534,,2012,1007,
534,,2012,1108,
534,,2012,1301,
534,,2012,1302,
534,,2012,1708,
534,,2012,2032,
534,,2012,2033,
534,,2013,1005,
534,,2013,1006,
534,,2013,1007,
534,,2013,1008,
534,,2013,1009,
534,,2013,1107,
534,,2013,1108,
534,,2013,1707,
534,,2013,1708,
534,,2013,2033,
534,,2013,2034,
534,,2013,2035,
534,,2014,1007,
534,,2014,1008,
534,,2014,1009,
534,,2014,1010,
534,,2014,1011,
534,,2014,1107,
534,,2014,1706,
534,,2014,1707,
534,,2014,2034,
534,,2014,2035,
534,,2015,1009,
534,,2015,1010,
534,,2015,1011,
534,,2015,1012,
534,,2015,1013,
534,,2015,1107,
534,,2015,1201,
534,,2015,1202,
534,,2015,1706,
534,,2015,2035,
534,,2016,1010,
534,,2016,1011,
534,,2016,1012,
534,,2016,1013,
534,,2016,1106,
534,,2016,1201,
534,,2016,1202,
534,,2016,1706,
534,,2017,1011,
534,,2017,1012,
534,,2017,1013,
534,,2017,1014,
534,,2017,1106,
534,,2017,1201,
534,,2017,1202,
534,,2017,1706,
534,,2018,1013,
534,,2018,1014,
534,,2018,1015,
534,,2018,1105,
534,,2018,1106,
534,,2018,1201,
534,,2018,1705,
534,,2019,1014,
534,,2019,1015,
534,,2019,1016,
534,,2019,1105,
534,,2019,1705,
534,,2020,1015,
534,,2020,1016,
534,,2020,1017,
534,,2020,1104,
534,,2020,1105,
534,,2020,1704,
534,,2020,1705,
534,,2020,2001,
534,,2021,1016,
534,,2021,1017,
534,,2021,1018,
534,,2021,1104,
534,,2021,1704,
534,,2021,2001,
534,,2021,2002,
534,,2022,1017,
534,,2022,1018,
534,,2022,1019,
534,,2022,1020,
534,,2022,1103,
534,,2022,1104,
534,,2022,1704,
534,,2022,2001,
534,,2022,2002,
534,,2022,2003,
534,,2023,1018,
534,,2023,1019,
534,,2023,1020,
534,,2023,1021,
534,,2023,1103,
534,,2023,1703,
534,,2023,2001,
534,,2023,2002,
534,,2023,2003,
534,,2023,2004,
534,,2024,1021,
534,,2024,1022,
534,,2024,1102,
534,,2024,1702,
534,,2024,1703,
534,,2024,2004,
534,,2024,2005,
534,,2025,1022,
534,,2025,1023,
534,,2025,1024,
534,,2025,1030,
534,,2025,1101,
534,,2025,1102,
534,,2025,1701,
534,,2025,1702,
534,,2025,2006,
534,,2026,1023,
534,,2026,1024,
534,,2026,1025,
534,,2026,1030,
534,,2026,1101,
534,,2026,1701,
534,,2026,2006,
534,,2026,2007,
534,,2027,1023,
534,,2027,1024,
534,,2027,1025,
534,,2027,1026,
534,,2027,1029,
534,,2027,1030,
534,,2027,1101,
534,,2027,1701,
534,,2027,2006,
534,,2027,2007,
534,,2027,2008,
534,,2028,1025,
534,,2028,1026,
534,,2028,1028,
534,,2028,1029,
534,,2028,2007,
534,,2028,2008,
534,,2028,2009,
534,,2029,1026,
534,,2029,1027,
534,,2029,1028,
534,,2029,1029,
534,,2029,2008,
534,,2029,2009,
534,,2029,2010,
534,,2030,1027,
534,,2030,1028,
534,,2030,2009,
534,,2030,2010,
534,,2030,2011,
534,,2031,1027,
534,,2031,2010,
534,,2031,2011,
534,,2032,2011,
534,,2032,2012,
534,,2033,2012,
534,,2033,2013,
534,,2034,2013,
534,,2034,2014,
534,,2035,2013,
534,,2035,2014,
534,,2035,2015,
534,,2101,2124,
534,,2101,2125,
534,,2102,2124,
534,,2102,2125,
534,,2102,2126,
534,,2102,2201,
534,,2103,2125,
534,,2103,2126,
534,,2103,2201,
534,,2104,2125,
534,,2104,2126,
534,,2104,2127,
534,,2104,2201,
534,,2105,2126,
534,,2105,2127,
534,,2105,2201,
534,,2105,2202,
534,,2106,2126,
534,,2106,2127,
534,,2106,2201,
534,,2106,2202,
534,,2107,2127,
534,,2107,2202,
534,,2107,2203,
534,,2108,2127,
534,,2108,2128,
534,,2108,2202,
534,,2108,2203,
534,,2108,2204,
534,,2109,2128,
534,,2109,2203,
534,,2109,2204,
534,,2109,2205,
534,,2110,2128,
534,,2110,2129,
534,,2110,2204,
534,,2110,2205,
534,,2110,2206,
534,,2110,2207,
534,,2111,2129,
534,,2111,2205,
534,,2111,2206,
534,,2111,2207,
534,,2111,2208,
534,,2112,2129,
534,,2112,2130,
534,,2112,2206,
534,,2112,2207,
534,,2112,2208,
534,,2113,2130,
534,,2113,2131,
534,,2113,2208,
534,,2114,2131,
534,,2114,2132,
534,,2115,2131,
534,,2115,2132,
534,,2116,2132,
534,,2117,2132,
534,,2118,2133,
534,,2119,2133,
534,,2120,2133,
534,,2120,2134,
534,,2121,2134,
534,,2121,2135,
534,,2122,2134,
534,,2122,2135,
534,,2122,2136,
534,,2123,2136,
534,,2123,2137,
534,,2123,2138,
534,,2124,2101,
534,,2124,2102,
534,,2124,2137,
534,,2124,2138,
534,,2124,2139,
534,,2125,2101,
534,,2125,2102,
534,,2125,2103,
534,,2125,2104,
534,,2125,2138,
534,,2125,2139,
534,,2126,2102,
534,,2126,2103,
534,,2126,2104,
534,,2126,2105,
534,,2126,2106,
534,,2127,2104,
534,,2127,2105,
534,,2127,2106,
534,,2127,2107,
534,,2127,2108,
534,,2128,2108,
534,,2128,2109,
534,,2128,2110,
534,,2129,2110,
534,,2129,2111,
534,,2129,2112,
534,,2130,2112,
534,,2130,2113,
534,,2131,2113,
534,,2131,2114,
534,,2131,2115,
534,,2132,2114,
534,,2132,2115,
534,,2132,2116,
534,,2132,2117,
534,,2133,2118,
534,,2133,2119,
534,,2133,2120,
534,,2134,2120,
534,,2134,2121,
534,,2134,2122,
534,,2134,2206,
534,,2134,2207,
534,,2134,2208,
534,,2135,2121,
534,,2135,2122,
534,,2135,2205,
534,,2135,2206,
534,,2135,2207,
534,,2135,2208,
534,,2136,2122,
534,,2136,2123,
534,,2136,2204,
534,,2136,2205,
534,,2136,2206,
534,,2136,2207,
534,,2137,2123,
534,,2137,2124,
534,,2137,2202,
534,,2137,2203,
534,,2137,2204,
534,,2138,2123,
534,,2138,2124,
534,,2138,2125,
534,,2138,2202,
534,,2138,2203,
534,,2138,2204,
534,,2139,2124,
534,,2139,2125,
534,,2139,2202,
534,,2139,2203,
534,,2139,2204,
534,,2201,2102,
534,,2201,2103,
534,,2201,2104,
534,,2201,2105,
534,,2201,2106,
534,,2202,2105,
534,,2202,2106,
534,,2202,2107,
534,,2202,2108,
534,,2202,2137,
534,,2202,2138,
534,,2202,2139,
534,,2203,2107,
534,,2203,2108,
534,,2203,2109,
534,,2203,2137,
534,,2203,2138,
534,,2203,2139,
534,,2204,2108,
534,,2204,2109,
534,,2204,2110,
534,,2204,2136,
534,,2204,2137,
534,,2204,2138,
534,,2204,2139,
534,,2205,2109,
534,,2205,2110,
534,,2205,2111,
534,,2205,2135,
534,,2205,2136,
534,,2206,2110,
534,,2206,2111,
534,,2206,2112,
534,,2206,2134,
534,,2206,2135,
534,,2206,2136,
534,,2207,2110,
534,,2207,2111,
534,,2207,2112,
534,,2207,2134,
534,,2207,2135,
534,,2207,2136,
534,,2208,2111,
534,,2208,2112,
534,,2208,2113,
534,,2208,2134,
534,,2208,2135,
607,,1001,1030,
607,,1001,1101,
607,,1001,1102,
607,,1001,1701,
607,,1001,1702,
607,,1001,2005,
607,,1001,2006,
607,,1001,2012,
607,,1001,2013,
607,,1002,1102,
607,,1002,1702,
607,,1002,2005,
607,,1002,2006,
607,,1002,2013,
607,,1002,2014,
607,,1003,1102,
607,,1003,1702,
607,,1003,2005,
607,,1003,2006,
607,,1003,2013,
607,,1003,2014,
607,,1004,1102,
607,,1004,1702,
607,,1004,1703,
607,,1004,2004,
607,,1004,2005,
607,,1004,2013,
607,,1004,2014,
607,,1004,2015,
607,,1005,1102,
607,,1005,1103,
607,,1005,1702,
607,,1005,1703,
607,,1005,2004,
607,,1005,2005,
607,,1005,2014,
607,,1005,2015,
607,,1005,2016,
607,,1006,1103,
607,,1006,1703,
607,,1006,2003,
607,,1006,2004,
607,,1006,2005,
607,,1006,2014,
607,,1006,2015,
607,,1006,2016,
607,,1006,2017,
607,,1007,1103,
607,,1007,1703,
607,,1007,2002,
607,,1007,2003,
607,,1007,2004,
607,,1007,2015,
607,,1007,2016,
607,,1007,2017,
607,,1008,1103,
607,,1008,1703,
607,,1008,2001,
607,,1008,2002,
607,,1008,2003,
607,,1008,2004,
607,,1008,2015,
607,,1008,2016,
607,,1008,2017,
607,,1008,2018,
607,,1009,1103,
607,,1009,1104,
607,,1009,1704,
607,,1009,2001,
607,,1009,2002,
607,,1009,2003,
607,,1009,2016,
607,,1009,2017,
607,,1009,2018,
607,,1010,1104,
607,,1010,1704,
607,,1010,2001,
607,,1010,2002,
607,,1010,2003,
607,,1010,2017,
607,,1010,2018,
607,,1011,1104,
607,,1011,1704,
607,,1011,2001,
607,,1011,2018,
607,,1011,2019,
607,,1012,1104,
607,,1012,1105,
607,,1012,1704,
607,,1012,1705,
607,,1012,2018,
607,,1012,2019,
607,,1012,2020,
607,,1013,1104,
607,,1013,1105,
607,,1013,1704,
607,,1013,1705,
607,,1013,2019,
607,,1013,2020,
607,,1014,1105,
607,,1014,1705,
607,,1014,2020,
607,,1014,2021,
607,,1015,1106,
607,,1015,2021,
607,,1015,2022,
607,,1015,2023,
607,,1016,1106,
607,,1016,1706,
607,,1016,2022,
607,,1016,2023,
607,,1017,1107,
607,,1017,1706,
607,,1017,2023,
607,,1017,2024,
607,,1018,1107,
607,,1018,1706,
607,,1018,1707,
607,,1018,2024,
607,,1019,1107,
607,,1019,1108,
607,,1019,1707,
607,,1019,1708,
607,,1019,2024,
607,,1019,2025,
607,,1020,1107,
607,,1020,1108,
607,,1020,1707,
607,,1020,1708,
607,,1020,2024,
607,,1020,2025,
607,,1020,2026,
607,,1021,1108,
607,,1021,1707,
607,,1021,1708,
607,,1021,2025,
607,,1021,2026,
607,,1021,2027,
607,,1022,1108,
607,,1022,1109,
607,,1022,1708,
607,,1022,1709,
607,,1022,2026,
607,,1022,2027,
607,,1022,2028,
607,,1023,1109,
607,,1023,1110,
607,,1023,1709,
607,,1023,2028,
607,,1023,2029,
607,,1023,2030,
607,,1024,1109,
607,,1024,1110,
607,,1024,1111,
607,,1024,1401,
607,,1024,1501,
607,,1024,1709,
607,,1024,2028,
607,,1024,2029,
607,,1024,2030,
607,,1025,1110,
607,,1025,1111,
607,,1025,1401,
607,,1025,1501,
607,,1025,2029,
607,,1025,2030,
607,,1025,2031,
607,,1026,1111,
607,,1026,1401,
607,,1026,1402,
607,,1026,1501,
607,,1026,1502,
607,,1026,2030,
607,,1026,2031,
607,,1026,2032,
607,,1027,1112,
607,,1027,1402,
607,,1027,1502,
607,,1027,1710,
607,,1027,2032,
607,,1027,2033,
607,,1028,1112,
607,,1028,1113,
607,,1028,1402,
607,,1028,1403,
607,,1028,1502,
607,,1028,1503,
607,,1028,1710,
607,,1028,1711,
607,,1028,2031,
607,,1028,2032,
607,,1029,1112,
607,,1029,1113,
607,,1029,1403,
607,,1029,1503,
607,,1029,1711,
607,,1029,2030,
607,,1029,2031,
607,,1030,1001,
607,,1030,1113,
607,,1030,1114,
607,,1030,1115,
607,,1030,1303,
607,,1030,1304,
607,,1030,1305,
607,,1030,1403,
607,,1030,1404,
607,,1030,1503,
607,,1030,1504,
607,,1030,1505,
607,,1030,1711,
607,,1030,1712,
607,,1030,2028,
607,,1030,2029,
607,,1030,2030,
607,,1101,1001,
607,,1101,1113,
607,,1101,1114,
607,,1101,1115,
607,,1101,1303,
607,,1101,1304,
607,,1101,1305,
607,,1101,1403,
607,,1101,1404,
607,,1101,1503,
607,,1101,1504,
607,,1101,1505,
607,,1101,1711,
607,,1101,1712,
607,,1101,2028,
607,,1101,2029,
607,,1101,2030,
607,,1102,1001,
607,,1102,1002,
607,,1102,1003,
607,,1102,1004,
607,,1102,1005,
607,,1102,1115,
607,,1102,1116,
607,,1102,1117,
607,,1102,1301,
607,,1102,1302,
607,,1102,1303,
607,,1102,1304,
607,,1102,1305,
607,,1102,1405,
607,,1102,1406,
607,,1102,1505,
607,,1102,1506,
607,,1102,1507,
607,,1102,1710,
607,,1102,1711,
607,,1102,2026,
607,,1102,2027,
607,,1102,2028,
607,,1103,1005,
607,,1103,1006,
607,,1103,1007,
607,,1103,1008,
607,,1103,1009,
607,,1103,1117,
607,,1103,1118,
607,,1103,1407,
607,,1103,1408,
607,,1103,1507,
607,,1103,1508,
607,,1103,1710,
607,,1103,2024,
607,,1103,2025,
607,,1103,2026,
607,,1104,1009,
607,,1104,1010,
607,,1104,1011,
607,,1104,1012,
607,,1104,1013,
607,,1104,1119,
607,,1104,1201,
607,,1104,1202,
607,,1104,1408,
607,,1104,1409,
607,,1104,1410,
607,,1104,1509,
607,,1104,1601,
607,,1104,1709,
607,,1104,2023,
607,,1104,2024,
607,,1105,1012,
607,,1105,1013,
607,,1105,1014,
607,,1105,1120,
607,,1105,1201,
607,,1105,1202,
607,,1105,1410,
607,,1105,1602,
607,,1105,1709,
607,,1105,2021,
607,,1105,2022,
607,,1105,2023,
607,,1106,1015,
607,,1106,1016,
607,,1106,1121,
607,,1106,1603,
607,,1106,1707,
607,,1106,1708,
607,,1106,2019,
607,,1106,2020,
607,,1106,2021,
607,,1107,1017,
607,,1107,1018,
607,,1107,1019,
607,,1107,1020,
607,,1107,1122,
607,,1107,1123,
607,,1107,1604,
607,,1107,1605,
607,,1107,1706,
607,,1107,2001,
607,,1107,2002,
607,,1107,2003,
607,,1107,2016,
607,,1107,2017,
607,,1107,2018,
607,,1108,1019,
607,,1108,1020,
607,,1108,1021,
607,,1108,1022,
607,,1108,1123,
607,,1108,1124,
607,,1108,1605,
607,,1108,1606,
607,,1108,2002,
607,,1108,2003,
607,,1108,2004,
607,,1108,2005,
607,,1108,2014,
607,,1108,2015,
607,,1108,2016,
607,,1108,2017,
607,,1109,1022,
607,,1109,1023,
607,,1109,1024,
607,,1109,1125,
607,,1109,1126,
607,,1109,1607,
607,,1109,1608,
607,,1109,1705,
607,,1109,2005,
607,,1109,2006,
607,,1109,2012,
607,,1109,2013,
607,,1110,1023,
607,,1110,1024,
607,,1110,1025,
607,,1110,1125,
607,,1110,1126,
607,,1110,1608,
607,,1110,1704,
607,,1110,2006,
607,,1110,2007,
607,,1110,2008,
607,,1110,2012,
607,,1110,2013,
607,,1111,1024,
607,,1111,1025,
607,,1111,1026,
607,,1111,1608,
607,,1111,1704,
607,,1111,2007,
607,,1111,2008,
607,,1111,2009,
607,,1111,2011,
607,,1111,2012,
607,,1112,1027,
607,,1112,1028,
607,,1112,1029,
607,,1112,1702,
607,,1112,1703,
607,,1112,2009,
607,,1112,2010,
607,,1113,1028,
607,,1113,1029,
607,,1113,1030,
607,,1113,1101,
607,,1113,1701,
607,,1113,1702,
607,,1114,1030,
607,,1114,1101,
607,,1114,1701,
607,,1115,1030,
607,,1115,1101,
607,,1115,1102,
607,,1115,1701,
607,,1116,1102,
607,,1117,1102,
607,,1117,1103,
607,,1118,1103,
607,,1119,1104,
607,,1119,1410,
607,,1120,1105,
607,,1120,1408,
607,,1120,1409,
607,,1121,1106,
607,,1121,1407,
607,,1121,1408,
607,,1122,1107,
607,,1122,1405,
607,,1122,1406,
607,,1122,1407,
607,,1123,1107,
607,,1123,1108,
607,,1123,1404,
607,,1123,1405,
607,,1123,1406,
607,,1124,1108,
607,,1124,1403,
607,,1124,1404,
607,,1125,1109,
607,,1125,1110,
607,,1125,1402,
607,,1126,1109,
607,,1126,1110,
607,,1126,1402,
607,,1126,1608,
607,,1201,1104,
607,,1201,1105,
607,,1201,1704,
607,,1201,1705,
607,,1201,2019,
607,,1201,2020,
607,,1202,1104,
607,,1202,1105,
607,,1202,1704,
607,,1202,1705,
607,,1202,2001,
607,,1202,2018,
607,,1202,2019,
607,,1202,2020,
607,,1301,1102,
607,,1301,1702,
607,,1301,1703,
607,,1301,2004,
607,,1301,2005,
607,,1301,2013,
607,,1301,2014,
607,,1301,2015,
607,,1302,1102,
607,,1302,1702,
607,,1302,2005,
607,,1302,2006,
607,,1302,2013,
607,,1302,2014,
607,,1303,1030,
607,,1303,1101,
607,,1303,1102,
607,,1303,1701,
607,,1303,1702,
607,,1303,2005,
607,,1303,2006,
607,,1303,2012,
607,,1303,2013,
607,,1303,2014,
607,,1304,1030,
607,,1304,1101,
607,,1304,1102,
607,,1304,1701,
607,,1304,1702,
607,,1304,2006,
607,,1304,2012,
607,,1304,2013,
607,,1305,1030,
607,,1305,1101,
607,,1305,1102,
607,,1305,1701,
607,,1305,2006,
607,,1305,2007,
607,,1305,2012,
607,,1305,2013,
607,,1401,1024,
607,,1401,1025,
607,,1401,1026,
607,,1401,1608,
607,,1401,1704,
607,,1401,2007,
607,,1401,2008,
607,,1401,2009,
607,,1401,2011,
607,,1401,2012,
607,,1402,1026,
607,,1402,1027,
607,,1402,1028,
607,,1402,1125,
607,,1402,1126,
607,,1402,1608,
607,,1402,1703,
607,,1402,2008,
607,,1402,2009,
607,,1402,2010,
607,,1402,2011,
607,,1403,1028,
607,,1403,1029,
607,,1403,1030,
607,,1403,1101,
607,,1403,1124,
607,,1403,1605,
607,,1403,1606,
607,,1403,1607,
607,,1403,1701,
607,,1403,1702,
607,,1404,1030,
607,,1404,1101,
607,,1404,1123,
607,,1404,1124,
607,,1404,1605,
607,,1404,1606,
607,,1404,1701,
607,,1405,1102,
607,,1405,1122,
607,,1405,1123,
607,,1405,1604,
607,,1405,1605,
607,,1406,1102,
607,,1406,1122,
607,,1406,1123,
607,,1406,1604,
607,,1407,1103,
607,,1407,1121,
607,,1407,1122,
607,,1407,1603,
607,,1407,1604,
607,,1408,1103,
607,,1408,1104,
607,,1408,1120,
607,,1408,1121,
607,,1408,1602,
607,,1408,1603,
607,,1409,1104,
607,,1409,1120,
607,,1409,1602,
607,,1410,1104,
607,,1410,1105,
607,,1410,1119,
607,,1410,1509,
607,,1410,1601,
607,,1501,1024,
607,,1501,1025,
607,,1501,1026,
607,,1501,1608,
607,,1501,1704,
607,,1501,2007,
607,,1501,2008,
607,,1501,2009,
607,,1501,2011,
607,,1501,2012,
607,,1502,1026,
607,,1502,1027,
607,,1502,1028,
607,,1502,1703,
607,,1502,2008,
607,,1502,2009,
607,,1502,2010,
607,,1502,2011,
607,,1503,1028,
607,,1503,1029,
607,,1503,1030,
607,,1503,1101,
607,,1503,1701,
607,,1503,1702,
607,,1504,1030,
607,,1504,1101,
607,,1504,1701,
607,,1505,1030,
607,,1505,1101,
607,,1505,1102,
607,,1505,1701,
607,,1506,1102,
607,,1507,1102,
607,,1507,1103,
607,,1508,1103,
607,,1509,1104,
607,,1509,1410,
607,,1601,1104,
607,,1601,1410,
607,,1602,1105,
607,,1602,1408,
607,,1602,1409,
607,,1603,1106,
607,,1603,1407,
607,,1603,1408,
607,,1604,1107,
607,,1604,1405,
607,,1604,1406,
607,,1604,1407,
607,,1605,1107,
607,,1605,1108,
607,,1605,1403,
607,,1605,1404,
607,,1605,1405,
607,,1606,1108,
607,,1606,1403,
607,,1606,1404,
607,,1607,1109,
607,,1607,1403,
607,,1608,1109,
607,,1608,1110,
607,,1608,1111,
607,,1608,1126,
607,,1608,1401,
607,,1608,1402,
607,,1608,1501,
607,,1701,1001,
607,,1701,1113,
607,,1701,1114,
607,,1701,1115,
607,,1701,1303,
607,,1701,1304,
607,,1701,1305,
607,,1701,1403,
607,,1701,1404,
607,,1701,1503,
607,,1701,1504,
607,,1701,1505,
607,,1701,1711,
607,,1701,1712,
607,,1701,2028,
607,,1701,2029,
607,,1701,2030,
607,,1702,1001,
607,,1702,1002,
607,,1702,1003,
607,,1702,1004,
607,,1702,1005,
607,,1702,1112,
607,,1702,1113,
607,,1702,1301,
607,,1702,1302,
607,,1702,1303,
607,,1702,1304,
607,,1702,1403,
607,,1702,1503,
607,,1702,1712,
607,,1702,1713,
607,,1702,1801,
607,,1702,2026,
607,,1702,2027,
607,,1702,2028,
607,,1703,1004,
607,,1703,1005,
607,,1703,1006,
607,,1703,1007,
607,,1703,1008,
607,,1703,1112,
607,,1703,1301,
607,,1703,1402,
607,,1703,1502,
607,,1703,1713,
607,,1703,1714,
607,,1703,1801,
607,,1703,1802,
607,,1703,2025,
607,,1703,2026,
607,,1703,2027,
607,,1704,1009,
607,,1704,1010,
607,,1704,1011,
607,,1704,1012,
607,,1704,1013,
607,,1704,1110,
607,,1704,1111,
607,,1704,1201,
607,,1704,1202,
607,,1704,1401,
607,,1704,1501,
607,,1704,1715,
607,,1704,1803,
607,,1704,1804,
607,,1704,2023,
607,,1704,2024,
607,,1705,1012,
607,,1705,1013,
607,,1705,1014,
607,,1705,1109,
607,,1705,1201,
607,,1705,1202,
607,,1705,1716,
607,,1705,1804,
607,,1705,1805,
607,,1705,2021,
607,,1705,2022,
607,,1705,2023,
607,,1706,1016,
607,,1706,1017,
607,,1706,1018,
607,,1706,1107,
607,,1706,1717,
607,,1706,1718,
607,,1706,1807,
607,,1706,2001,
607,,1706,2002,
607,,1706,2018,
607,,1706,2019,
607,,1707,1018,
607,,1707,1019,
607,,1707,1020,
607,,1707,1021,
607,,1707,1106,
607,,1707,1718,
607,,1707,1719,
607,,1707,1808,
607,,1707,1809,
607,,1707,2001,
607,,1707,2002,
607,,1707,2003,
607,,1707,2004,
607,,1707,2015,
607,,1707,2016,
607,,1707,2017,
607,,1707,2018,
607,,1708,1019,
607,,1708,1020,
607,,1708,1021,
607,,1708,1022,
607,,1708,1106,
607,,1708,1719,
607,,1708,1720,
607,,1708,1808,
607,,1708,1809,
607,,1708,1810,
607,,1708,2003,
607,,1708,2004,
607,,1708,2005,
607,,1708,2014,
607,,1708,2015,
607,,1708,2016,
607,,1708,2017,
607,,1709,1022,
607,,1709,1023,
607,,1709,1024,
607,,1709,1104,
607,,1709,1105,
607,,1709,1720,
607,,1709,1810,
607,,1709,1811,
607,,1709,2005,
607,,1709,2006,
607,,1709,2012,
607,,1709,2013,
607,,1710,1027,
607,,1710,1028,
607,,1710,1102,
607,,1710,1103,
607,,1710,1722,
607,,1710,1723,
607,,1710,2009,
607,,1710,2010,
607,,1711,1028,
607,,1711,1029,
607,,1711,1030,
607,,1711,1101,
607,,1711,1102,
607,,1711,1701,
607,,1711,1723,
607,,1712,1030,
607,,1712,1101,
607,,1712,1701,
607,,1712,1702,
607,,1712,1724,
607,,1712,1725,
607,,1712,1901,
607,,1712,1902,
607,,1713,1702,
607,,1713,1703,
607,,1713,1725,
607,,1713,1902,
607,,1713,1903,
607,,1714,1703,
607,,1714,1726,
607,,1714,1903,
607,,1714,1904,
607,,1715,1704,
607,,1715,1726,
607,,1715,1904,
607,,1715,1905,
607,,1716,1705,
607,,1716,1905,
607,,1716,1906,
607,,1716,1907,
607,,1717,1706,
607,,1717,1908,
607,,1717,1909,
607,,1718,1706,
607,,1718,1707,
607,,1718,1811,
607,,1719,1707,
607,,1719,1708,
607,,1719,1810,
607,,1719,1811,
607,,1720,1708,
607,,1720,1709,
607,,1720,1808,
607,,1720,1809,
607,,1720,1810,
607,,1721,1807,
607,,1722,1710,
607,,1722,1805,
607,,1722,1806,
607,,1723,1710,
607,,1723,1711,
607,,1723,1804,
607,,1723,1805,
607,,1724,1712,
607,,1724,1802,
607,,1724,1803,
607,,1725,1712,
607,,1725,1713,
607,,1725,1801,
607,,1725,1802,
607,,1725,1803,
607,,1726,1714,
607,,1726,1715,
607,,1801,1702,
607,,1801,1703,
607,,1801,1725,
607,,1801,1902,
607,,1801,1903,
607,,1802,1703,
607,,1802,1724,
607,,1802,1725,
607,,1802,1901,
607,,1802,1902,
607,,1803,1704,
607,,1803,1724,
607,,1803,1725,
607,,1803,1901,
607,,1803,1902,
607,,1804,1704,
607,,1804,1705,
607,,1804,1723,
607,,1805,1705,
607,,1805,1722,
607,,1805,1723,
607,,1806,1722,
607,,1807,1706,
607,,1807,1721,
607,,1808,1707,
607,,1808,1708,
607,,1808,1720,
607,,1809,1707,
607,,1809,1708,
607,,1809,1720,
607,,1810,1708,
607,,1810,1709,
607,,1810,1719,
607,,1810,1720,
607,,1811,1709,
607,,1811,1718,
607,,1811,1719,
607,,1901,1712,
607,,1901,1802,
607,,1901,1803,
607,,1902,1712,
607,,1902,1713,
607,,1902,1801,
607,,1902,1802,
607,,1902,1803,
607,,1903,1713,
607,,1903,1714,
607,,1903,1801,
607,,1904,1714,
607,,1904,1715,
607,,1905,1715,
607,,1905,1716,
607,,1906,1716,
607,,1907,1716,
607,,1908,1717,
607,,1909,1717,
607,,2001,1008,
607,,2001,1009,
607,,2001,1010,
607,,2001,1011,
607,,2001,1107,
607,,2001,1202,
607,,2001,1706,
607,,2001,1707,
607,,2001,2024,
607,,2002,1007,
607,,2002,1008,
607,,2002,1009,
607,,2002,1010,
607,,2002,1107,
607,,2002,1108,
607,,2002,1706,
607,,2002,1707,
607,,2002,2024,
607,,2002,2025,
607,,2003,1006,
607,,2003,1007,
607,,2003,1008,
607,,2003,1009,
607,,2003,1010,
607,,2003,1107,
607,,2003,1108,
607,,2003,1707,
607,,2003,1708,
607,,2003,2024,
607,,2003,2025,
607,,2003,2026,
607,,2004,1004,
607,,2004,1005,
607,,2004,1006,
607,,2004,1007,
607,,2004,1008,
607,,2004,1108,
607,,2004,1301,
607,,2004,1707,
607,,2004,1708,
607,,2004,2025,
607,,2004,2026,
607,,2004,2027,
607,,2005,1001,
607,,2005,1002,
607,,2005,1003,
607,,2005,1004,
607,,2005,1005,
607,,2005,1006,
607,,2005,1108,
607,,2005,1109,
607,,2005,1301,
607,,2005,1302,
607,,2005,1303,
607,,2005,1708,
607,,2005,1709,
607,,2005,2025,
607,,2005,2026,
607,,2005,2027,
607,,2005,2028,
607,,2006,1001,
607,,2006,1002,
607,,2006,1003,
607,,2006,1109,
607,,2006,1110,
607,,2006,1302,
607,,2006,1303,
607,,2006,1304,
607,,2006,1305,
607,,2006,1709,
607,,2006,2028,
607,,2006,2029,
607,,2006,2030,
607,,2007,1110,
607,,2007,1111,
607,,2007,1305,
607,,2007,1401,
607,,2007,1501,
607,,2007,2029,
607,,2007,2030,
607,,2007,2031,
607,,2008,1110,
607,,2008,1111,
607,,2008,1401,
607,,2008,1402,
607,,2008,1501,
607,,2008,1502,
607,,2008,2030,
607,,2008,2031,
607,,2009,1111,
607,,2009,1112,
607,,2009,1401,
607,,2009,1402,
607,,2009,1501,
607,,2009,1502,
607,,2009,1710,
607,,2009,2031,
607,,2009,2032,
607,,2010,1112,
607,,2010,1402,
607,,2010,1502,
607,,2010,1710,
607,,2010,2032,
607,,2010,2033,
607,,2011,1111,
607,,2011,1401,
607,,2011,1402,
607,,2011,1501,
607,,2011,1502,
607,,2011,2033,
607,,2011,2034,
607,,2011,2035,
607,,2012,1001,
607,,2012,1109,
607,,2012,1110,
607,,2012,1111,
607,,2012,1303,
607,,2012,1304,
607,,2012,1305,
607,,2012,1401,
607,,2012,1501,
607,,2012,1709,
607,,2012,2034,
607,,2012,2035,
607,,2013,1001,
607,,2013,1002,
607,,2013,1003,
607,,2013,1004,
607,,2013,1109,
607,,2013,1110,
607,,2013,1301,
607,,2013,1302,
607,,2013,1303,
607,,2013,1304,
607,,2013,1305,
607,,2013,1709,
607,,2014,1002,
607,,2014,1003,
607,,2014,1004,
607,,2014,1005,
607,,2014,1006,
607,,2014,1108,
607,,2014,1301,
607,,2014,1302,
607,,2014,1303,
607,,2014,1708,
607,,2015,1004,
607,,2015,1005,
607,,2015,1006,
607,,2015,1007,
607,,2015,1008,
607,,2015,1108,
607,,2015,1301,
607,,2015,1707,
607,,2015,1708,
607,,2016,1005,
607,,2016,1006,
607,,2016,1007,
607,,2016,1008,
607,,2016,1009,
607,,2016,1107,
607,,2016,1108,
607,,2016,1707,
607,,2016,1708,
607,,2017,1006,
607,,2017,1007,
607,,2017,1008,
607,,2017,1009,
607,,2017,1010,
607,,2017,1107,
607,,2017,1108,
607,,2017,1707,
607,,2017,1708,
607,,2018,1008,
607,,2018,1009,
607,,2018,1010,
607,,2018,1011,
607,,2018,1012,
607,,2018,1107,
607,,2018,1202,
607,,2018,1706,
607,,2018,1707,
607,,2019,1011,
607,,2019,1012,
607,,2019,1013,
607,,2019,1106,
607,,2019,1201,
607,,2019,1202,
607,,2019,1706,
607,,2020,1012,
607,,2020,1013,
607,,2020,1014,
607,,2020,1106,
607,,2020,1201,
607,,2020,1202,
607,,2021,1014,
607,,2021,1015,
607,,2021,1105,
607,,2021,1106,
607,,2021,1705,
607,,2022,1015,
607,,2022,1016,
607,,2022,1105,
607,,2022,1705,
607,,2023,1015,
607,,2023,1016,
607,,2023,1017,
607,,2023,1104,
607,,2023,1105,
607,,2023,1704,
607,,2023,1705,
607,,2024,1017,
607,,2024,1018,
607,,2024,1019,
607,,2024,1020,
607,,2024,1103,
607,,2024,1104,
607,,2024,1704,
607,,2024,2001,
607,,2024,2002,
607,,2024,2003,
607,,2025,1019,
607,,2025,1020,
607,,2025,1021,
607,,2025,1103,
607,,2025,1703,
607,,2025,2002,
607,,2025,2003,
607,,2025,2004,
607,,2025,2005,
607,,2026,1020,
607,,2026,1021,
607,,2026,1022,
607,,2026,1102,
607,,2026,1103,
607,,2026,1702,
607,,2026,1703,
607,,2026,2003,
607,,2026,2004,
607,,2026,2005,
607,,2027,1021,
607,,2027,1022,
607,,2027,1102,
607,,2027,1702,
607,,2027,1703,
607,,2027,2004,
607,,2027,2005,
607,,2028,1022,
607,,2028,1023,
607,,2028,1024,
607,,2028,1030,
607,,2028,1101,
607,,2028,1102,
607,,2028,1701,
607,,2028,1702,
607,,2028,2005,
607,,2028,2006,
607,,2029,1023,
607,,2029,1024,
607,,2029,1025,
607,,2029,1030,
607,,2029,1101,
607,,2029,1701,
607,,2029,2006,
607,,2029,2007,
607,,2030,1023,
607,,2030,1024,
607,,2030,1025,
607,,2030,1026,
607,,2030,1029,
607,,2030,1030,
607,,2030,1101,
607,,2030,1701,
607,,2030,2006,
607,,2030,2007,
607,,2030,2008,
607,,2031,1025,
607,,2031,1026,
607,,2031,1028,
607,,2031,1029,
607,,2031,2007,
607,,2031,2008,
607,,2031,2009,
607,,2032,1026,
607,,2032,1027,
607,,2032,1028,
607,,2032,2009,
607,,2032,2010,
607,,2033,1027,
607,,2033,2010,
607,,2033,2011,
607,,2034,2011,
607,,2034,2012,
607,,2035,2011,
607,,2035,2012,
607,,2101,2126,
607,,2101,2127,
607,,2101,2201,
607,,2101,2202,
607,,2101,2203,
607,,2102,2127,
607,,2102,2128,
607,,2102,2202,
607,,2102,2203,
607,,2102,2204,
607,,2103,2127,
607,,2103,2128,
607,,2103,2202,
607,,2103,2203,
607,,2103,2204,
607,,2104,2128,
607,,2104,2202,
607,,2104,2203,
607,,2104,2204,
607,,2105,2128,
607,,2105,2203,
607,,2105,2204,
607,,2105,2205,
607,,2106,2128,
607,,2106,2203,
607,,2106,2204,
607,,2106,2205,
607,,2106,2206,
607,,2107,2128,
607,,2107,2129,
607,,2107,2204,
607,,2107,2205,
607,,2107,2206,
607,,2107,2207,
607,,2108,2129,
607,,2108,2205,
607,,2108,2206,
607,,2108,2207,
607,,2108,2208,
607,,2109,2129,
607,,2109,2130,
607,,2109,2206,
607,,2109,2207,
607,,2109,2208,
607,,2110,2130,
607,,2110,2131,
607,,2110,2208,
607,,2111,2130,
607,,2111,2131,
607,,2111,2132,
607,,2112,2131,
607,,2112,2132,
607,,2113,2132,
607,,2115,2133,
607,,2116,2133,
607,,2117,2133,
607,,2118,2134,
607,,2118,2135,
607,,2119,2134,
607,,2119,2135,
607,,2119,2136,
607,,2120,2135,
607,,2120,2136,
607,,2121,2136,
607,,2121,2137,
607,,2121,2138,
607,,2121,2139,
607,,2122,2137,
607,,2122,2138,
607,,2122,2139,
607,,2123,2139,
607,,2126,2101,
607,,2127,2101,
607,,2127,2102,
607,,2127,2103,
607,,2128,2102,
607,,2128,2103,
607,,2128,2104,
607,,2128,2105,
607,,2128,2106,
607,,2128,2107,
607,,2129,2107,
607,,2129,2108,
607,,2129,2109,
607,,2130,2109,
607,,2130,2110,
607,,2130,2111,
607,,2131,2110,
607,,2131,2111,
607,,2131,2112,
607,,2132,2111,
607,,2132,2112,
607,,2132,2113,
607,,2133,2115,
607,,2133,2116,
607,,2133,2117,
607,,2134,2118,
607,,2134,2119,
607,,2135,2118,
607,,2135,2119,
607,,2135,2120,
607,,2136,2119,
607,,2136,2120,
607,,2136,2121,
607,,2136,2208,
607,,2137,2121,
607,,2137,2122,
607,,2137,2205,
607,,2137,2206,
607,,2137,2207,
607,,2137,2208,
607,,2138,2121,
607,,2138,2122,
607,,2138,2205,
607,,2138,2206,
607,,2138,2207,
607,,2138,2208,
607,,2139,2121,
607,,2139,2122,
607,,2139,2123,
607,,2139,2205,
607,,2139,2206,
607,,2139,2207,
607,,2201,2101,
607,,2202,2101,
607,,2202,2102,
607,,2202,2103,
607,,2202,2104,
607,,2203,2101,
607,,2203,2102,
607,,2203,2103,
607,,2203,2104,
607,,2203,2105,
607,,2203,2106,
607,,2204,2102,
607,,2204,2103,
607,,2204,2104,
607,,2204,2105,
607,,2204,2106,
607,,2204,2107,
607,,2205,2105,
607,,2205,2106,
607,,2205,2107,
607,,2205,2108,
607,,2205,2137,
607,,2205,2138,
607,,2205,2139,
607,,2206,2106,
607,,2206,2107,
607,,2206,2108,
607,,2206,2109,
607,,2206,2137,
607,,2206,2138,
607,,2206,2139,
607,,2207,2107,
607,,2207,2108,
607,,2207,2109,
607,,2207,2137,
607,,2207,2138,
607,,2207,2139,
607,,2208,2108,
607,,2208,2109,
607,,2208,2110,
607,,2208,2136,
607,,2208,2137,
607,,2208,2138,
670,,1001,1103,
670,,1001,1703,
670,,1001,2002,
670,,1001,2003,
670,,1001,2004,
670,,1001,2014,
670,,1001,2015,
670,,1001,2016,
670,,1001,2017,
670,,1002,1103,
670,,1002,1703,
670,,1002,2001,
670,,1002,2002,
670,,1002,2003,
670,,1002,2004,
670,,1002,2015,
670,,1002,2016,
670,,1002,2017,
670,,1002,2018,
670,,1003,1103,
670,,1003,1703,
670,,1003,2001,
670,,1003,2002,
670,,1003,2003,
670,,1003,2004,
670,,1003,2015,
670,,1003,2016,
670,,1003,2017,
670,,1003,2018,
670,,1004,1103,
670,,1004,1104,
670,,1004,1704,
670,,1004,2001,
670,,1004,2002,
670,,1004,2003,
670,,1004,2016,
670,,1004,2017,
670,,1004,2018,
670,,1005,1104,
670,,1005,1704,
670,,1005,2001,
670,,1005,2002,
670,,1005,2003,
670,,1005,2017,
670,,1005,2018,
670,,1006,1104,
670,,1006,1704,
670,,1006,2001,
670,,1006,2002,
670,,1006,2018,
670,,1006,2019,
670,,1007,1104,
670,,1007,1105,
670,,1007,1704,
670,,1007,1705,
670,,1007,2001,
670,,1007,2018,
670,,1007,2019,
670,,1007,2020,
670,,1008,1104,
670,,1008,1105,
670,,1008,1704,
670,,1008,1705,
670,,1008,2019,
670,,1008,2020,
670,,1009,1105,
670,,1009,1705,
670,,1009,2019,
670,,1009,2020,
670,,1009,2021,
670,,1010,1105,
670,,1010,1705,
670,,1010,2019,
670,,1010,2020,
670,,1010,2021,
670,,1011,1105,
670,,1011,1106,
670,,1011,1705,
670,,1011,2020,
670,,1011,2021,
670,,1011,2022,
670,,1012,1106,
670,,1012,2021,
670,,1012,2022,
670,,1012,2023,
670,,1013,1106,
670,,1013,2021,
670,,1013,2022,
670,,1013,2023,
670,,1014,1106,
670,,1014,1107,
670,,1014,1706,
670,,1014,2022,
670,,1014,2023,
670,,1014,2024,
670,,1015,1107,
670,,1015,1706,
670,,1015,1707,
670,,1015,2024,
670,,1015,2025,
670,,1016,1107,
670,,1016,1108,
670,,1016,1707,
670,,1016,1708,
670,,1016,2024,
670,,1016,2025,
670,,1016,2026,
670,,1017,1108,
670,,1017,1707,
670,,1017,1708,
670,,1017,2025,
670,,1017,2026,
670,,1017,2027,
670,,1018,1108,
670,,1018,1109,
670,,1018,1708,
670,,1018,1709,
670,,1018,2025,
670,,1018,2026,
670,,1018,2027,
670,,1018,2028,
670,,1019,1109,
670,,1019,1709,
670,,1019,2026,
670,,1019,2027,
670,,1019,2028,
670,,1020,1109,
670,,1020,1110,
670,,1020,1709,
670,,1020,2027,
670,,1020,2028,
670,,1020,2029,
670,,1021,1109,
670,,1021,1110,
670,,1021,1709,
670,,1021,2028,
670,,1021,2029,
670,,1021,2030,
670,,1022,1110,
670,,1022,1111,
670,,1022,1401,
670,,1022,1501,
670,,1022,2029,
670,,1022,2030,
670,,1022,2031,
670,,1023,1111,
670,,1023,1401,
670,,1023,1402,
670,,1023,1501,
670,,1023,1502,
670,,1023,1710,
670,,1023,2031,
670,,1023,2032,
670,,1024,1112,
670,,1024,1402,
670,,1024,1502,
670,,1024,1710,
670,,1024,2031,
670,,1024,2032,
670,,1025,1112,
670,,1025,1402,
670,,1025,1502,
670,,1025,1710,
670,,1025,1711,
670,,1025,2032,
670,,1025,2033,
670,,1026,1112,
670,,1026,1113,
670,,1026,1403,
670,,1026,1503,
670,,1026,1710,
670,,1026,1711,
670,,1026,2033,
670,,1026,2034,
670,,1026,2035,
670,,1027,1113,
670,,1027,1114,
670,,1027,1115,
670,,1027,1403,
670,,1027,1404,
670,,1027,1503,
670,,1027,1504,
670,,1027,1711,
670,,1027,2034,
670,,1027,2035,
670,,1028,1114,
670,,1028,1115,
670,,1028,1116,
670,,1028,1404,
670,,1028,1405,
670,,1028,1504,
670,,1028,1505,
670,,1028,1506,
670,,1028,1712,
670,,1028,2033,
670,,1028,2034,
670,,1028,2035,
670,,1029,1114,
670,,1029,1115,
670,,1029,1116,
670,,1029,1404,
670,,1029,1405,
670,,1029,1406,
670,,1029,1504,
670,,1029,1505,
670,,1029,1506,
670,,1029,1507,
670,,1029,1712,
670,,1029,2032,
670,,1029,2033,
670,,1029,2034,
670,,1030,1116,
670,,1030,1117,
670,,1030,1405,
670,,1030,1406,
670,,1030,1407,
670,,1030,1506,
670,,1030,1507,
670,,1030,1508,
670,,1030,1713,
670,,1030,1714,
670,,1030,1801,
670,,1030,1802,
670,,1030,2031,
670,,1030,2032,
670,,1101,1116,
670,,1101,1117,
670,,1101,1405,
670,,1101,1406,
670,,1101,1407,
670,,1101,1506,
670,,1101,1507,
670,,1101,1508,
670,,1101,1713,
670,,1101,1714,
670,,1101,1801,
670,,1101,1802,
670,,1101,2031,
670,,1101,2032,
670,,1102,1118,
670,,1102,1407,
670,,1102,1408,
670,,1102,1409,
670,,1102,1508,
670,,1102,1712,
670,,1102,2029,
670,,1102,2030,
670,,1102,2031,
670,,1103,1001,
670,,1103,1002,
670,,1103,1003,
670,,1103,1004,
670,,1103,1119,
670,,1103,1301,
670,,1103,1302,
670,,1103,1303,
670,,1103,1304,
670,,1103,1305,
670,,1103,1409,
670,,1103,1410,
670,,1103,1509,
670,,1103,1601,
670,,1103,1711,
670,,1103,2027,
670,,1103,2028,
670,,1103,2029,
670,,1104,1004,
670,,1104,1005,
670,,1104,1006,
670,,1104,1007,
670,,1104,1008,
670,,1104,1120,
670,,1104,1121,
670,,1104,1301,
670,,1104,1602,
670,,1104,1603,
670,,1104,1710,
670,,1104,2025,
670,,1104,2026,
670,,1104,2027,
670,,1105,1007,
670,,1105,1008,
670,,1105,1009,
670,,1105,1010,
670,,1105,1011,
670,,1105,1121,
670,,1105,1122,
670,,1105,1603,
670,,1105,1604,
670,,1105,2024,
670,,1106,1011,
670,,1106,1012,
670,,1106,1013,
670,,1106,1014,
670,,1106,1122,
670,,1106,1123,
670,,1106,1201,
670,,1106,1202,
670,,1106,1604,
670,,1106,1605,
670,,1106,1709,
670,,1106,2022,
670,,1106,2023,
670,,1107,1014,
670,,1107,1015,
670,,1107,1016,
670,,1107,1124,
670,,1107,1606,
670,,1107,1607,
670,,1107,1707,
670,,1107,1708,
670,,1107,2019,
670,,1107,2020,
670,,1107,2021,
670,,1108,1016,
670,,1108,1017,
670,,1108,1018,
670,,1108,1125,
670,,1108,1126,
670,,1108,1607,
670,,1108,1608,
670,,1108,1706,
670,,1108,1707,
670,,1108,2001,
670,,1108,2018,
670,,1108,2019,
670,,1109,1018,
670,,1109,1019,
670,,1109,1020,
670,,1109,1021,
670,,1109,2002,
670,,1109,2003,
670,,1109,2004,
670,,1109,2014,
670,,1109,2015,
670,,1109,2016,
670,,1109,2017,
670,,1110,1020,
670,,1110,1021,
670,,1110,1022,
670,,1110,1705,
670,,1110,2004,
670,,1110,2005,
670,,1110,2014,
670,,1110,2015,
670,,1110,2016,
670,,1111,1022,
670,,1111,1023,
670,,1111,1705,
670,,1111,2005,
670,,1111,2006,
670,,1111,2013,
670,,1111,2014,
670,,1112,1024,
670,,1112,1025,
670,,1112,1026,
670,,1112,1704,
670,,1112,2006,
670,,1112,2007,
670,,1112,2008,
670,,1112,2011,
670,,1112,2012,
670,,1113,1026,
670,,1113,1027,
670,,1113,1703,
670,,1113,2008,
670,,1113,2009,
670,,1113,2010,
670,,1113,2011,
670,,1114,1027,
670,,1114,1028,
670,,1114,1029,
670,,1114,1702,
670,,1114,1703,
670,,1114,2009,
670,,1114,2010,
670,,1115,1027,
670,,1115,1028,
670,,1115,1029,
670,,1115,1702,
670,,1115,1703,
670,,1115,2010,
670,,1116,1028,
670,,1116,1029,
670,,1116,1030,
670,,1116,1101,
670,,1116,1701,
670,,1116,1702,
670,,1117,1030,
670,,1117,1101,
670,,1117,1701,
670,,1118,1102,
670,,1119,1103,
670,,1120,1104,
670,,1120,1410,
670,,1121,1104,
670,,1121,1105,
670,,1121,1409,
670,,1121,1410,
670,,1122,1105,
670,,1122,1106,
670,,1122,1408,
670,,1122,1409,
670,,1123,1106,
670,,1123,1407,
670,,1123,1408,
670,,1124,1107,
670,,1124,1405,
670,,1124,1406,
670,,1125,1108,
670,,1125,1403,
670,,1125,1404,
670,,1126,1108,
670,,1126,1403,
670,,1126,1404,
670,,1201,1106,
670,,1201,2021,
670,,1201,2022,
670,,1201,2023,
670,,1202,1106,
670,,1202,2021,
670,,1202,2022,
670,,1202,2023,
670,,1301,1103,
670,,1301,1104,
670,,1301,1704,
670,,1301,2001,
670,,1301,2002,
670,,1301,2003,
670,,1301,2016,
670,,1301,2017,
670,,1301,2018,
670,,1302,1103,
670,,1302,1703,
670,,1302,2001,
670,,1302,2002,
670,,1302,2003,
670,,1302,2004,
670,,1302,2015,
670,,1302,2016,
670,,1302,2017,
670,,1302,2018,
670,,1303,1103,
670,,1303,1703,
670,,1303,2002,
670,,1303,2003,
670,,1303,2004,
670,,1303,2015,
670,,1303,2016,
670,,1303,2017,
670,,1304,1103,
670,,1304,1703,
670,,1304,2002,
670,,1304,2003,
670,,1304,2004,
670,,1304,2005,
670,,1304,2014,
670,,1304,2015,
670,,1304,2016,
670,,1304,2017,
670,,1305,1103,
670,,1305,1702,
670,,1305,1703,
670,,1305,2003,
670,,1305,2004,
670,,1305,2005,
670,,1305,2014,
670,,1305,2015,
670,,1305,2016,
670,,1305,2017,
670,,1401,1022,
670,,1401,1023,
670,,1401,1705,
670,,1401,2005,
670,,1401,2006,
670,,1401,2013,
670,,1401,2014,
670,,1402,1023,
670,,1402,1024,
670,,1402,1025,
670,,1402,1704,
670,,1402,2006,
670,,1402,2007,
670,,1402,2012,
670,,1402,2013,
670,,1403,1026,
670,,1403,1027,
670,,1403,1125,
670,,1403,1126,
670,,1403,1608,
670,,1403,1703,
670,,1403,2008,
670,,1403,2009,
670,,1403,2010,
670,,1403,2011,
670,,1404,1027,
670,,1404,1028,
670,,1404,1029,
670,,1404,1125,
670,,1404,1126,
670,,1404,1607,
670,,1404,1608,
670,,1404,1702,
670,,1404,1703,
670,,1404,2009,
670,,1404,2010,
670,,1405,1028,
670,,1405,1029,
670,,1405,1030,
670,,1405,1101,
670,,1405,1124,
670,,1405,1606,
670,,1405,1607,
670,,1405,1701,
670,,1405,1702,
670,,1406,1029,
670,,1406,1030,
670,,1406,1101,
670,,1406,1124,
670,,1406,1605,
670,,1406,1606,
670,,1406,1701,
670,,1406,1702,
670,,1407,1030,
670,,1407,1101,
670,,1407,1102,
670,,1407,1123,
670,,1407,1605,
670,,1407,1606,
670,,1407,1701,
670,,1408,1102,
670,,1408,1122,
670,,1408,1123,
670,,1408,1604,
670,,1409,1102,
670,,1409,1103,
670,,1409,1121,
670,,1409,1122,
670,,1409,1603,
670,,1409,1604,
670,,1410,1103,
670,,1410,1120,
670,,1410,1121,
670,,1410,1602,
670,,1410,1603,
670,,1501,1022,
670,,1501,1023,
670,,1501,1705,
670,,1501,2005,
670,,1501,2006,
670,,1501,2013,
670,,1501,2014,
670,,1502,1023,
670,,1502,1024,
670,,1502,1025,
670,,1502,1704,
670,,1502,2006,
670,,1502,2007,
670,,1502,2012,
670,,1502,2013,
670,,1503,1026,
670,,1503,1027,
670,,1503,1703,
670,,1503,2008,
670,,1503,2009,
670,,1503,2010,
670,,1503,2011,
670,,1504,1027,
670,,1504,1028,
670,,1504,1029,
670,,1504,1702,
670,,1504,1703,
670,,1504,2009,
670,,1504,2010,
670,,1505,1028,
670,,1505,1029,
670,,1505,1702,
670,,1506,1028,
670,,1506,1029,
670,,1506,1030,
670,,1506,1101,
670,,1506,1701,
670,,1506,1702,
670,,1507,1029,
670,,1507,1030,
670,,1507,1101,
670,,1507,1701,
670,,1507,1702,
670,,1508,1030,
670,,1508,1101,
670,,1508,1102,
670,,1508,1701,
670,,1509,1103,
670,,1601,1103,
670,,1602,1104,
670,,1602,1410,
670,,1603,1104,
670,,1603,1105,
670,,1603,1409,
670,,1603,1410,
670,,1604,1105,
670,,1604,1106,
670,,1604,1408,
670,,1604,1409,
670,,1605,1106,
670,,1605,1406,
670,,1605,1407,
670,,1606,1107,
670,,1606,1405,
670,,1606,1406,
670,,1606,1407,
670,,1607,1107,
670,,1607,1108,
670,,1607,1404,
670,,1607,1405,
670,,1608,1108,
670,,1608,1403,
670,,1608,1404,
670,,1701,1116,
670,,1701,1117,
670,,1701,1405,
670,,1701,1406,
670,,1701,1407,
670,,1701,1506,
670,,1701,1507,
670,,1701,1508,
670,,1701,1713,
670,,1701,1714,
670,,1701,1801,
670,,1701,1802,
670,,1701,2031,
670,,1701,2032,
670,,1702,1114,
670,,1702,1115,
670,,1702,1116,
670,,1702,1305,
670,,1702,1404,
670,,1702,1405,
670,,1702,1406,
670,,1702,1504,
670,,1702,1505,
670,,1702,1506,
670,,1702,1507,
670,,1702,1714,
670,,1702,1715,
670,,1702,1802,
670,,1702,1803,
670,,1702,2029,
670,,1702,2030,
670,,1702,2031,
670,,1703,1001,
670,,1703,1002,
670,,1703,1003,
670,,1703,1113,
670,,1703,1114,
670,,1703,1115,
670,,1703,1302,
670,,1703,1303,
670,,1703,1304,
670,,1703,1305,
670,,1703,1403,
670,,1703,1404,
670,,1703,1503,
670,,1703,1504,
670,,1703,1715,
670,,1703,1803,
670,,1703,1804,
670,,1703,2028,
670,,1703,2029,
670,,1703,2030,
670,,1704,1004,
670,,1704,1005,
670,,1704,1006,
670,,1704,1007,
670,,1704,1008,
670,,1704,1112,
670,,1704,1301,
670,,1704,1402,
670,,1704,1502,
670,,1704,1716,
670,,1704,1805,
670,,1704,2025,
670,,1704,2026,
670,,1704,2027,
670,,1705,1007,
670,,1705,1008,
670,,1705,1009,
670,,1705,1010,
670,,1705,1011,
670,,1705,1110,
670,,1705,1111,
670,,1705,1401,
670,,1705,1501,
670,,1705,1717,
670,,1705,1806,
670,,1705,1807,
670,,1705,2024,
670,,1706,1014,
670,,1706,1015,
670,,1706,1108,
670,,1706,1719,
670,,1706,1720,
670,,1706,1808,
670,,1706,1809,
670,,1706,1810,
670,,1706,2020,
670,,1706,2021,
670,,1706,2022,
670,,1707,1015,
670,,1707,1016,
670,,1707,1017,
670,,1707,1107,
670,,1707,1108,
670,,1707,1720,
670,,1707,1810,
670,,1707,1811,
670,,1707,2019,
670,,1707,2020,
670,,1708,1016,
670,,1708,1017,
670,,1708,1018,
670,,1708,1107,
670,,1708,1721,
670,,1708,1811,
670,,1708,2001,
670,,1708,2002,
670,,1708,2018,
670,,1708,2019,
670,,1709,1018,
670,,1709,1019,
670,,1709,1020,
670,,1709,1021,
670,,1709,1106,
670,,1709,1721,
670,,1709,1722,
670,,1709,2002,
670,,1709,2003,
670,,1709,2004,
670,,1709,2014,
670,,1709,2015,
670,,1709,2016,
670,,1709,2017,
670,,1710,1023,
670,,1710,1024,
670,,1710,1025,
670,,1710,1026,
670,,1710,1104,
670,,1710,2006,
670,,1710,2007,
670,,1710,2008,
670,,1710,2011,
670,,1710,2012,
670,,1711,1025,
670,,1711,1026,
670,,1711,1027,
670,,1711,1103,
670,,1711,1724,
670,,1711,1725,
670,,1711,1901,
670,,1711,1902,
670,,1711,2008,
670,,1711,2009,
670,,1711,2010,
670,,1711,2011,
670,,1712,1028,
670,,1712,1029,
670,,1712,1102,
670,,1712,1726,
670,,1712,1903,
670,,1712,1904,
670,,1713,1030,
670,,1713,1101,
670,,1713,1701,
670,,1713,1726,
670,,1713,1904,
670,,1713,1905,
670,,1714,1030,
670,,1714,1101,
670,,1714,1701,
670,,1714,1702,
670,,1714,1905,
670,,1714,1906,
670,,1714,1907,
670,,1715,1702,
670,,1715,1703,
670,,1715,1906,
670,,1715,1907,
670,,1715,1908,
670,,1716,1704,
670,,1716,1908,
670,,1716,1909,
670,,1717,1705,
670,,1719,1706,
670,,1720,1706,
670,,1720,1707,
670,,1720,1811,
670,,1721,1708,
670,,1721,1709,
670,,1721,1808,
670,,1721,1809,
670,,1721,1810,
670,,1722,1709,
670,,1722,1807,
670,,1722,1808,
670,,1723,1806,
670,,1723,1807,
670,,1724,1711,
670,,1724,1804,
670,,1725,1711,
670,,1725,1804,
670,,1726,1712,
670,,1726,1713,
670,,1726,1801,
670,,1726,1802,
670,,1801,1030,
670,,1801,1101,
670,,1801,1701,
670,,1801,1726,
670,,1801,1904,
670,,1801,1905,
670,,1802,1030,
670,,1802,1101,
670,,1802,1701,
670,,1802,1702,
670,,1802,1726,
670,,1802,1903,
670,,1802,1904,
670,,1803,1702,
670,,1803,1703,
670,,1803,1903,
670,,1804,1703,
670,,1804,1724,
670,,1804,1725,
670,,1804,1901,
670,,1804,1902,
670,,1805,1704,
670,,1806,1705,
670,,1806,1723,
670,,1807,1705,
670,,1807,1722,
670,,1807,1723,
670,,1808,1706,
670,,1808,1721,
670,,1808,1722,
670,,1809,1706,
670,,1809,1721,
670,,1810,1706,
670,,1810,1707,
670,,1810,1721,
670,,1811,1707,
670,,1811,1708,
670,,1811,1720,
670,,1901,1711,
670,,1901,1804,
670,,1902,1711,
670,,1902,1804,
670,,1903,1712,
670,,1903,1802,
670,,1903,1803,
670,,1904,1712,
670,,1904,1713,
670,,1904,1801,
670,,1904,1802,
670,,1905,1713,
670,,1905,1714,
670,,1905,1801,
670,,1906,1714,
670,,1906,1715,
670,,1907,1714,
670,,1907,1715,
670,,1908,1715,
670,,1908,1716,
670,,1909,1716,
670,,2001,1002,
670,,2001,1003,
670,,2001,1004,
670,,2001,1005,
670,,2001,1006,
670,,2001,1007,
670,,2001,1108,
670,,2001,1301,
670,,2001,1302,
670,,2001,1708,
670,,2001,2025,
670,,2001,2026,
670,,2001,2027,
670,,2002,1001,
670,,2002,1002,
670,,2002,1003,
670,,2002,1004,
670,,2002,1005,
670,,2002,1006,
670,,2002,1109,
670,,2002,1301,
670,,2002,1302,
670,,2002,1303,
670,,2002,1304,
670,,2002,1708,
670,,2002,1709,
670,,2002,2026,
670,,2002,2027,
670,,2002,2028,
670,,2003,1001,
670,,2003,1002,
670,,2003,1003,
670,,2003,1004,
670,,2003,1005,
670,,2003,1109,
670,,2003,1301,
670,,2003,1302,
670,,2003,1303,
670,,2003,1304,
670,,2003,1305,
670,,2003,1709,
670,,2003,2027,
670,,2003,2028,
670,,2003,2029,
670,,2004,1001,
670,,2004,1002,
670,,2004,1003,
670,,2004,1109,
670,,2004,1110,
670,,2004,1302,
670,,2004,1303,
670,,2004,1304,
670,,2004,1305,
670,,2004,1709,
670,,2004,2028,
670,,2004,2029,
670,,2004,2030,
670,,2005,1110,
670,,2005,1111,
670,,2005,1304,
670,,2005,1305,
670,,2005,1401,
670,,2005,1501,
670,,2005,2029,
670,,2005,2030,
670,,2005,2031,
670,,2006,1111,
670,,2006,1112,
670,,2006,1401,
670,,2006,1402,
670,,2006,1501,
670,,2006,1502,
670,,2006,1710,
670,,2006,2031,
670,,2006,2032,
670,,2007,1112,
670,,2007,1402,
670,,2007,1502,
670,,2007,1710,
670,,2007,2032,
670,,2007,2033,
670,,2008,1112,
670,,2008,1113,
670,,2008,1403,
670,,2008,1503,
670,,2008,1710,
670,,2008,1711,
670,,2008,2032,
670,,2008,2033,
670,,2008,2034,
670,,2009,1113,
670,,2009,1114,
670,,2009,1403,
670,,2009,1404,
670,,2009,1503,
670,,2009,1504,
670,,2009,1711,
670,,2009,2033,
670,,2009,2034,
670,,2009,2035,
670,,2010,1113,
670,,2010,1114,
670,,2010,1115,
670,,2010,1403,
670,,2010,1404,
670,,2010,1503,
670,,2010,1504,
670,,2010,1711,
670,,2010,2034,
670,,2010,2035,
670,,2011,1112,
670,,2011,1113,
670,,2011,1403,
670,,2011,1503,
670,,2011,1710,
670,,2011,1711,
670,,2012,1112,
670,,2012,1402,
670,,2012,1502,
670,,2012,1710,
670,,2013,1111,
670,,2013,1401,
670,,2013,1402,
670,,2013,1501,
670,,2013,1502,
670,,2014,1001,
670,,2014,1109,
670,,2014,1110,
670,,2014,1111,
670,,2014,1304,
670,,2014,1305,
670,,2014,1401,
670,,2014,1501,
670,,2014,1709,
670,,2015,1001,
670,,2015,1002,
670,,2015,1003,
670,,2015,1109,
670,,2015,1110,
670,,2015,1302,
670,,2015,1303,
670,,2015,1304,
670,,2015,1305,
670,,2015,1709,
670,,2016,1001,
670,,2016,1002,
670,,2016,1003,
670,,2016,1004,
670,,2016,1109,
670,,2016,1110,
670,,2016,1301,
670,,2016,1302,
670,,2016,1303,
670,,2016,1304,
670,,2016,1305,
670,,2016,1709,
670,,2017,1001,
670,,2017,1002,
670,,2017,1003,
670,,2017,1004,
670,,2017,1005,
670,,2017,1109,
670,,2017,1301,
670,,2017,1302,
670,,2017,1303,
670,,2017,1304,
670,,2017,1305,
670,,2017,1709,
670,,2018,1002,
670,,2018,1003,
670,,2018,1004,
670,,2018,1005,
670,,2018,1006,
670,,2018,1007,
670,,2018,1108,
670,,2018,1301,
670,,2018,1302,
670,,2018,1708,
670,,2019,1006,
670,,2019,1007,
670,,2019,1008,
670,,2019,1009,
670,,2019,1010,
670,,2019,1107,
670,,2019,1108,
670,,2019,1707,
670,,2019,1708,
670,,2020,1007,
670,,2020,1008,
670,,2020,1009,
670,,2020,1010,
670,,2020,1011,
670,,2020,1107,
670,,2020,1706,
670,,2020,1707,
670,,2021,1009,
670,,2021,1010,
670,,2021,1011,
670,,2021,1012,
670,,2021,1013,
670,,2021,1107,
670,,2021,1201,
670,,2021,1202,
670,,2021,1706,
670,,2022,1011,
670,,2022,1012,
670,,2022,1013,
670,,2022,1014,
670,,2022,1106,
670,,2022,1201,
670,,2022,1202,
670,,2022,1706,
670,,2023,1012,
670,,2023,1013,
670,,2023,1014,
670,,2023,1106,
670,,2023,1201,
670,,2023,1202,
670,,2024,1014,
670,,2024,1015,
670,,2024,1016,
670,,2024,1105,
670,,2024,1705,
670,,2025,1015,
670,,2025,1016,
670,,2025,1017,
670,,2025,1018,
670,,2025,1104,
670,,2025,1704,
670,,2025,2001,
670,,2026,1016,
670,,2026,1017,
670,,2026,1018,
670,,2026,1019,
670,,2026,1104,
670,,2026,1704,
670,,2026,2001,
670,,2026,2002,
670,,2027,1017,
670,,2027,1018,
670,,2027,1019,
670,,2027,1020,
670,,2027,1103,
670,,2027,1104,
670,,2027,1704,
670,,2027,2001,
670,,2027,2002,
670,,2027,2003,
670,,2028,1018,
670,,2028,1019,
670,,2028,1020,
670,,2028,1021,
670,,2028,1103,
670,,2028,1703,
670,,2028,2002,
670,,2028,2003,
670,,2028,2004,
670,,2029,1020,
670,,2029,1021,
670,,2029,1022,
670,,2029,1102,
670,,2029,1103,
670,,2029,1702,
670,,2029,1703,
670,,2029,2003,
670,,2029,2004,
670,,2029,2005,
670,,2030,1021,
670,,2030,1022,
670,,2030,1102,
670,,2030,1702,
670,,2030,1703,
670,,2030,2004,
670,,2030,2005,
670,,2031,1022,
670,,2031,1023,
670,,2031,1024,
670,,2031,1030,
670,,2031,1101,
670,,2031,1102,
670,,2031,1701,
670,,2031,1702,
670,,2031,2005,
670,,2031,2006,
670,,2032,1023,
670,,2032,1024,
670,,2032,1025,
670,,2032,1029,
670,,2032,1030,
670,,2032,1101,
670,,2032,1701,
670,,2032,2006,
670,,2032,2007,
670,,2032,2008,
670,,2033,1025,
670,,2033,1026,
670,,2033,1028,
670,,2033,1029,
670,,2033,2007,
670,,2033,2008,
670,,2033,2009,
670,,2034,1026,
670,,2034,1027,
670,,2034,1028,
670,,2034,1029,
670,,2034,2008,
670,,2034,2009,
670,,2034,2010,
670,,2035,1026,
670,,2035,1027,
670,,2035,1028,
670,,2035,2009,
670,,2035,2010,
670,,2101,2128,
670,,2101,2129,
670,,2101,2204,
670,,2101,2205,
670,,2101,2206,
670,,2101,2207,
670,,2102,2129,
670,,2102,2205,
670,,2102,2206,
670,,2102,2207,
670,,2103,2129,
670,,2103,2205,
670,,2103,2206,
670,,2103,2207,
670,,2103,2208,
670,,2104,2129,
670,,2104,2130,
670,,2104,2205,
670,,2104,2206,
670,,2104,2207,
670,,2104,2208,
670,,2105,2129,
670,,2105,2130,
670,,2105,2206,
670,,2105,2207,
670,,2105,2208,
670,,2106,2129,
670,,2106,2130,
670,,2106,2207,
670,,2106,2208,
670,,2107,2130,
670,,2107,2131,
670,,2107,2208,
670,,2108,2130,
670,,2108,2131,
670,,2108,2132,
670,,2109,2131,
670,,2109,2132,
670,,2110,2132,
670,,2113,2133,
670,,2114,2133,
670,,2114,2134,
670,,2115,2134,
670,,2115,2135,
670,,2116,2134,
670,,2116,2135,
670,,2117,2134,
670,,2117,2135,
670,,2117,2136,
670,,2118,2136,
670,,2118,2137,
670,,2119,2137,
670,,2119,2138,
670,,2119,2139,
670,,2120,2137,
670,,2120,2138,
670,,2120,2139,
670,,2128,2101,
670,,2129,2101,
670,,2129,2102,
670,,2129,2103,
670,,2129,2104,
670,,2129,2105,
670,,2129,2106,
670,,2130,2104,
670,,2130,2105,
670,,2130,2106,
670,,2130,2107,
670,,2130,2108,
670,,2131,2107,
670,,2131,2108,
670,,2131,2109,
670,,2132,2108,
670,,2132,2109,
670,,2132,2110,
670,,2133,2113,
670,,2133,2114,
670,,2134,2114,
670,,2134,2115,
670,,2134,2116,
670,,2134,2117,
670,,2135,2115,
670,,2135,2116,
670,,2135,2117,
670,,2136,2117,
670,,2136,2118,
670,,2137,2118,
670,,2137,2119,
670,,2137,2120,
670,,2138,2119,
670,,2138,2120,
670,,2139,2119,
670,,2139,2120,
670,,2139,2208,
670,,2204,2101,
670,,2205,2101,
670,,2205,2102,
670,,2205,2103,
670,,2205,2104,
670,,2206,2101,
670,,2206,2102,
670,,2206,2103,
670,,2206,2104,
670,,2206,2105,
670,,2207,2101,
670,,2207,2102,
670,,2207,2103,
670,,2207,2104,
670,,2207,2105,
670,,2207,2106,
670,,2208,2103,
670,,2208,2104,
670,,2208,2105,
670,,2208,2106,
670,,2208,2107,
670,,2208,2139,
743,,1001,1104,
743,,1001,1105,
743,,1001,1106,
743,,1001,1704,
743,,1001,1705,
743,,1001,2001,
743,,1001,2018,
743,,1001,2019,
743,,1001,2020,
743,,1001,2021,
743,,1001,2022,
743,,1001,2023,
743,,1002,1104,
743,,1002,1105,
743,,1002,1106,
743,,1002,1704,
743,,1002,1705,
743,,1002,2019,
743,,1002,2020,
743,,1002,2021,
743,,1002,2022,
743,,1002,2023,
743,,1003,1104,
743,,1003,1105,
743,,1003,1106,
743,,1003,1704,
743,,1003,1705,
743,,1003,2019,
743,,1003,2020,
743,,1003,2021,
743,,1003,2022,
743,,1003,2023,
743,,1004,1105,
743,,1004,1106,
743,,1004,1705,
743,,1004,1706,
743,,1004,2019,
743,,1004,2020,
743,,1004,2021,
743,,1004,2022,
743,,1004,2023,
743,,1005,1105,
743,,1005,1106,
743,,1005,1107,
743,,1005,1705,
743,,1005,1706,
743,,1005,2019,
743,,1005,2020,
743,,1005,2021,
743,,1005,2022,
743,,1005,2023,
743,,1005,2024,
743,,1006,1105,
743,,1006,1106,
743,,1006,1107,
743,,1006,1705,
743,,1006,1706,
743,,1006,2020,
743,,1006,2021,
743,,1006,2022,
743,,1006,2023,
743,,1006,2024,
743,,1007,1106,
743,,1007,1107,
743,,1007,1706,
743,,1007,1707,
743,,1007,2021,
743,,1007,2022,
743,,1007,2023,
743,,1007,2024,
743,,1008,1106,
743,,1008,1107,
743,,1008,1706,
743,,1008,1707,
743,,1008,2021,
743,,1008,2022,
743,,1008,2023,
743,,1008,2024,
743,,1008,2025,
743,,1009,1106,
743,,1009,1107,
743,,1009,1108,
743,,1009,1706,
743,,1009,1707,
743,,1009,1708,
743,,1009,2022,
743,,1009,2023,
743,,1009,2024,
743,,1009,2025,
743,,1010,1106,
743,,1010,1107,
743,,1010,1108,
743,,1010,1706,
743,,1010,1707,
743,,1010,1708,
743,,1010,2022,
743,,1010,2023,
743,,1010,2024,
743,,1010,2025,
743,,1010,2026,
743,,1010,2027,
743,,1011,1107,
743,,1011,1108,
743,,1011,1706,
743,,1011,1707,
743,,1011,1708,
743,,1011,2023,
743,,1011,2024,
743,,1011,2025,
743,,1011,2026,
743,,1011,2027,
743,,1012,1107,
743,,1012,1108,
743,,1012,1109,
743,,1012,1706,
743,,1012,1707,
743,,1012,1708,
743,,1012,1709,
743,,1012,2024,
743,,1012,2025,
743,,1012,2026,
743,,1012,2027,
743,,1012,2028,
743,,1013,1107,
743,,1013,1108,
743,,1013,1109,
743,,1013,1706,
743,,1013,1707,
743,,1013,1708,
743,,1013,1709,
743,,1013,2024,
743,,1013,2025,
743,,1013,2026,
743,,1013,2027,
743,,1013,2028,
743,,1014,1108,
743,,1014,1109,
743,,1014,1110,
743,,1014,1707,
743,,1014,1708,
743,,1014,1709,
743,,1014,2025,
743,,1014,2026,
743,,1014,2027,
743,,1014,2028,
743,,1014,2029,
743,,1014,2030,
743,,1015,1108,
743,,1015,1109,
743,,1015,1110,
743,,1015,1111,
743,,1015,1401,
743,,1015,1501,
743,,1015,1708,
743,,1015,1709,
743,,1015,2026,
743,,1015,2027,
743,,1015,2028,
743,,1015,2029,
743,,1015,2030,
743,,1015,2031,
743,,1016,1109,
743,,1016,1110,
743,,1016,1111,
743,,1016,1401,
743,,1016,1402,
743,,1016,1501,
743,,1016,1502,
743,,1016,1709,
743,,1016,2027,
743,,1016,2028,
743,,1016,2029,
743,,1016,2030,
743,,1016,2031,
743,,1017,1109,
743,,1017,1110,
743,,1017,1111,
743,,1017,1112,
743,,1017,1401,
743,,1017,1402,
743,,1017,1501,
743,,1017,1502,
743,,1017,1709,
743,,1017,1710,
743,,1017,2028,
743,,1017,2029,
743,,1017,2030,
743,,1017,2031,
743,,1017,2032,
743,,1018,1110,
743,,1018,1111,
743,,1018,1112,
743,,1018,1401,
743,,1018,1402,
743,,1018,1501,
743,,1018,1502,
743,,1018,1710,
743,,1018,2029,
743,,1018,2030,
743,,1018,2031,
743,,1018,2032,
743,,1018,2033,
743,,1019,1110,
743,,1019,1111,
743,,1019,1112,
743,,1019,1113,
743,,1019,1401,
743,,1019,1402,
743,,1019,1403,
743,,1019,1501,
743,,1019,1502,
743,,1019,1503,
743,,1019,1710,
743,,1019,1711,
743,,1019,2029,
743,,1019,2030,
743,,1019,2031,
743,,1019,2032,
743,,1019,2033,
743,,1019,2034,
743,,1020,1111,
743,,1020,1112,
743,,1020,1113,
743,,1020,1401,
743,,1020,1402,
743,,1020,1403,
743,,1020,1501,
743,,1020,1502,
743,,1020,1503,
743,,1020,1710,
743,,1020,1711,
743,,1020,2030,
743,,1020,2031,
743,,1020,2032,
743,,1020,2033,
743,,1020,2034,
743,,1020,2035,
743,,1021,1111,
743,,1021,1112,
743,,1021,1113,
743,,1021,1114,
743,,1021,1401,
743,,1021,1402,
743,,1021,1403,
743,,1021,1404,
743,,1021,1501,
743,,1021,1502,
743,,1021,1503,
743,,1021,1504,
743,,1021,1710,
743,,1021,1711,
743,,1021,2031,
743,,1021,2032,
743,,1021,2033,
743,,1021,2034,
743,,1021,2035,
743,,1022,1112,
743,,1022,1113,
743,,1022,1114,
743,,1022,1115,
743,,1022,1402,
743,,1022,1403,
743,,1022,1404,
743,,1022,1502,
743,,1022,1503,
743,,1022,1504,
743,,1022,1505,
743,,1022,1710,
743,,1022,1711,
743,,1022,1712,
743,,1022,2032,
743,,1022,2033,
743,,1022,2034,
743,,1022,2035,
743,,1023,1112,
743,,1023,1113,
743,,1023,1114,
743,,1023,1115,
743,,1023,1116,
743,,1023,1117,
743,,1023,1403,
743,,1023,1404,
743,,1023,1405,
743,,1023,1406,
743,,1023,1503,
743,,1023,1504,
743,,1023,1505,
743,,1023,1506,
743,,1023,1507,
743,,1023,1711,
743,,1023,1712,
743,,1023,2033,
743,,1023,2034,
743,,1023,2035,
743,,1024,1113,
743,,1024,1114,
743,,1024,1115,
743,,1024,1116,
743,,1024,1117,
743,,1024,1403,
743,,1024,1404,
743,,1024,1405,
743,,1024,1406,
743,,1024,1407,
743,,1024,1503,
743,,1024,1504,
743,,1024,1505,
743,,1024,1506,
743,,1024,1507,
743,,1024,1711,
743,,1024,1712,
743,,1024,1713,
743,,1024,1801,
743,,1024,2033,
743,,1024,2034,
743,,1024,2035,
743,,1025,1113,
743,,1025,1114,
743,,1025,1115,
743,,1025,1116,
743,,1025,1117,
743,,1025,1403,
743,,1025,1404,
743,,1025,1405,
743,,1025,1406,
743,,1025,1407,
743,,1025,1503,
743,,1025,1504,
743,,1025,1505,
743,,1025,1506,
743,,1025,1507,
743,,1025,1508,
743,,1025,1712,
743,,1025,1713,
743,,1025,1714,
743,,1025,1801,
743,,1025,1802,
743,,1025,2034,
743,,1025,2035,
743,,1026,1114,
743,,1026,1115,
743,,1026,1116,
743,,1026,1117,
743,,1026,1118,
743,,1026,1404,
743,,1026,1405,
743,,1026,1406,
743,,1026,1407,
743,,1026,1408,
743,,1026,1504,
743,,1026,1505,
743,,1026,1506,
743,,1026,1507,
743,,1026,1508,
743,,1026,1712,
743,,1026,1713,
743,,1026,1714,
743,,1026,1801,
743,,1026,1802,
743,,1026,1803,
743,,1027,1116,
743,,1027,1117,
743,,1027,1118,
743,,1027,1119,
743,,1027,1405,
743,,1027,1406,
743,,1027,1407,
743,,1027,1408,
743,,1027,1409,
743,,1027,1505,
743,,1027,1506,
743,,1027,1507,
743,,1027,1508,
743,,1027,1509,
743,,1027,1601,
743,,1027,1712,
743,,1027,1713,
743,,1027,1714,
743,,1027,1715,
743,,1027,1801,
743,,1027,1802,
743,,1027,1803,
743,,1028,1117,
743,,1028,1118,
743,,1028,1119,
743,,1028,1406,
743,,1028,1407,
743,,1028,1408,
743,,1028,1409,
743,,1028,1410,
743,,1028,1507,
743,,1028,1508,
743,,1028,1509,
743,,1028,1601,
743,,1028,1713,
743,,1028,1714,
743,,1028,1715,
743,,1028,1801,
743,,1028,1802,
743,,1028,1803,
743,,1028,1804,
743,,1029,1117,
743,,1029,1118,
743,,1029,1119,
743,,1029,1120,
743,,1029,1407,
743,,1029,1408,
743,,1029,1409,
743,,1029,1410,
743,,1029,1508,
743,,1029,1509,
743,,1029,1601,
743,,1029,1602,
743,,1029,1713,
743,,1029,1714,
743,,1029,1715,
743,,1029,1716,
743,,1029,1801,
743,,1029,1802,
743,,1029,1803,
743,,1029,1804,
743,,1029,2035,
743,,1030,1118,
743,,1030,1119,
743,,1030,1120,
743,,1030,1408,
743,,1030,1409,
743,,1030,1410,
743,,1030,1509,
743,,1030,1601,
743,,1030,1602,
743,,1030,1603,
743,,1030,1715,
743,,1030,1716,
743,,1030,1803,
743,,1030,1804,
743,,1030,1805,
743,,1030,2033,
743,,1030,2034,
743,,1030,2035,
743,,1101,1118,
743,,1101,1119,
743,,1101,1120,
743,,1101,1408,
743,,1101,1409,
743,,1101,1410,
743,,1101,1509,
743,,1101,1601,
743,,1101,1602,
743,,1101,1603,
743,,1101,1715,
743,,1101,1716,
743,,1101,1803,
743,,1101,1804,
743,,1101,1805,
743,,1101,2033,
743,,1101,2034,
743,,1101,2035,
743,,1102,1119,
743,,1102,1120,
743,,1102,1121,
743,,1102,1410,
743,,1102,1509,
743,,1102,1601,
743,,1102,1602,
743,,1102,1603,
743,,1102,1713,
743,,1102,1714,
743,,1102,1715,
743,,1102,1716,
743,,1102,1801,
743,,1102,1802,
743,,1102,1803,
743,,1102,1804,
743,,1102,2032,
743,,1102,2033,
743,,1102,2034,
743,,1102,2035,
743,,1103,1120,
743,,1103,1121,
743,,1103,1122,
743,,1103,1123,
743,,1103,1602,
743,,1103,1603,
743,,1103,1604,
743,,1103,1712,
743,,1103,1713,
743,,1103,1714,
743,,1103,1715,
743,,1103,1801,
743,,1103,1802,
743,,1103,1803,
743,,1103,2030,
743,,1103,2031,
743,,1103,2032,
743,,1103,2033,
743,,1103,2034,
743,,1103,2035,
743,,1104,1001,
743,,1104,1002,
743,,1104,1003,
743,,1104,1122,
743,,1104,1123,
743,,1104,1124,
743,,1104,1302,
743,,1104,1303,
743,,1104,1304,
743,,1104,1305,
743,,1104,1604,
743,,1104,1605,
743,,1104,1606,
743,,1104,1607,
743,,1104,1711,
743,,1104,1712,
743,,1104,1713,
743,,1104,1801,
743,,1104,2028,
743,,1104,2029,
743,,1104,2030,
743,,1104,2031,
743,,1104,2032,
743,,1105,1001,
743,,1105,1002,
743,,1105,1003,
743,,1105,1004,
743,,1105,1005,
743,,1105,1006,
743,,1105,1123,
743,,1105,1124,
743,,1105,1125,
743,,1105,1126,
743,,1105,1301,
743,,1105,1302,
743,,1105,1303,
743,,1105,1304,
743,,1105,1305,
743,,1105,1605,
743,,1105,1606,
743,,1105,1607,
743,,1105,1710,
743,,1105,1711,
743,,1105,1712,
743,,1105,2025,
743,,1105,2026,
743,,1105,2027,
743,,1105,2028,
743,,1105,2029,
743,,1105,2030,
743,,1105,2031,
743,,1106,1001,
743,,1106,1002,
743,,1106,1003,
743,,1106,1004,
743,,1106,1005,
743,,1106,1006,
743,,1106,1007,
743,,1106,1008,
743,,1106,1009,
743,,1106,1010,
743,,1106,1124,
743,,1106,1125,
743,,1106,1126,
743,,1106,1301,
743,,1106,1302,
743,,1106,1303,
743,,1106,1304,
743,,1106,1305,
743,,1106,1606,
743,,1106,1607,
743,,1106,1608,
743,,1106,1710,
743,,1106,1711,
743,,1106,2024,
743,,1106,2025,
743,,1106,2026,
743,,1106,2027,
743,,1106,2028,
743,,1106,2029,
743,,1107,1005,
743,,1107,1006,
743,,1107,1007,
743,,1107,1008,
743,,1107,1009,
743,,1107,1010,
743,,1107,1011,
743,,1107,1012,
743,,1107,1013,
743,,1107,1125,
743,,1107,1126,
743,,1107,1201,
743,,1107,1202,
743,,1107,1608,
743,,1107,1709,
743,,1107,1710,
743,,1107,2022,
743,,1107,2023,
743,,1107,2024,
743,,1107,2025,
743,,1107,2026,
743,,1108,1009,
743,,1108,1010,
743,,1108,1011,
743,,1108,1012,
743,,1108,1013,
743,,1108,1014,
743,,1108,1015,
743,,1108,1201,
743,,1108,1202,
743,,1108,1708,
743,,1108,1709,
743,,1108,2020,
743,,1108,2021,
743,,1108,2022,
743,,1108,2023,
743,,1108,2024,
743,,1109,1012,
743,,1109,1013,
743,,1109,1014,
743,,1109,1015,
743,,1109,1016,
743,,1109,1017,
743,,1109,1201,
743,,1109,1706,
743,,1109,1707,
743,,1109,1708,
743,,1109,1709,
743,,1109,2001,
743,,1109,2018,
743,,1109,2019,
743,,1109,2020,
743,,1109,2021,
743,,1109,2022,
743,,1109,2023,
743,,1110,1014,
743,,1110,1015,
743,,1110,1016,
743,,1110,1017,
743,,1110,1018,
743,,1110,1019,
743,,1110,1706,
743,,1110,1707,
743,,1110,1708,
743,,1110,2001,
743,,1110,2002,
743,,1110,2003,
743,,1110,2017,
743,,1110,2018,
743,,1110,2019,
743,,1110,2020,
743,,1110,2021,
743,,1111,1015,
743,,1111,1016,
743,,1111,1017,
743,,1111,1018,
743,,1111,1019,
743,,1111,1020,
743,,1111,1021,
743,,1111,1706,
743,,1111,1707,
743,,1111,1708,
743,,1111,2001,
743,,1111,2002,
743,,1111,2003,
743,,1111,2004,
743,,1111,2015,
743,,1111,2016,
743,,1111,2017,
743,,1111,2018,
743,,1111,2019,
743,,1111,2020,
743,,1112,1017,
743,,1112,1018,
743,,1112,1019,
743,,1112,1020,
743,,1112,1021,
743,,1112,1022,
743,,1112,1023,
743,,1112,1705,
743,,1112,1706,
743,,1112,2001,
743,,1112,2002,
743,,1112,2003,
743,,1112,2004,
743,,1112,2005,
743,,1112,2013,
743,,1112,2014,
743,,1112,2015,
743,,1112,2016,
743,,1112,2017,
743,,1112,2018,
743,,1113,1019,
743,,1113,1020,
743,,1113,1021,
743,,1113,1022,
743,,1113,1023,
743,,1113,1024,
743,,1113,1025,
743,,1113,1704,
743,,1113,1705,
743,,1113,2003,
743,,1113,2004,
743,,1113,2005,
743,,1113,2006,
743,,1113,2007,
743,,1113,2012,
743,,1113,2013,
743,,1113,2014,
743,,1113,2015,
743,,1113,2016,
743,,1113,2017,
743,,1114,1021,
743,,1114,1022,
743,,1114,1023,
743,,1114,1024,
743,,1114,1025,
743,,1114,1026,
743,,1114,1704,
743,,1114,1705,
743,,1114,2004,
743,,1114,2005,
743,,1114,2006,
743,,1114,2007,
743,,1114,2008,
743,,1114,2011,
743,,1114,2012,
743,,1114,2013,
743,,1114,2014,
743,,1114,2015,
743,,1115,1022,
743,,1115,1023,
743,,1115,1024,
743,,1115,1025,
743,,1115,1026,
743,,1115,1704,
743,,1115,1705,
743,,1115,2005,
743,,1115,2006,
743,,1115,2007,
743,,1115,2008,
743,,1115,2009,
743,,1115,2011,
743,,1115,2012,
743,,1115,2013,
743,,1115,2014,
743,,1116,1023,
743,,1116,1024,
743,,1116,1025,
743,,1116,1026,
743,,1116,1027,
743,,1116,1703,
743,,1116,1704,
743,,1116,1705,
743,,1116,2006,
743,,1116,2007,
743,,1116,2008,
743,,1116,2009,
743,,1116,2010,
743,,1116,2011,
743,,1116,2012,
743,,1116,2013,
743,,1117,1023,
743,,1117,1024,
743,,1117,1025,
743,,1117,1026,
743,,1117,1027,
743,,1117,1028,
743,,1117,1029,
743,,1117,1702,
743,,1117,1703,
743,,1117,1704,
743,,1117,2006,
743,,1117,2007,
743,,1117,2008,
743,,1117,2009,
743,,1117,2010,
743,,1117,2011,
743,,1117,2012,
743,,1118,1026,
743,,1118,1027,
743,,1118,1028,
743,,1118,1029,
743,,1118,1030,
743,,1118,1101,
743,,1118,1701,
743,,1118,1702,
743,,1118,1703,
743,,1118,2008,
743,,1118,2009,
743,,1118,2010,
743,,1118,2011,
743,,1119,1027,
743,,1119,1028,
743,,1119,1029,
743,,1119,1030,
743,,1119,1101,
743,,1119,1102,
743,,1119,1701,
743,,1119,1702,
743,,1119,1703,
743,,1119,2010,
743,,1120,1029,
743,,1120,1030,
743,,1120,1101,
743,,1120,1102,
743,,1120,1103,
743,,1120,1701,
743,,1120,1702,
743,,1121,1102,
743,,1121,1103,
743,,1122,1103,
743,,1122,1104,
743,,1122,1410,
743,,1123,1103,
743,,1123,1104,
743,,1123,1105,
743,,1123,1409,
743,,1123,1410,
743,,1124,1104,
743,,1124,1105,
743,,1124,1106,
743,,1124,1407,
743,,1124,1408,
743,,1124,1409,
743,,1124,1410,
743,,1125,1105,
743,,1125,1106,
743,,1125,1107,
743,,1125,1405,
743,,1125,1406,
743,,1125,1407,
743,,1125,1408,
743,,1125,1409,
743,,1126,1105,
743,,1126,1106,
743,,1126,1107,
743,,1126,1405,
743,,1126,1406,
743,,1126,1407,
743,,1126,1408,
743,,1126,1409,
743,,1201,1107,
743,,1201,1108,
743,,1201,1109,
743,,1201,1706,
743,,1201,1707,
743,,1201,1708,
743,,1201,1709,
743,,1201,2024,
743,,1201,2025,
743,,1201,2026,
743,,1201,2027,
743,,1201,2028,
743,,1202,1107,
743,,1202,1108,
743,,1202,1706,
743,,1202,1707,
743,,1202,1708,
743,,1202,2024,
743,,1202,2025,
743,,1202,2026,
743,,1202,2027,
743,,1202,2028,
743,,1301,1105,
743,,1301,1106,
743,,1301,1705,
743,,1301,1706,
743,,1301,2019,
743,,1301,2020,
743,,1301,2021,
743,,1301,2022,
743,,1301,2023,
743,,1302,1104,
743,,1302,1105,
743,,1302,1106,
743,,1302,1704,
743,,1302,1705,
743,,1302,2019,
743,,1302,2020,
743,,1302,2021,
743,,1302,2022,
743,,1302,2023,
743,,1303,1104,
743,,1303,1105,
743,,1303,1106,
743,,1303,1704,
743,,1303,1705,
743,,1303,2001,
743,,1303,2018,
743,,1303,2019,
743,,1303,2020,
743,,1303,2021,
743,,1303,2022,
743,,1303,2023,
743,,1304,1104,
743,,1304,1105,
743,,1304,1106,
743,,1304,1704,
743,,1304,1705,
743,,1304,2001,
743,,1304,2018,
743,,1304,2019,
743,,1304,2020,
743,,1304,2021,
743,,1304,2022,
743,,1305,1104,
743,,1305,1105,
743,,1305,1106,
743,,1305,1704,
743,,1305,1705,
743,,1305,2001,
743,,1305,2002,
743,,1305,2018,
743,,1305,2019,
743,,1305,2020,
743,,1305,2021,
743,,1305,2022,
743,,1401,1015,
743,,1401,1016,
743,,1401,1017,
743,,1401,1018,
743,,1401,1019,
743,,1401,1020,
743,,1401,1021,
743,,1401,1706,
743,,1401,1707,
743,,1401,1708,
743,,1401,2001,
743,,1401,2002,
743,,1401,2003,
743,,1401,2004,
743,,1401,2015,
743,,1401,2016,
743,,1401,2017,
743,,1401,2018,
743,,1401,2019,
743,,1401,2020,
743,,1402,1016,
743,,1402,1017,
743,,1402,1018,
743,,1402,1019,
743,,1402,1020,
743,,1402,1021,
743,,1402,1022,
743,,1402,1705,
743,,1402,1706,
743,,1402,1707,
743,,1402,2001,
743,,1402,2002,
743,,1402,2003,
743,,1402,2004,
743,,1402,2005,
743,,1402,2014,
743,,1402,2015,
743,,1402,2016,
743,,1402,2017,
743,,1402,2018,
743,,1402,2019,
743,,1403,1019,
743,,1403,1020,
743,,1403,1021,
743,,1403,1022,
743,,1403,1023,
743,,1403,1024,
743,,1403,1025,
743,,1403,1704,
743,,1403,1705,
743,,1403,2003,
743,,1403,2004,
743,,1403,2005,
743,,1403,2006,
743,,1403,2007,
743,,1403,2012,
743,,1403,2013,
743,,1403,2014,
743,,1403,2015,
743,,1403,2016,
743,,1403,2017,
743,,1404,1021,
743,,1404,1022,
743,,1404,1023,
743,,1404,1024,
743,,1404,1025,
743,,1404,1026,
743,,1404,1704,
743,,1404,1705,
743,,1404,2004,
743,,1404,2005,
743,,1404,2006,
743,,1404,2007,
743,,1404,2008,
743,,1404,2011,
743,,1404,2012,
743,,1404,2013,
743,,1404,2014,
743,,1404,2015,
743,,1405,1023,
743,,1405,1024,
743,,1405,1025,
743,,1405,1026,
743,,1405,1027,
743,,1405,1125,
743,,1405,1126,
743,,1405,1608,
743,,1405,1703,
743,,1405,1704,
743,,1405,1705,
743,,1405,2006,
743,,1405,2007,
743,,1405,2008,
743,,1405,2009,
743,,1405,2010,
743,,1405,2011,
743,,1405,2012,
743,,1405,2013,
743,,1406,1023,
743,,1406,1024,
743,,1406,1025,
743,,1406,1026,
743,,1406,1027,
743,,1406,1028,
743,,1406,1125,
743,,1406,1126,
743,,1406,1607,
743,,1406,1608,
743,,1406,1703,
743,,1406,1704,
743,,1406,2006,
743,,1406,2007,
743,,1406,2008,
743,,1406,2009,
743,,1406,2010,
743,,1406,2011,
743,,1406,2012,
743,,1407,1024,
743,,1407,1025,
743,,1407,1026,
743,,1407,1027,
743,,1407,1028,
743,,1407,1029,
743,,1407,1124,
743,,1407,1125,
743,,1407,1126,
743,,1407,1607,
743,,1407,1608,
743,,1407,1702,
743,,1407,1703,
743,,1407,1704,
743,,1407,2007,
743,,1407,2008,
743,,1407,2009,
743,,1407,2010,
743,,1407,2011,
743,,1407,2012,
743,,1408,1026,
743,,1408,1027,
743,,1408,1028,
743,,1408,1029,
743,,1408,1030,
743,,1408,1101,
743,,1408,1124,
743,,1408,1125,
743,,1408,1126,
743,,1408,1605,
743,,1408,1606,
743,,1408,1607,
743,,1408,1608,
743,,1408,1701,
743,,1408,1702,
743,,1408,1703,
743,,1408,2008,
743,,1408,2009,
743,,1408,2010,
743,,1408,2011,
743,,1409,1027,
743,,1409,1028,
743,,1409,1029,
743,,1409,1030,
743,,1409,1101,
743,,1409,1123,
743,,1409,1124,
743,,1409,1125,
743,,1409,1126,
743,,1409,1605,
743,,1409,1606,
743,,1409,1607,
743,,1409,1608,
743,,1409,1701,
743,,1409,1702,
743,,1409,1703,
743,,1409,2009,
743,,1409,2010,
743,,1410,1028,
743,,1410,1029,
743,,1410,1030,
743,,1410,1101,
743,,1410,1102,
743,,1410,1122,
743,,1410,1123,
743,,1410,1124,
743,,1410,1604,
743,,1410,1605,
743,,1410,1606,
743,,1410,1607,
743,,1410,1701,
743,,1410,1702,
743,,1501,1015,
743,,1501,1016,
743,,1501,1017,
743,,1501,1018,
743,,1501,1019,
743,,1501,1020,
743,,1501,1021,
743,,1501,1706,
743,,1501,1707,
743,,1501,1708,
743,,1501,2001,
743,,1501,2002,
743,,1501,2003,
743,,1501,2004,
743,,1501,2015,
743,,1501,2016,
743,,1501,2017,
743,,1501,2018,
743,,1501,2019,
743,,1501,2020,
743,,1502,1016,
743,,1502,1017,
743,,1502,1018,
743,,1502,1019,
743,,1502,1020,
743,,1502,1021,
743,,1502,1022,
743,,1502,1705,
743,,1502,1706,
743,,1502,1707,
743,,1502,2001,
743,,1502,2002,
743,,1502,2003,
743,,1502,2004,
743,,1502,2005,
743,,1502,2014,
743,,1502,2015,
743,,1502,2016,
743,,1502,2017,
743,,1502,2018,
743,,1502,2019,
743,,1503,1019,
743,,1503,1020,
743,,1503,1021,
743,,1503,1022,
743,,1503,1023,
743,,1503,1024,
743,,1503,1025,
743,,1503,1704,
743,,1503,1705,
743,,1503,2003,
743,,1503,2004,
743,,1503,2005,
743,,1503,2006,
743,,1503,2007,
743,,1503,2012,
743,,1503,2013,
743,,1503,2014,
743,,1503,2015,
743,,1503,2016,
743,,1503,2017,
743,,1504,1021,
743,,1504,1022,
743,,1504,1023,
743,,1504,1024,
743,,1504,1025,
743,,1504,1026,
743,,1504,1704,
743,,1504,1705,
743,,1504,2004,
743,,1504,2005,
743,,1504,2006,
743,,1504,2007,
743,,1504,2008,
743,,1504,2011,
743,,1504,2012,
743,,1504,2013,
743,,1504,2014,
743,,1504,2015,
743,,1505,1022,
743,,1505,1023,
743,,1505,1024,
743,,1505,1025,
743,,1505,1026,
743,,1505,1027,
743,,1505,1703,
743,,1505,1704,
743,,1505,1705,
743,,1505,2005,
743,,1505,2006,
743,,1505,2007,
743,,1505,2008,
743,,1505,2009,
743,,1505,2010,
743,,1505,2011,
743,,1505,2012,
743,,1505,2013,
743,,1506,1023,
743,,1506,1024,
743,,1506,1025,
743,,1506,1026,
743,,1506,1027,
743,,1506,1703,
743,,1506,1704,
743,,1506,1705,
743,,1506,2006,
743,,1506,2007,
743,,1506,2008,
743,,1506,2009,
743,,1506,2010,
743,,1506,2011,
743,,1506,2012,
743,,1506,2013,
743,,1507,1023,
743,,1507,1024,
743,,1507,1025,
743,,1507,1026,
743,,1507,1027,
743,,1507,1028,
743,,1507,1703,
743,,1507,1704,
743,,1507,2006,
743,,1507,2007,
743,,1507,2008,
743,,1507,2009,
743,,1507,2010,
743,,1507,2011,
743,,1507,2012,
743,,1508,1025,
743,,1508,1026,
743,,1508,1027,
743,,1508,1028,
743,,1508,1029,
743,,1508,1702,
743,,1508,1703,
743,,1508,1704,
743,,1508,2007,
743,,1508,2008,
743,,1508,2009,
743,,1508,2010,
743,,1508,2011,
743,,1509,1027,
743,,1509,1028,
743,,1509,1029,
743,,1509,1030,
743,,1509,1101,
743,,1509,1102,
743,,1509,1701,
743,,1509,1702,
743,,1509,1703,
743,,1509,2010,
743,,1601,1027,
743,,1601,1028,
743,,1601,1029,
743,,1601,1030,
743,,1601,1101,
743,,1601,1102,
743,,1601,1701,
743,,1601,1702,
743,,1601,1703,
743,,1601,2010,
743,,1602,1029,
743,,1602,1030,
743,,1602,1101,
743,,1602,1102,
743,,1602,1103,
743,,1602,1701,
743,,1603,1030,
743,,1603,1101,
743,,1603,1102,
743,,1603,1103,
743,,1603,1701,
743,,1604,1103,
743,,1604,1104,
743,,1604,1410,
743,,1605,1104,
743,,1605,1105,
743,,1605,1408,
743,,1605,1409,
743,,1605,1410,
743,,1606,1104,
743,,1606,1105,
743,,1606,1106,
743,,1606,1408,
743,,1606,1409,
743,,1606,1410,
743,,1607,1104,
743,,1607,1105,
743,,1607,1106,
743,,1607,1406,
743,,1607,1407,
743,,1607,1408,
743,,1607,1409,
743,,1607,1410,
743,,1608,1106,
743,,1608,1107,
743,,1608,1405,
743,,1608,1406,
743,,1608,1407,
743,,1608,1408,
743,,1608,1409,
743,,1701,1118,
743,,1701,1119,
743,,1701,1120,
743,,1701,1408,
743,,1701,1409,
743,,1701,1410,
743,,1701,1509,
743,,1701,1601,
743,,1701,1602,
743,,1701,1603,
743,,1701,1715,
743,,1701,1716,
743,,1701,1803,
743,,1701,1804,
743,,1701,1805,
743,,1701,2033,
743,,1701,2034,
743,,1701,2035,
743,,1702,1117,
743,,1702,1118,
743,,1702,1119,
743,,1702,1120,
743,,1702,1407,
743,,1702,1408,
743,,1702,1409,
743,,1702,1410,
743,,1702,1508,
743,,1702,1509,
743,,1702,1601,
743,,1702,1716,
743,,1702,1717,
743,,1702,1804,
743,,1702,1805,
743,,1702,1806,
743,,1702,1807,
743,,1702,2032,
743,,1702,2033,
743,,1702,2034,
743,,1702,2035,
743,,1703,1116,
743,,1703,1117,
743,,1703,1118,
743,,1703,1119,
743,,1703,1405,
743,,1703,1406,
743,,1703,1407,
743,,1703,1408,
743,,1703,1409,
743,,1703,1505,
743,,1703,1506,
743,,1703,1507,
743,,1703,1508,
743,,1703,1509,
743,,1703,1601,
743,,1703,1716,
743,,1703,1717,
743,,1703,1718,
743,,1703,1805,
743,,1703,1806,
743,,1703,1807,
743,,1703,2031,
743,,1703,2032,
743,,1703,2033,
743,,1703,2034,
743,,1703,2035,
743,,1704,1001,
743,,1704,1002,
743,,1704,1003,
743,,1704,1113,
743,,1704,1114,
743,,1704,1115,
743,,1704,1116,
743,,1704,1117,
743,,1704,1302,
743,,1704,1303,
743,,1704,1304,
743,,1704,1305,
743,,1704,1403,
743,,1704,1404,
743,,1704,1405,
743,,1704,1406,
743,,1704,1407,
743,,1704,1503,
743,,1704,1504,
743,,1704,1505,
743,,1704,1506,
743,,1704,1507,
743,,1704,1508,
743,,1704,1717,
743,,1704,1718,
743,,1704,1719,
743,,1704,1720,
743,,1704,1806,
743,,1704,1807,
743,,1704,1808,
743,,1704,1809,
743,,1704,1810,
743,,1704,2028,
743,,1704,2029,
743,,1704,2030,
743,,1704,2031,
743,,1704,2032,
743,,1705,1001,
743,,1705,1002,
743,,1705,1003,
743,,1705,1004,
743,,1705,1005,
743,,1705,1006,
743,,1705,1112,
743,,1705,1113,
743,,1705,1114,
743,,1705,1115,
743,,1705,1116,
743,,1705,1301,
743,,1705,1302,
743,,1705,1303,
743,,1705,1304,
743,,1705,1305,
743,,1705,1402,
743,,1705,1403,
743,,1705,1404,
743,,1705,1405,
743,,1705,1502,
743,,1705,1503,
743,,1705,1504,
743,,1705,1505,
743,,1705,1506,
743,,1705,1718,
743,,1705,1719,
743,,1705,1720,
743,,1705,1808,
743,,1705,1809,
743,,1705,1810,
743,,1705,1811,
743,,1705,2025,
743,,1705,2026,
743,,1705,2027,
743,,1705,2028,
743,,1705,2029,
743,,1705,2030,
743,,1705,2031,
743,,1706,1004,
743,,1706,1005,
743,,1706,1006,
743,,1706,1007,
743,,1706,1008,
743,,1706,1009,
743,,1706,1010,
743,,1706,1011,
743,,1706,1012,
743,,1706,1013,
743,,1706,1109,
743,,1706,1110,
743,,1706,1111,
743,,1706,1112,
743,,1706,1201,
743,,1706,1202,
743,,1706,1301,
743,,1706,1401,
743,,1706,1402,
743,,1706,1501,
743,,1706,1502,
743,,1706,1721,
743,,1706,1722,
743,,1706,1811,
743,,1706,2023,
743,,1706,2024,
743,,1706,2025,
743,,1706,2026,
743,,1706,2027,
743,,1707,1007,
743,,1707,1008,
743,,1707,1009,
743,,1707,1010,
743,,1707,1011,
743,,1707,1012,
743,,1707,1013,
743,,1707,1014,
743,,1707,1109,
743,,1707,1110,
743,,1707,1111,
743,,1707,1201,
743,,1707,1202,
743,,1707,1401,
743,,1707,1402,
743,,1707,1501,
743,,1707,1502,
743,,1707,1721,
743,,1707,1722,
743,,1707,1723,
743,,1707,2021,
743,,1707,2022,
743,,1707,2023,
743,,1707,2024,
743,,1707,2025,
743,,1708,1009,
743,,1708,1010,
743,,1708,1011,
743,,1708,1012,
743,,1708,1013,
743,,1708,1014,
743,,1708,1015,
743,,1708,1108,
743,,1708,1109,
743,,1708,1110,
743,,1708,1111,
743,,1708,1201,
743,,1708,1202,
743,,1708,1401,
743,,1708,1501,
743,,1708,1722,
743,,1708,1723,
743,,1708,2020,
743,,1708,2021,
743,,1708,2022,
743,,1708,2023,
743,,1708,2024,
743,,1709,1012,
743,,1709,1013,
743,,1709,1014,
743,,1709,1015,
743,,1709,1016,
743,,1709,1017,
743,,1709,1107,
743,,1709,1108,
743,,1709,1109,
743,,1709,1201,
743,,1709,1723,
743,,1709,1724,
743,,1709,1725,
743,,1709,1901,
743,,1709,1902,
743,,1709,2001,
743,,1709,2018,
743,,1709,2019,
743,,1709,2020,
743,,1709,2021,
743,,1709,2022,
743,,1709,2023,
743,,1710,1017,
743,,1710,1018,
743,,1710,1019,
743,,1710,1020,
743,,1710,1021,
743,,1710,1022,
743,,1710,1105,
743,,1710,1106,
743,,1710,1107,
743,,1710,1724,
743,,1710,1725,
743,,1710,1726,
743,,1710,1901,
743,,1710,1902,
743,,1710,1903,
743,,1710,1904,
743,,1710,1905,
743,,1710,2001,
743,,1710,2002,
743,,1710,2003,
743,,1710,2004,
743,,1710,2005,
743,,1710,2013,
743,,1710,2014,
743,,1710,2015,
743,,1710,2016,
743,,1710,2017,
743,,1710,2018,
743,,1711,1019,
743,,1711,1020,
743,,1711,1021,
743,,1711,1022,
743,,1711,1023,
743,,1711,1024,
743,,1711,1104,
743,,1711,1105,
743,,1711,1106,
743,,1711,1726,
743,,1711,1903,
743,,1711,1904,
743,,1711,1905,
743,,1711,1906,
743,,1711,1907,
743,,1711,2002,
743,,1711,2003,
743,,1711,2004,
743,,1711,2005,
743,,1711,2006,
743,,1711,2007,
743,,1711,2012,
743,,1711,2013,
743,,1711,2014,
743,,1711,2015,
743,,1711,2016,
743,,1711,2017,
743,,1712,1022,
743,,1712,1023,
743,,1712,1024,
743,,1712,1025,
743,,1712,1026,
743,,1712,1027,
743,,1712,1103,
743,,1712,1104,
743,,1712,1105,
743,,1712,1905,
743,,1712,1906,
743,,1712,1907,
743,,1712,1908,
743,,1712,1909,
743,,1712,2006,
743,,1712,2007,
743,,1712,2008,
743,,1712,2009,
743,,1712,2010,
743,,1712,2011,
743,,1712,2012,
743,,1712,2013,
743,,1713,1024,
743,,1713,1025,
743,,1713,1026,
743,,1713,1027,
743,,1713,1028,
743,,1713,1029,
743,,1713,1102,
743,,1713,1103,
743,,1713,1104,
743,,1713,1906,
743,,1713,1907,
743,,1713,1908,
743,,1713,1909,
743,,1713,2007,
743,,1713,2008,
743,,1713,2009,
743,,1713,2010,
743,,1713,2011,
743,,1713,2012,
743,,1714,1025,
743,,1714,1026,
743,,1714,1027,
743,,1714,1028,
743,,1714,1029,
743,,1714,1102,
743,,1714,1103,
743,,1714,1908,
743,,1714,1909,
743,,1714,2007,
743,,1714,2008,
743,,1714,2009,
743,,1714,2010,
743,,1714,2011,
743,,1715,1027,
743,,1715,1028,
743,,1715,1029,
743,,1715,1030,
743,,1715,1101,
743,,1715,1102,
743,,1715,1103,
743,,1715,1701,
743,,1715,1909,
743,,1715,2009,
743,,1715,2010,
743,,1716,1029,
743,,1716,1030,
743,,1716,1101,
743,,1716,1102,
743,,1716,1701,
743,,1716,1702,
743,,1716,1703,
743,,1717,1702,
743,,1717,1703,
743,,1717,1704,
743,,1718,1703,
743,,1718,1704,
743,,1718,1705,
743,,1719,1704,
743,,1719,1705,
743,,1720,1704,
743,,1720,1705,
743,,1721,1706,
743,,1721,1707,
743,,1721,1811,
743,,1722,1706,
743,,1722,1707,
743,,1722,1708,
743,,1722,1809,
743,,1722,1810,
743,,1722,1811,
743,,1723,1707,
743,,1723,1708,
743,,1723,1709,
743,,1723,1808,
743,,1723,1809,
743,,1723,1810,
743,,1723,1811,
743,,1724,1709,
743,,1724,1710,
743,,1724,1805,
743,,1724,1806,
743,,1724,1807,
743,,1724,1808,
743,,1724,1809,
743,,1725,1709,
743,,1725,1710,
743,,1725,1805,
743,,1725,1806,
743,,1725,1807,
743,,1725,1808,
743,,1726,1710,
743,,1726,1711,
743,,1726,1803,
743,,1726,1804,
743,,1726,1805,
743,,1726,1806,
743,,1801,1024,
743,,1801,1025,
743,,1801,1026,
743,,1801,1027,
743,,1801,1028,
743,,1801,1029,
743,,1801,1102,
743,,1801,1103,
743,,1801,1104,
743,,1801,1906,
743,,1801,1907,
743,,1801,1908,
743,,1801,1909,
743,,1801,2007,
743,,1801,2008,
743,,1801,2009,
743,,1801,2010,
743,,1801,2011,
743,,1801,2012,
743,,1802,1025,
743,,1802,1026,
743,,1802,1027,
743,,1802,1028,
743,,1802,1029,
743,,1802,1102,
743,,1802,1103,
743,,1802,1905,
743,,1802,1906,
743,,1802,1907,
743,,1802,1908,
743,,1802,1909,
743,,1802,2007,
743,,1802,2008,
743,,1802,2009,
743,,1802,2010,
743,,1802,2011,
743,,1803,1026,
743,,1803,1027,
743,,1803,1028,
743,,1803,1029,
743,,1803,1030,
743,,1803,1101,
743,,1803,1102,
743,,1803,1103,
743,,1803,1701,
743,,1803,1726,
743,,1803,1904,
743,,1803,1905,
743,,1803,1906,
743,,1803,1907,
743,,1803,1908,
743,,1803,1909,
743,,1803,2009,
743,,1803,2010,
743,,1804,1028,
743,,1804,1029,
743,,1804,1030,
743,,1804,1101,
743,,1804,1102,
743,,1804,1701,
743,,1804,1702,
743,,1804,1726,
743,,1804,1903,
743,,1804,1904,
743,,1804,1905,
743,,1804,1906,
743,,1804,1907,
743,,1805,1030,
743,,1805,1101,
743,,1805,1701,
743,,1805,1702,
743,,1805,1703,
743,,1805,1724,
743,,1805,1725,
743,,1805,1726,
743,,1805,1901,
743,,1805,1902,
743,,1805,1903,
743,,1805,1904,
743,,1806,1702,
743,,1806,1703,
743,,1806,1704,
743,,1806,1724,
743,,1806,1725,
743,,1806,1726,
743,,1806,1901,
743,,1806,1902,
743,,1806,1903,
743,,1806,1904,
743,,1807,1702,
743,,1807,1703,
743,,1807,1704,
743,,1807,1724,
743,,1807,1725,
743,,1807,1901,
743,,1807,1902,
743,,1807,1903,
743,,1808,1704,
743,,1808,1705,
743,,1808,1723,
743,,1808,1724,
743,,1808,1725,
743,,1808,1901,
743,,1808,1902,
743,,1809,1704,
743,,1809,1705,
743,,1809,1722,
743,,1809,1723,
743,,1809,1724,
743,,1809,1901,
743,,1810,1704,
743,,1810,1705,
743,,1810,1722,
743,,1810,1723,
743,,1811,1705,
743,,1811,1706,
743,,1811,1721,
743,,1811,1722,
743,,1811,1723,
743,,1901,1709,
743,,1901,1710,
743,,1901,1805,
743,,1901,1806,
743,,1901,1807,
743,,1901,1808,
743,,1901,1809,
743,,1902,1709,
743,,1902,1710,
743,,1902,1805,
743,,1902,1806,
743,,1902,1807,
743,,1902,1808,
743,,1903,1710,
743,,1903,1711,
743,,1903,1804,
743,,1903,1805,
743,,1903,1806,
743,,1903,1807,
743,,1904,1710,
743,,1904,1711,
743,,1904,1803,
743,,1904,1804,
743,,1904,1805,
743,,1904,1806,
743,,1905,1710,
743,,1905,1711,
743,,1905,1712,
743,,1905,1802,
743,,1905,1803,
743,,1905,1804,
743,,1906,1711,
743,,1906,1712,
743,,1906,1713,
743,,1906,1801,
743,,1906,1802,
743,,1906,1803,
743,,1906,1804,
743,,1907,1711,
743,,1907,1712,
743,,1907,1713,
743,,1907,1801,
743,,1907,1802,
743,,1907,1803,
743,,1907,1804,
743,,1908,1712,
743,,1908,1713,
743,,1908,1714,
743,,1908,1801,
743,,1908,1802,
743,,1908,1803,
743,,1909,1712,
743,,1909,1713,
743,,1909,1714,
743,,1909,1715,
743,,1909,1801,
743,,1909,1802,
743,,1909,1803,
743,,2001,1001,
743,,2001,1109,
743,,2001,1110,
743,,2001,1111,
743,,2001,1112,
743,,2001,1303,
743,,2001,1304,
743,,2001,1305,
743,,2001,1401,
743,,2001,1402,
743,,2001,1501,
743,,2001,1502,
743,,2001,1709,
743,,2001,1710,
743,,2001,2028,
743,,2001,2029,
743,,2001,2030,
743,,2001,2031,
743,,2001,2032,
743,,2002,1110,
743,,2002,1111,
743,,2002,1112,
743,,2002,1305,
743,,2002,1401,
743,,2002,1402,
743,,2002,1501,
743,,2002,1502,
743,,2002,1710,
743,,2002,1711,
743,,2002,2029,
743,,2002,2030,
743,,2002,2031,
743,,2002,2032,
743,,2002,2033,
743,,2003,1110,
743,,2003,1111,
743,,2003,1112,
743,,2003,1113,
743,,2003,1401,
743,,2003,1402,
743,,2003,1403,
743,,2003,1501,
743,,2003,1502,
743,,2003,1503,
743,,2003,1710,
743,,2003,1711,
743,,2003,2030,
743,,2003,2031,
743,,2003,2032,
743,,2003,2033,
743,,2003,2034,
743,,2004,1111,
743,,2004,1112,
743,,2004,1113,
743,,2004,1114,
743,,2004,1401,
743,,2004,1402,
743,,2004,1403,
743,,2004,1404,
743,,2004,1501,
743,,2004,1502,
743,,2004,1503,
743,,2004,1504,
743,,2004,1710,
743,,2004,1711,
743,,2004,2031,
743,,2004,2032,
743,,2004,2033,
743,,2004,2034,
743,,2004,2035,
743,,2005,1112,
743,,2005,1113,
743,,2005,1114,
743,,2005,1115,
743,,2005,1402,
743,,2005,1403,
743,,2005,1404,
743,,2005,1502,
743,,2005,1503,
743,,2005,1504,
743,,2005,1505,
743,,2005,1710,
743,,2005,1711,
743,,2005,2032,
743,,2005,2033,
743,,2005,2034,
743,,2005,2035,
743,,2006,1113,
743,,2006,1114,
743,,2006,1115,
743,,2006,1116,
743,,2006,1117,
743,,2006,1403,
743,,2006,1404,
743,,2006,1405,
743,,2006,1406,
743,,2006,1503,
743,,2006,1504,
743,,2006,1505,
743,,2006,1506,
743,,2006,1507,
743,,2006,1711,
743,,2006,1712,
743,,2006,2033,
743,,2006,2034,
743,,2006,2035,
743,,2007,1113,
743,,2007,1114,
743,,2007,1115,
743,,2007,1116,
743,,2007,1117,
743,,2007,1403,
743,,2007,1404,
743,,2007,1405,
743,,2007,1406,
743,,2007,1407,
743,,2007,1503,
743,,2007,1504,
743,,2007,1505,
743,,2007,1506,
743,,2007,1507,
743,,2007,1508,
743,,2007,1711,
743,,2007,1712,
743,,2007,1713,
743,,2007,1714,
743,,2007,1801,
743,,2007,1802,
743,,2007,2034,
743,,2007,2035,
743,,2008,1114,
743,,2008,1115,
743,,2008,1116,
743,,2008,1117,
743,,2008,1118,
743,,2008,1404,
743,,2008,1405,
743,,2008,1406,
743,,2008,1407,
743,,2008,1408,
743,,2008,1504,
743,,2008,1505,
743,,2008,1506,
743,,2008,1507,
743,,2008,1508,
743,,2008,1712,
743,,2008,1713,
743,,2008,1714,
743,,2008,1801,
743,,2008,1802,
743,,2008,2035,
743,,2009,1115,
743,,2009,1116,
743,,2009,1117,
743,,2009,1118,
743,,2009,1405,
743,,2009,1406,
743,,2009,1407,
743,,2009,1408,
743,,2009,1409,
743,,2009,1505,
743,,2009,1506,
743,,2009,1507,
743,,2009,1508,
743,,2009,1712,
743,,2009,1713,
743,,2009,1714,
743,,2009,1715,
743,,2009,1801,
743,,2009,1802,
743,,2009,1803,
743,,2010,1116,
743,,2010,1117,
743,,2010,1118,
743,,2010,1119,
743,,2010,1405,
743,,2010,1406,
743,,2010,1407,
743,,2010,1408,
743,,2010,1409,
743,,2010,1505,
743,,2010,1506,
743,,2010,1507,
743,,2010,1508,
743,,2010,1509,
743,,2010,1601,
743,,2010,1712,
743,,2010,1713,
743,,2010,1714,
743,,2010,1715,
743,,2010,1801,
743,,2010,1802,
743,,2010,1803,
743,,2011,1114,
743,,2011,1115,
743,,2011,1116,
743,,2011,1117,
743,,2011,1118,
743,,2011,1404,
743,,2011,1405,
743,,2011,1406,
743,,2011,1407,
743,,2011,1408,
743,,2011,1504,
743,,2011,1505,
743,,2011,1506,
743,,2011,1507,
743,,2011,1508,
743,,2011,1712,
743,,2011,1713,
743,,2011,1714,
743,,2011,1801,
743,,2011,1802,
743,,2012,1113,
743,,2012,1114,
743,,2012,1115,
743,,2012,1116,
743,,2012,1117,
743,,2012,1403,
743,,2012,1404,
743,,2012,1405,
743,,2012,1406,
743,,2012,1407,
743,,2012,1503,
743,,2012,1504,
743,,2012,1505,
743,,2012,1506,
743,,2012,1507,
743,,2012,1711,
743,,2012,1712,
743,,2012,1713,
743,,2012,1801,
743,,2013,1112,
743,,2013,1113,
743,,2013,1114,
743,,2013,1115,
743,,2013,1116,
743,,2013,1403,
743,,2013,1404,
743,,2013,1405,
743,,2013,1503,
743,,2013,1504,
743,,2013,1505,
743,,2013,1506,
743,,2013,1710,
743,,2013,1711,
743,,2013,1712,
743,,2014,1112,
743,,2014,1113,
743,,2014,1114,
743,,2014,1115,
743,,2014,1402,
743,,2014,1403,
743,,2014,1404,
743,,2014,1502,
743,,2014,1503,
743,,2014,1504,
743,,2014,1710,
743,,2014,1711,
743,,2015,1111,
743,,2015,1112,
743,,2015,1113,
743,,2015,1114,
743,,2015,1401,
743,,2015,1402,
743,,2015,1403,
743,,2015,1404,
743,,2015,1501,
743,,2015,1502,
743,,2015,1503,
743,,2015,1504,
743,,2015,1710,
743,,2015,1711,
743,,2016,1111,
743,,2016,1112,
743,,2016,1113,
743,,2016,1401,
743,,2016,1402,
743,,2016,1403,
743,,2016,1501,
743,,2016,1502,
743,,2016,1503,
743,,2016,1710,
743,,2016,1711,
743,,2017,1110,
743,,2017,1111,
743,,2017,1112,
743,,2017,1113,
743,,2017,1401,
743,,2017,1402,
743,,2017,1403,
743,,2017,1501,
743,,2017,1502,
743,,2017,1503,
743,,2017,1710,
743,,2017,1711,
743,,2018,1001,
743,,2018,1109,
743,,2018,1110,
743,,2018,1111,
743,,2018,1112,
743,,2018,1303,
743,,2018,1304,
743,,2018,1305,
743,,2018,1401,
743,,2018,1402,
743,,2018,1501,
743,,2018,1502,
743,,2018,1709,
743,,2018,1710,
743,,2019,1001,
743,,2019,1002,
743,,2019,1003,
743,,2019,1004,
743,,2019,1005,
743,,2019,1109,
743,,2019,1110,
743,,2019,1111,
743,,2019,1301,
743,,2019,1302,
743,,2019,1303,
743,,2019,1304,
743,,2019,1305,
743,,2019,1401,
743,,2019,1402,
743,,2019,1501,
743,,2019,1502,
743,,2019,1709,
743,,2020,1001,
743,,2020,1002,
743,,2020,1003,
743,,2020,1004,
743,,2020,1005,
743,,2020,1006,
743,,2020,1108,
743,,2020,1109,
743,,2020,1110,
743,,2020,1111,
743,,2020,1301,
743,,2020,1302,
743,,2020,1303,
743,,2020,1304,
743,,2020,1305,
743,,2020,1401,
743,,2020,1501,
743,,2020,1708,
743,,2020,1709,
743,,2021,1001,
743,,2021,1002,
743,,2021,1003,
743,,2021,1004,
743,,2021,1005,
743,,2021,1006,
743,,2021,1007,
743,,2021,1008,
743,,2021,1108,
743,,2021,1109,
743,,2021,1110,
743,,2021,1301,
743,,2021,1302,
743,,2021,1303,
743,,2021,1304,
743,,2021,1305,
743,,2021,1707,
743,,2021,1708,
743,,2021,1709,
743,,2022,1001,
743,,2022,1002,
743,,2022,1003,
743,,2022,1004,
743,,2022,1005,
743,,2022,1006,
743,,2022,1007,
743,,2022,1008,
743,,2022,1009,
743,,2022,1010,
743,,2022,1107,
743,,2022,1108,
743,,2022,1109,
743,,2022,1301,
743,,2022,1302,
743,,2022,1303,
743,,2022,1304,
743,,2022,1305,
743,,2022,1707,
743,,2022,1708,
743,,2022,1709,
743,,2023,1001,
743,,2023,1002,
743,,2023,1003,
743,,2023,1004,
743,,2023,1005,
743,,2023,1006,
743,,2023,1007,
743,,2023,1008,
743,,2023,1009,
743,,2023,1010,
743,,2023,1011,
743,,2023,1107,
743,,2023,1108,
743,,2023,1109,
743,,2023,1301,
743,,2023,1302,
743,,2023,1303,
743,,2023,1706,
743,,2023,1707,
743,,2023,1708,
743,,2023,1709,
743,,2024,1005,
743,,2024,1006,
743,,2024,1007,
743,,2024,1008,
743,,2024,1009,
743,,2024,1010,
743,,2024,1011,
743,,2024,1012,
743,,2024,1013,
743,,2024,1106,
743,,2024,1107,
743,,2024,1108,
743,,2024,1201,
743,,2024,1202,
743,,2024,1706,
743,,2024,1707,
743,,2024,1708,
743,,2025,1008,
743,,2025,1009,
743,,2025,1010,
743,,2025,1011,
743,,2025,1012,
743,,2025,1013,
743,,2025,1014,
743,,2025,1105,
743,,2025,1106,
743,,2025,1107,
743,,2025,1201,
743,,2025,1202,
743,,2025,1705,
743,,2025,1706,
743,,2025,1707,
743,,2026,1010,
743,,2026,1011,
743,,2026,1012,
743,,2026,1013,
743,,2026,1014,
743,,2026,1015,
743,,2026,1105,
743,,2026,1106,
743,,2026,1107,
743,,2026,1201,
743,,2026,1202,
743,,2026,1705,
743,,2026,1706,
743,,2027,1010,
743,,2027,1011,
743,,2027,1012,
743,,2027,1013,
743,,2027,1014,
743,,2027,1015,
743,,2027,1016,
743,,2027,1105,
743,,2027,1106,
743,,2027,1201,
743,,2027,1202,
743,,2027,1705,
743,,2027,1706,
743,,2028,1012,
743,,2028,1013,
743,,2028,1014,
743,,2028,1015,
743,,2028,1016,
743,,2028,1017,
743,,2028,1104,
743,,2028,1105,
743,,2028,1106,
743,,2028,1201,
743,,2028,1202,
743,,2028,1704,
743,,2028,1705,
743,,2028,2001,
743,,2029,1014,
743,,2029,1015,
743,,2029,1016,
743,,2029,1017,
743,,2029,1018,
743,,2029,1019,
743,,2029,1104,
743,,2029,1105,
743,,2029,1106,
743,,2029,1704,
743,,2029,1705,
743,,2029,2001,
743,,2029,2002,
743,,2030,1014,
743,,2030,1015,
743,,2030,1016,
743,,2030,1017,
743,,2030,1018,
743,,2030,1019,
743,,2030,1020,
743,,2030,1103,
743,,2030,1104,
743,,2030,1105,
743,,2030,1704,
743,,2030,1705,
743,,2030,2001,
743,,2030,2002,
743,,2030,2003,
743,,2031,1015,
743,,2031,1016,
743,,2031,1017,
743,,2031,1018,
743,,2031,1019,
743,,2031,1020,
743,,2031,1021,
743,,2031,1103,
743,,2031,1104,
743,,2031,1105,
743,,2031,1703,
743,,2031,1704,
743,,2031,1705,
743,,2031,2001,
743,,2031,2002,
743,,2031,2003,
743,,2031,2004,
743,,2032,1017,
743,,2032,1018,
743,,2032,1019,
743,,2032,1020,
743,,2032,1021,
743,,2032,1022,
743,,2032,1102,
743,,2032,1103,
743,,2032,1104,
743,,2032,1702,
743,,2032,1703,
743,,2032,1704,
743,,2032,2001,
743,,2032,2002,
743,,2032,2003,
743,,2032,2004,
743,,2032,2005,
743,,2033,1018,
743,,2033,1019,
743,,2033,1020,
743,,2033,1021,
743,,2033,1022,
743,,2033,1023,
743,,2033,1024,
743,,2033,1030,
743,,2033,1101,
743,,2033,1102,
743,,2033,1103,
743,,2033,1701,
743,,2033,1702,
743,,2033,1703,
743,,2033,2002,
743,,2033,2003,
743,,2033,2004,
743,,2033,2005,
743,,2033,2006,
743,,2034,1019,
743,,2034,1020,
743,,2034,1021,
743,,2034,1022,
743,,2034,1023,
743,,2034,1024,
743,,2034,1025,
743,,2034,1030,
743,,2034,1101,
743,,2034,1102,
743,,2034,1103,
743,,2034,1701,
743,,2034,1702,
743,,2034,1703,
743,,2034,2003,
743,,2034,2004,
743,,2034,2005,
743,,2034,2006,
743,,2034,2007,
743,,2035,1020,
743,,2035,1021,
743,,2035,1022,
743,,2035,1023,
743,,2035,1024,
743,,2035,1025,
743,,2035,1029,
743,,2035,1030,
743,,2035,1101,
743,,2035,1102,
743,,2035,1103,
743,,2035,1701,
743,,2035,1702,
743,,2035,1703,
743,,2035,2004,
743,,2035,2005,
743,,2035,2006,
743,,2035,2007,
743,,2035,2008,
743,,2101,2130,
743,,2101,2131,
743,,2101,2132,
743,,2101,2208,
743,,2102,2130,
743,,2102,2131,
743,,2102,2132,
743,,2102,2208,
743,,2103,2130,
743,,2103,2131,
743,,2103,2132,
743,,2104,2131,
743,,2104,2132,
743,,2105,2131,
743,,2105,2132,
743,,2106,2131,
743,,2106,2132,
743,,2106,2133,
743,,2107,2132,
743,,2107,2133,
743,,2108,2133,
743,,2108,2134,
743,,2109,2133,
743,,2109,2134,
743,,2109,2135,
743,,2110,2133,
743,,2110,2134,
743,,2110,2135,
743,,2111,2133,
743,,2111,2134,
743,,2111,2135,
743,,2111,2136,
743,,2112,2133,
743,,2112,2134,
743,,2112,2135,
743,,2112,2136,
743,,2112,2137,
743,,2113,2134,
743,,2113,2135,
743,,2113,2136,
743,,2113,2137,
743,,2113,2138,
743,,2113,2139,
743,,2114,2135,
743,,2114,2136,
743,,2114,2137,
743,,2114,2138,
743,,2114,2139,
743,,2115,2136,
743,,2115,2137,
743,,2115,2138,
743,,2115,2139,
743,,2116,2136,
743,,2116,2137,
743,,2116,2138,
743,,2116,2139,
743,,2117,2137,
743,,2117,2138,
743,,2117,2139,
743,,2118,2138,
743,,2118,2139,
743,,2130,2101,
743,,2130,2102,
743,,2130,2103,
743,,2131,2101,
743,,2131,2102,
743,,2131,2103,
743,,2131,2104,
743,,2131,2105,
743,,2131,2106,
743,,2132,2101,
743,,2132,2102,
743,,2132,2103,
743,,2132,2104,
743,,2132,2105,
743,,2132,2106,
743,,2132,2107,
743,,2133,2106,
743,,2133,2107,
743,,2133,2108,
743,,2133,2109,
743,,2133,2110,
743,,2133,2111,
743,,2133,2112,
743,,2134,2108,
743,,2134,2109,
743,,2134,2110,
743,,2134,2111,
743,,2134,2112,
743,,2134,2113,
743,,2135,2109,
743,,2135,2110,
743,,2135,2111,
743,,2135,2112,
743,,2135,2113,
743,,2135,2114,
743,,2136,2111,
743,,2136,2112,
743,,2136,2113,
743,,2136,2114,
743,,2136,2115,
743,,2136,2116,
743,,2137,2112,
743,,2137,2113,
743,,2137,2114,
743,,2137,2115,
743,,2137,2116,
743,,2137,2117,
743,,2138,2113,
743,,2138,2114,
743,,2138,2115,
743,,2138,2116,
743,,2138,2117,
743,,2138,2118,
743,,2139,2113,
743,,2139,2114,
743,,2139,2115,
743,,2139,2116,
743,,2139,2117,
743,,2139,2118,
743,,2208,2101,
743,,2208,2102,
827,,1001,1107,
827,,1001,1108,
827,,1001,1706,
827,,1001,1707,
827,,1001,1708,
827,,1001,2024,
827,,1001,2025,
827,,1001,2026,
827,,1001,2027,
827,,1002,1107,
827,,1002,1108,
827,,1002,1109,
827,,1002,1706,
827,,1002,1707,
827,,1002,1708,
827,,1002,1709,
827,,1002,2024,
827,,1002,2025,
827,,1002,2026,
827,,1002,2027,
827,,1002,2028,
827,,1003,1107,
827,,1003,1108,
827,,1003,1109,
827,,1003,1706,
827,,1003,1707,
827,,1003,1708,
827,,1003,1709,
827,,1003,2024,
827,,1003,2025,
827,,1003,2026,
827,,1003,2027,
827,,1003,2028,
827,,1004,1107,
827,,1004,1108,
827,,1004,1109,
827,,1004,1110,
827,,1004,1707,
827,,1004,1708,
827,,1004,1709,
827,,1004,2024,
827,,1004,2025,
827,,1004,2026,
827,,1004,2027,
827,,1004,2028,
827,,1004,2029,
827,,1005,1108,
827,,1005,1109,
827,,1005,1110,
827,,1005,1707,
827,,1005,1708,
827,,1005,1709,
827,,1005,2025,
827,,1005,2026,
827,,1005,2027,
827,,1005,2028,
827,,1005,2029,
827,,1006,1108,
827,,1006,1109,
827,,1006,1110,
827,,1006,1707,
827,,1006,1708,
827,,1006,1709,
827,,1006,2025,
827,,1006,2026,
827,,1006,2027,
827,,1006,2028,
827,,1006,2029,
827,,1006,2030,
827,,1007,1108,
827,,1007,1109,
827,,1007,1110,
827,,1007,1111,
827,,1007,1401,
827,,1007,1501,
827,,1007,1708,
827,,1007,1709,
827,,1007,2025,
827,,1007,2026,
827,,1007,2027,
827,,1007,2028,
827,,1007,2029,
827,,1007,2030,
827,,1007,2031,
827,,1008,1108,
827,,1008,1109,
827,,1008,1110,
827,,1008,1111,
827,,1008,1401,
827,,1008,1501,
827,,1008,1708,
827,,1008,1709,
827,,1008,2026,
827,,1008,2027,
827,,1008,2028,
827,,1008,2029,
827,,1008,2030,
827,,1008,2031,
827,,1009,1109,
827,,1009,1110,
827,,1009,1111,
827,,1009,1401,
827,,1009,1501,
827,,1009,1709,
827,,1009,2026,
827,,1009,2027,
827,,1009,2028,
827,,1009,2029,
827,,1009,2030,
827,,1009,2031,
827,,1010,1109,
827,,1010,1110,
827,,1010,1111,
827,,1010,1401,
827,,1010,1402,
827,,1010,1501,
827,,1010,1502,
827,,1010,1709,
827,,1010,2028,
827,,1010,2029,
827,,1010,2030,
827,,1010,2031,
827,,1010,2032,
827,,1011,1109,
827,,1011,1110,
827,,1011,1111,
827,,1011,1112,
827,,1011,1401,
827,,1011,1402,
827,,1011,1501,
827,,1011,1502,
827,,1011,1709,
827,,1011,1710,
827,,1011,2028,
827,,1011,2029,
827,,1011,2030,
827,,1011,2031,
827,,1011,2032,
827,,1012,1110,
827,,1012,1111,
827,,1012,1112,
827,,1012,1401,
827,,1012,1402,
827,,1012,1501,
827,,1012,1502,
827,,1012,1710,
827,,1012,2029,
827,,1012,2030,
827,,1012,2031,
827,,1012,2032,
827,,1012,2033,
827,,1013,1110,
827,,1013,1111,
827,,1013,1112,
827,,1013,1401,
827,,1013,1402,
827,,1013,1501,
827,,1013,1502,
827,,1013,1710,
827,,1013,1711,
827,,1013,2029,
827,,1013,2030,
827,,1013,2031,
827,,1013,2032,
827,,1013,2033,
827,,1014,1111,
827,,1014,1112,
827,,1014,1113,
827,,1014,1401,
827,,1014,1402,
827,,1014,1403,
827,,1014,1501,
827,,1014,1502,
827,,1014,1503,
827,,1014,1710,
827,,1014,1711,
827,,1014,2031,
827,,1014,2032,
827,,1014,2033,
827,,1014,2034,
827,,1014,2035,
827,,1015,1112,
827,,1015,1113,
827,,1015,1114,
827,,1015,1115,
827,,1015,1402,
827,,1015,1403,
827,,1015,1404,
827,,1015,1502,
827,,1015,1503,
827,,1015,1504,
827,,1015,1505,
827,,1015,1710,
827,,1015,1711,
827,,1015,1712,
827,,1015,2032,
827,,1015,2033,
827,,1015,2034,
827,,1015,2035,
827,,1016,1112,
827,,1016,1113,
827,,1016,1114,
827,,1016,1115,
827,,1016,1116,
827,,1016,1403,
827,,1016,1404,
827,,1016,1405,
827,,1016,1503,
827,,1016,1504,
827,,1016,1505,
827,,1016,1506,
827,,1016,1710,
827,,1016,1711,
827,,1016,1712,
827,,1016,2032,
827,,1016,2033,
827,,1016,2034,
827,,1016,2035,
827,,1017,1113,
827,,1017,1114,
827,,1017,1115,
827,,1017,1116,
827,,1017,1117,
827,,1017,1403,
827,,1017,1404,
827,,1017,1405,
827,,1017,1406,
827,,1017,1503,
827,,1017,1504,
827,,1017,1505,
827,,1017,1506,
827,,1017,1507,
827,,1017,1711,
827,,1017,1712,
827,,1017,1713,
827,,1017,1801,
827,,1017,2033,
827,,1017,2034,
827,,1017,2035,
827,,1018,1113,
827,,1018,1114,
827,,1018,1115,
827,,1018,1116,
827,,1018,1117,
827,,1018,1403,
827,,1018,1404,
827,,1018,1405,
827,,1018,1406,
827,,1018,1407,
827,,1018,1503,
827,,1018,1504,
827,,1018,1505,
827,,1018,1506,
827,,1018,1507,
827,,1018,1508,
827,,1018,1711,
827,,1018,1712,
827,,1018,1713,
827,,1018,1801,
827,,1018,2034,
827,,1018,2035,
827,,1019,1114,
827,,1019,1115,
827,,1019,1116,
827,,1019,1117,
827,,1019,1118,
827,,1019,1404,
827,,1019,1405,
827,,1019,1406,
827,,1019,1407,
827,,1019,1504,
827,,1019,1505,
827,,1019,1506,
827,,1019,1507,
827,,1019,1508,
827,,1019,1712,
827,,1019,1713,
827,,1019,1714,
827,,1019,1801,
827,,1019,1802,
827,,1019,2035,
827,,1020,1114,
827,,1020,1115,
827,,1020,1116,
827,,1020,1117,
827,,1020,1118,
827,,1020,1404,
827,,1020,1405,
827,,1020,1406,
827,,1020,1407,
827,,1020,1408,
827,,1020,1504,
827,,1020,1505,
827,,1020,1506,
827,,1020,1507,
827,,1020,1508,
827,,1020,1712,
827,,1020,1713,
827,,1020,1714,
827,,1020,1801,
827,,1020,1802,
827,,1020,1803,
827,,1021,1115,
827,,1021,1116,
827,,1021,1117,
827,,1021,1118,
827,,1021,1405,
827,,1021,1406,
827,,1021,1407,
827,,1021,1408,
827,,1021,1409,
827,,1021,1505,
827,,1021,1506,
827,,1021,1507,
827,,1021,1508,
827,,1021,1712,
827,,1021,1713,
827,,1021,1714,
827,,1021,1715,
827,,1021,1801,
827,,1021,1802,
827,,1021,1803,
827,,1022,1116,
827,,1022,1117,
827,,1022,1118,
827,,1022,1119,
827,,1022,1405,
827,,1022,1406,
827,,1022,1407,
827,,1022,1408,
827,,1022,1409,
827,,1022,1506,
827,,1022,1507,
827,,1022,1508,
827,,1022,1509,
827,,1022,1601,
827,,1022,1713,
827,,1022,1714,
827,,1022,1715,
827,,1022,1801,
827,,1022,1802,
827,,1022,1803,
827,,1023,1118,
827,,1023,1119,
827,,1023,1120,
827,,1023,1407,
827,,1023,1408,
827,,1023,1409,
827,,1023,1410,
827,,1023,1508,
827,,1023,1509,
827,,1023,1601,
827,,1023,1602,
827,,1023,1713,
827,,1023,1714,
827,,1023,1715,
827,,1023,1716,
827,,1023,1801,
827,,1023,1802,
827,,1023,1803,
827,,1023,1804,
827,,1024,1118,
827,,1024,1119,
827,,1024,1120,
827,,1024,1408,
827,,1024,1409,
827,,1024,1410,
827,,1024,1508,
827,,1024,1509,
827,,1024,1601,
827,,1024,1602,
827,,1024,1714,
827,,1024,1715,
827,,1024,1716,
827,,1024,1802,
827,,1024,1803,
827,,1024,1804,
827,,1024,1805,
827,,1025,1118,
827,,1025,1119,
827,,1025,1120,
827,,1025,1408,
827,,1025,1409,
827,,1025,1410,
827,,1025,1509,
827,,1025,1601,
827,,1025,1602,
827,,1025,1603,
827,,1025,1715,
827,,1025,1716,
827,,1025,1803,
827,,1025,1804,
827,,1025,1805,
827,,1026,1119,
827,,1026,1120,
827,,1026,1121,
827,,1026,1409,
827,,1026,1410,
827,,1026,1509,
827,,1026,1601,
827,,1026,1602,
827,,1026,1603,
827,,1026,1715,
827,,1026,1716,
827,,1026,1717,
827,,1026,1804,
827,,1026,1805,
827,,1026,1806,
827,,1027,1120,
827,,1027,1121,
827,,1027,1122,
827,,1027,1410,
827,,1027,1602,
827,,1027,1603,
827,,1027,1604,
827,,1027,1716,
827,,1027,1717,
827,,1027,1718,
827,,1027,1804,
827,,1027,1805,
827,,1027,1806,
827,,1027,1807,
827,,1028,1120,
827,,1028,1121,
827,,1028,1122,
827,,1028,1123,
827,,1028,1602,
827,,1028,1603,
827,,1028,1604,
827,,1028,1716,
827,,1028,1717,
827,,1028,1718,
827,,1028,1805,
827,,1028,1806,
827,,1028,1807,
827,,1029,1121,
827,,1029,1122,
827,,1029,1123,
827,,1029,1603,
827,,1029,1604,
827,,1029,1605,
827,,1029,1717,
827,,1029,1718,
827,,1029,1719,
827,,1029,1805,
827,,1029,1806,
827,,1029,1807,
827,,1029,1808,
827,,1030,1121,
827,,1030,1122,
827,,1030,1123,
827,,1030,1124,
827,,1030,1604,
827,,1030,1605,
827,,1030,1606,
827,,1030,1717,
827,,1030,1718,
827,,1030,1719,
827,,1030,1720,
827,,1030,1806,
827,,1030,1807,
827,,1030,1808,
827,,1030,1809,
827,,1030,1810,
827,,1101,1121,
827,,1101,1122,
827,,1101,1123,
827,,1101,1124,
827,,1101,1604,
827,,1101,1605,
827,,1101,1606,
827,,1101,1717,
827,,1101,1718,
827,,1101,1719,
827,,1101,1720,
827,,1101,1806,
827,,1101,1807,
827,,1101,1808,
827,,1101,1809,
827,,1101,1810,
827,,1102,1122,
827,,1102,1123,
827,,1102,1124,
827,,1102,1125,
827,,1102,1604,
827,,1102,1605,
827,,1102,1606,
827,,1102,1607,
827,,1102,1717,
827,,1102,1718,
827,,1102,1719,
827,,1102,1805,
827,,1102,1806,
827,,1102,1807,
827,,1102,1808,
827,,1103,1124,
827,,1103,1125,
827,,1103,1126,
827,,1103,1605,
827,,1103,1606,
827,,1103,1607,
827,,1103,1608,
827,,1103,1716,
827,,1103,1717,
827,,1103,1804,
827,,1103,1805,
827,,1103,1806,
827,,1103,1807,
827,,1104,1125,
827,,1104,1126,
827,,1104,1608,
827,,1104,1714,
827,,1104,1715,
827,,1104,1716,
827,,1104,1802,
827,,1104,1803,
827,,1104,1804,
827,,1104,1805,
827,,1104,2033,
827,,1104,2034,
827,,1104,2035,
827,,1105,1608,
827,,1105,1713,
827,,1105,1714,
827,,1105,1715,
827,,1105,1801,
827,,1105,1802,
827,,1105,1803,
827,,1105,1804,
827,,1105,2032,
827,,1105,2033,
827,,1105,2034,
827,,1105,2035,
827,,1106,1712,
827,,1106,1713,
827,,1106,1714,
827,,1106,1715,
827,,1106,1801,
827,,1106,1802,
827,,1106,1803,
827,,1106,2030,
827,,1106,2031,
827,,1106,2032,
827,,1106,2033,
827,,1106,2034,
827,,1107,1001,
827,,1107,1002,
827,,1107,1003,
827,,1107,1004,
827,,1107,1301,
827,,1107,1302,
827,,1107,1303,
827,,1107,1304,
827,,1107,1305,
827,,1107,1711,
827,,1107,1712,
827,,1107,1713,
827,,1107,1801,
827,,1107,2027,
827,,1107,2028,
827,,1107,2029,
827,,1107,2030,
827,,1107,2031,
827,,1108,1001,
827,,1108,1002,
827,,1108,1003,
827,,1108,1004,
827,,1108,1005,
827,,1108,1006,
827,,1108,1007,
827,,1108,1008,
827,,1108,1301,
827,,1108,1302,
827,,1108,1303,
827,,1108,1304,
827,,1108,1305,
827,,1108,1710,
827,,1108,1711,
827,,1108,2025,
827,,1108,2026,
827,,1108,2027,
827,,1108,2028,
827,,1108,2029,
827,,1108,2030,
827,,1109,1002,
827,,1109,1003,
827,,1109,1004,
827,,1109,1005,
827,,1109,1006,
827,,1109,1007,
827,,1109,1008,
827,,1109,1009,
827,,1109,1010,
827,,1109,1011,
827,,1109,1202,
827,,1109,1301,
827,,1109,1302,
827,,1109,1710,
827,,1109,1711,
827,,1109,2024,
827,,1109,2025,
827,,1109,2026,
827,,1109,2027,
827,,1110,1004,
827,,1110,1005,
827,,1110,1006,
827,,1110,1007,
827,,1110,1008,
827,,1110,1009,
827,,1110,1010,
827,,1110,1011,
827,,1110,1012,
827,,1110,1013,
827,,1110,1201,
827,,1110,1202,
827,,1110,1301,
827,,1110,1709,
827,,1110,1710,
827,,1110,2022,
827,,1110,2023,
827,,1110,2024,
827,,1110,2025,
827,,1110,2026,
827,,1110,2027,
827,,1111,1007,
827,,1111,1008,
827,,1111,1009,
827,,1111,1010,
827,,1111,1011,
827,,1111,1012,
827,,1111,1013,
827,,1111,1014,
827,,1111,1201,
827,,1111,1202,
827,,1111,1709,
827,,1111,2021,
827,,1111,2022,
827,,1111,2023,
827,,1111,2024,
827,,1111,2025,
827,,1112,1011,
827,,1112,1012,
827,,1112,1013,
827,,1112,1014,
827,,1112,1015,
827,,1112,1016,
827,,1112,1201,
827,,1112,1202,
827,,1112,1707,
827,,1112,1708,
827,,1112,1709,
827,,1112,2019,
827,,1112,2020,
827,,1112,2021,
827,,1112,2022,
827,,1112,2023,
827,,1113,1014,
827,,1113,1015,
827,,1113,1016,
827,,1113,1017,
827,,1113,1018,
827,,1113,1706,
827,,1113,1707,
827,,1113,1708,
827,,1113,2001,
827,,1113,2002,
827,,1113,2018,
827,,1113,2019,
827,,1113,2020,
827,,1113,2021,
827,,1113,2022,
827,,1114,1015,
827,,1114,1016,
827,,1114,1017,
827,,1114,1018,
827,,1114,1019,
827,,1114,1020,
827,,1114,1706,
827,,1114,1707,
827,,1114,1708,
827,,1114,2001,
827,,1114,2002,
827,,1114,2003,
827,,1114,2016,
827,,1114,2017,
827,,1114,2018,
827,,1114,2019,
827,,1114,2020,
827,,1115,1015,
827,,1115,1016,
827,,1115,1017,
827,,1115,1018,
827,,1115,1019,
827,,1115,1020,
827,,1115,1021,
827,,1115,1706,
827,,1115,1707,
827,,1115,1708,
827,,1115,2001,
827,,1115,2002,
827,,1115,2003,
827,,1115,2004,
827,,1115,2015,
827,,1115,2016,
827,,1115,2017,
827,,1115,2018,
827,,1115,2019,
827,,1115,2020,
827,,1116,1016,
827,,1116,1017,
827,,1116,1018,
827,,1116,1019,
827,,1116,1020,
827,,1116,1021,
827,,1116,1022,
827,,1116,1706,
827,,1116,1707,
827,,1116,2001,
827,,1116,2002,
827,,1116,2003,
827,,1116,2004,
827,,1116,2005,
827,,1116,2014,
827,,1116,2015,
827,,1116,2016,
827,,1116,2017,
827,,1116,2018,
827,,1116,2019,
827,,1117,1017,
827,,1117,1018,
827,,1117,1019,
827,,1117,1020,
827,,1117,1021,
827,,1117,1022,
827,,1117,1705,
827,,1117,1706,
827,,1117,2001,
827,,1117,2002,
827,,1117,2003,
827,,1117,2004,
827,,1117,2005,
827,,1117,2013,
827,,1117,2014,
827,,1117,2015,
827,,1117,2016,
827,,1117,2017,
827,,1117,2018,
827,,1118,1019,
827,,1118,1020,
827,,1118,1021,
827,,1118,1022,
827,,1118,1023,
827,,1118,1024,
827,,1118,1025,
827,,1118,1704,
827,,1118,1705,
827,,1118,2003,
827,,1118,2004,
827,,1118,2005,
827,,1118,2006,
827,,1118,2007,
827,,1118,2012,
827,,1118,2013,
827,,1118,2014,
827,,1118,2015,
827,,1118,2016,
827,,1118,2017,
827,,1119,1022,
827,,1119,1023,
827,,1119,1024,
827,,1119,1025,
827,,1119,1026,
827,,1119,1704,
827,,1119,1705,
827,,1119,2005,
827,,1119,2006,
827,,1119,2007,
827,,1119,2008,
827,,1119,2009,
827,,1119,2011,
827,,1119,2012,
827,,1119,2013,
827,,1119,2014,
827,,1120,1023,
827,,1120,1024,
827,,1120,1025,
827,,1120,1026,
827,,1120,1027,
827,,1120,1028,
827,,1120,1703,
827,,1120,1704,
827,,1120,2006,
827,,1120,2007,
827,,1120,2008,
827,,1120,2009,
827,,1120,2010,
827,,1120,2011,
827,,1120,2012,
827,,1121,1026,
827,,1121,1027,
827,,1121,1028,
827,,1121,1029,
827,,1121,1030,
827,,1121,1101,
827,,1121,1701,
827,,1121,1702,
827,,1121,1703,
827,,1121,2008,
827,,1121,2009,
827,,1121,2010,
827,,1121,2011,
827,,1122,1027,
827,,1122,1028,
827,,1122,1029,
827,,1122,1030,
827,,1122,1101,
827,,1122,1102,
827,,1122,1701,
827,,1122,1702,
827,,1122,1703,
827,,1122,2009,
827,,1122,2010,
827,,1123,1028,
827,,1123,1029,
827,,1123,1030,
827,,1123,1101,
827,,1123,1102,
827,,1123,1701,
827,,1123,1702,
827,,1124,1030,
827,,1124,1101,
827,,1124,1102,
827,,1124,1103,
827,,1124,1701,
827,,1125,1102,
827,,1125,1103,
827,,1125,1104,
827,,1125,1410,
827,,1126,1103,
827,,1126,1104,
827,,1126,1410,
827,,1201,1110,
827,,1201,1111,
827,,1201,1112,
827,,1201,1401,
827,,1201,1402,
827,,1201,1501,
827,,1201,1502,
827,,1201,1710,
827,,1201,1711,
827,,1201,2029,
827,,1201,2030,
827,,1201,2031,
827,,1201,2032,
827,,1201,2033,
827,,1202,1109,
827,,1202,1110,
827,,1202,1111,
827,,1202,1112,
827,,1202,1401,
827,,1202,1402,
827,,1202,1501,
827,,1202,1502,
827,,1202,1709,
827,,1202,1710,
827,,1202,2029,
827,,1202,2030,
827,,1202,2031,
827,,1202,2032,
827,,1202,2033,
827,,1301,1107,
827,,1301,1108,
827,,1301,1109,
827,,1301,1110,
827,,1301,1707,
827,,1301,1708,
827,,1301,1709,
827,,1301,2024,
827,,1301,2025,
827,,1301,2026,
827,,1301,2027,
827,,1301,2028,
827,,1301,2029,
827,,1302,1107,
827,,1302,1108,
827,,1302,1109,
827,,1302,1706,
827,,1302,1707,
827,,1302,1708,
827,,1302,1709,
827,,1302,2024,
827,,1302,2025,
827,,1302,2026,
827,,1302,2027,
827,,1302,2028,
827,,1303,1107,
827,,1303,1108,
827,,1303,1706,
827,,1303,1707,
827,,1303,1708,
827,,1303,2024,
827,,1303,2025,
827,,1303,2026,
827,,1303,2027,
827,,1303,2028,
827,,1304,1107,
827,,1304,1108,
827,,1304,1706,
827,,1304,1707,
827,,1304,1708,
827,,1304,2023,
827,,1304,2024,
827,,1304,2025,
827,,1304,2026,
827,,1304,2027,
827,,1305,1107,
827,,1305,1108,
827,,1305,1706,
827,,1305,1707,
827,,1305,1708,
827,,1305,2023,
827,,1305,2024,
827,,1305,2025,
827,,1305,2026,
827,,1305,2027,
827,,1401,1007,
827,,1401,1008,
827,,1401,1009,
827,,1401,1010,
827,,1401,1011,
827,,1401,1012,
827,,1401,1013,
827,,1401,1014,
827,,1401,1201,
827,,1401,1202,
827,,1401,1709,
827,,1401,2021,
827,,1401,2022,
827,,1401,2023,
827,,1401,2024,
827,,1401,2025,
827,,1402,1010,
827,,1402,1011,
827,,1402,1012,
827,,1402,1013,
827,,1402,1014,
827,,1402,1015,
827,,1402,1201,
827,,1402,1202,
827,,1402,1708,
827,,1402,1709,
827,,1402,2020,
827,,1402,2021,
827,,1402,2022,
827,,1402,2023,
827,,1402,2024,
827,,1403,1014,
827,,1403,1015,
827,,1403,1016,
827,,1403,1017,
827,,1403,1018,
827,,1403,1706,
827,,1403,1707,
827,,1403,1708,
827,,1403,1709,
827,,1403,2001,
827,,1403,2002,
827,,1403,2018,
827,,1403,2019,
827,,1403,2020,
827,,1403,2021,
827,,1403,2022,
827,,1404,1015,
827,,1404,1016,
827,,1404,1017,
827,,1404,1018,
827,,1404,1019,
827,,1404,1020,
827,,1404,1706,
827,,1404,1707,
827,,1404,1708,
827,,1404,2001,
827,,1404,2002,
827,,1404,2003,
827,,1404,2016,
827,,1404,2017,
827,,1404,2018,
827,,1404,2019,
827,,1404,2020,
827,,1404,2021,
827,,1405,1016,
827,,1405,1017,
827,,1405,1018,
827,,1405,1019,
827,,1405,1020,
827,,1405,1021,
827,,1405,1022,
827,,1405,1706,
827,,1405,1707,
827,,1405,2001,
827,,1405,2002,
827,,1405,2003,
827,,1405,2004,
827,,1405,2005,
827,,1405,2014,
827,,1405,2015,
827,,1405,2016,
827,,1405,2017,
827,,1405,2018,
827,,1405,2019,
827,,1406,1017,
827,,1406,1018,
827,,1406,1019,
827,,1406,1020,
827,,1406,1021,
827,,1406,1022,
827,,1406,1705,
827,,1406,1706,
827,,1406,2001,
827,,1406,2002,
827,,1406,2003,
827,,1406,2004,
827,,1406,2005,
827,,1406,2013,
827,,1406,2014,
827,,1406,2015,
827,,1406,2016,
827,,1406,2017,
827,,1406,2018,
827,,1407,1018,
827,,1407,1019,
827,,1407,1020,
827,,1407,1021,
827,,1407,1022,
827,,1407,1023,
827,,1407,1705,
827,,1407,1706,
827,,1407,2001,
827,,1407,2002,
827,,1407,2003,
827,,1407,2004,
827,,1407,2005,
827,,1407,2006,
827,,1407,2013,
827,,1407,2014,
827,,1407,2015,
827,,1407,2016,
827,,1407,2017,
827,,1408,1020,
827,,1408,1021,
827,,1408,1022,
827,,1408,1023,
827,,1408,1024,
827,,1408,1025,
827,,1408,1704,
827,,1408,1705,
827,,1408,2003,
827,,1408,2004,
827,,1408,2005,
827,,1408,2006,
827,,1408,2007,
827,,1408,2012,
827,,1408,2013,
827,,1408,2014,
827,,1408,2015,
827,,1408,2016,
827,,1409,1021,
827,,1409,1022,
827,,1409,1023,
827,,1409,1024,
827,,1409,1025,
827,,1409,1026,
827,,1409,1704,
827,,1409,1705,
827,,1409,2004,
827,,1409,2005,
827,,1409,2006,
827,,1409,2007,
827,,1409,2008,
827,,1409,2011,
827,,1409,2012,
827,,1409,2013,
827,,1409,2014,
827,,1409,2015,
827,,1410,1023,
827,,1410,1024,
827,,1410,1025,
827,,1410,1026,
827,,1410,1027,
827,,1410,1125,
827,,1410,1126,
827,,1410,1608,
827,,1410,1703,
827,,1410,1704,
827,,1410,1705,
827,,1410,2006,
827,,1410,2007,
827,,1410,2008,
827,,1410,2009,
827,,1410,2010,
827,,1410,2011,
827,,1410,2012,
827,,1410,2013,
827,,1501,1007,
827,,1501,1008,
827,,1501,1009,
827,,1501,1010,
827,,1501,1011,
827,,1501,1012,
827,,1501,1013,
827,,1501,1014,
827,,1501,1201,
827,,1501,1202,
827,,1501,1709,
827,,1501,2021,
827,,1501,2022,
827,,1501,2023,
827,,1501,2024,
827,,1501,2025,
827,,1502,1010,
827,,1502,1011,
827,,1502,1012,
827,,1502,1013,
827,,1502,1014,
827,,1502,1015,
827,,1502,1201,
827,,1502,1202,
827,,1502,1708,
827,,1502,1709,
827,,1502,2020,
827,,1502,2021,
827,,1502,2022,
827,,1502,2023,
827,,1502,2024,
827,,1503,1014,
827,,1503,1015,
827,,1503,1016,
827,,1503,1017,
827,,1503,1018,
827,,1503,1706,
827,,1503,1707,
827,,1503,1708,
827,,1503,1709,
827,,1503,2001,
827,,1503,2002,
827,,1503,2018,
827,,1503,2019,
827,,1503,2020,
827,,1503,2021,
827,,1503,2022,
827,,1504,1015,
827,,1504,1016,
827,,1504,1017,
827,,1504,1018,
827,,1504,1019,
827,,1504,1020,
827,,1504,1706,
827,,1504,1707,
827,,1504,1708,
827,,1504,2001,
827,,1504,2002,
827,,1504,2003,
827,,1504,2016,
827,,1504,2017,
827,,1504,2018,
827,,1504,2019,
827,,1504,2020,
827,,1505,1015,
827,,1505,1016,
827,,1505,1017,
827,,1505,1018,
827,,1505,1019,
827,,1505,1020,
827,,1505,1021,
827,,1505,1706,
827,,1505,1707,
827,,1505,2001,
827,,1505,2002,
827,,1505,2003,
827,,1505,2004,
827,,1505,2014,
827,,1505,2015,
827,,1505,2016,
827,,1505,2017,
827,,1505,2018,
827,,1505,2019,
827,,1506,1016,
827,,1506,1017,
827,,1506,1018,
827,,1506,1019,
827,,1506,1020,
827,,1506,1021,
827,,1506,1022,
827,,1506,1706,
827,,1506,1707,
827,,1506,2001,
827,,1506,2002,
827,,1506,2003,
827,,1506,2004,
827,,1506,2005,
827,,1506,2014,
827,,1506,2015,
827,,1506,2016,
827,,1506,2017,
827,,1506,2018,
827,,1506,2019,
827,,1507,1017,
827,,1507,1018,
827,,1507,1019,
827,,1507,1020,
827,,1507,1021,
827,,1507,1022,
827,,1507,1705,
827,,1507,1706,
827,,1507,2001,
827,,1507,2002,
827,,1507,2003,
827,,1507,2004,
827,,1507,2005,
827,,1507,2013,
827,,1507,2014,
827,,1507,2015,
827,,1507,2016,
827,,1507,2017,
827,,1507,2018,
827,,1508,1018,
827,,1508,1019,
827,,1508,1020,
827,,1508,1021,
827,,1508,1022,
827,,1508,1023,
827,,1508,1024,
827,,1508,1705,
827,,1508,1706,
827,,1508,2001,
827,,1508,2002,
827,,1508,2003,
827,,1508,2004,
827,,1508,2005,
827,,1508,2006,
827,,1508,2012,
827,,1508,2013,
827,,1508,2014,
827,,1508,2015,
827,,1508,2016,
827,,1508,2017,
827,,1509,1022,
827,,1509,1023,
827,,1509,1024,
827,,1509,1025,
827,,1509,1026,
827,,1509,1704,
827,,1509,1705,
827,,1509,2005,
827,,1509,2006,
827,,1509,2007,
827,,1509,2008,
827,,1509,2009,
827,,1509,2011,
827,,1509,2012,
827,,1509,2013,
827,,1509,2014,
827,,1601,1022,
827,,1601,1023,
827,,1601,1024,
827,,1601,1025,
827,,1601,1026,
827,,1601,1704,
827,,1601,1705,
827,,1601,2005,
827,,1601,2006,
827,,1601,2007,
827,,1601,2008,
827,,1601,2009,
827,,1601,2011,
827,,1601,2012,
827,,1601,2013,
827,,1601,2014,
827,,1602,1023,
827,,1602,1024,
827,,1602,1025,
827,,1602,1026,
827,,1602,1027,
827,,1602,1028,
827,,1602,1702,
827,,1602,1703,
827,,1602,1704,
827,,1602,2006,
827,,1602,2007,
827,,1602,2008,
827,,1602,2009,
827,,1602,2010,
827,,1602,2011,
827,,1602,2012,
827,,1603,1025,
827,,1603,1026,
827,,1603,1027,
827,,1603,1028,
827,,1603,1029,
827,,1603,1702,
827,,1603,1703,
827,,1603,1704,
827,,1603,2007,
827,,1603,2008,
827,,1603,2009,
827,,1603,2010,
827,,1603,2011,
827,,1604,1027,
827,,1604,1028,
827,,1604,1029,
827,,1604,1030,
827,,1604,1101,
827,,1604,1102,
827,,1604,1701,
827,,1604,1702,
827,,1604,1703,
827,,1604,2010,
827,,1605,1029,
827,,1605,1030,
827,,1605,1101,
827,,1605,1102,
827,,1605,1103,
827,,1605,1701,
827,,1605,1702,
827,,1606,1030,
827,,1606,1101,
827,,1606,1102,
827,,1606,1103,
827,,1606,1701,
827,,1607,1102,
827,,1607,1103,
827,,1608,1103,
827,,1608,1104,
827,,1608,1105,
827,,1608,1410,
827,,1701,1121,
827,,1701,1122,
827,,1701,1123,
827,,1701,1124,
827,,1701,1604,
827,,1701,1605,
827,,1701,1606,
827,,1701,1717,
827,,1701,1718,
827,,1701,1719,
827,,1701,1720,
827,,1701,1806,
827,,1701,1807,
827,,1701,1808,
827,,1701,1809,
827,,1701,1810,
827,,1702,1121,
827,,1702,1122,
827,,1702,1123,
827,,1702,1602,
827,,1702,1603,
827,,1702,1604,
827,,1702,1605,
827,,1702,1718,
827,,1702,1719,
827,,1702,1720,
827,,1702,1808,
827,,1702,1809,
827,,1702,1810,
827,,1702,1811,
827,,1703,1120,
827,,1703,1121,
827,,1703,1122,
827,,1703,1410,
827,,1703,1602,
827,,1703,1603,
827,,1703,1604,
827,,1703,1719,
827,,1703,1720,
827,,1703,1721,
827,,1703,1808,
827,,1703,1809,
827,,1703,1810,
827,,1703,1811,
827,,1704,1118,
827,,1704,1119,
827,,1704,1120,
827,,1704,1408,
827,,1704,1409,
827,,1704,1410,
827,,1704,1509,
827,,1704,1601,
827,,1704,1602,
827,,1704,1603,
827,,1704,1721,
827,,1704,1722,
827,,1704,1811,
827,,1704,2033,
827,,1704,2034,
827,,1704,2035,
827,,1705,1117,
827,,1705,1118,
827,,1705,1119,
827,,1705,1406,
827,,1705,1407,
827,,1705,1408,
827,,1705,1409,
827,,1705,1410,
827,,1705,1507,
827,,1705,1508,
827,,1705,1509,
827,,1705,1601,
827,,1705,1721,
827,,1705,1722,
827,,1705,1723,
827,,1705,2032,
827,,1705,2033,
827,,1705,2034,
827,,1705,2035,
827,,1706,1001,
827,,1706,1002,
827,,1706,1003,
827,,1706,1113,
827,,1706,1114,
827,,1706,1115,
827,,1706,1116,
827,,1706,1117,
827,,1706,1302,
827,,1706,1303,
827,,1706,1304,
827,,1706,1305,
827,,1706,1403,
827,,1706,1404,
827,,1706,1405,
827,,1706,1406,
827,,1706,1407,
827,,1706,1503,
827,,1706,1504,
827,,1706,1505,
827,,1706,1506,
827,,1706,1507,
827,,1706,1508,
827,,1706,1723,
827,,1706,1724,
827,,1706,1725,
827,,1706,1901,
827,,1706,1902,
827,,1706,2028,
827,,1706,2029,
827,,1706,2030,
827,,1706,2031,
827,,1706,2032,
827,,1707,1001,
827,,1707,1002,
827,,1707,1003,
827,,1707,1004,
827,,1707,1005,
827,,1707,1006,
827,,1707,1112,
827,,1707,1113,
827,,1707,1114,
827,,1707,1115,
827,,1707,1116,
827,,1707,1301,
827,,1707,1302,
827,,1707,1303,
827,,1707,1304,
827,,1707,1305,
827,,1707,1403,
827,,1707,1404,
827,,1707,1405,
827,,1707,1503,
827,,1707,1504,
827,,1707,1505,
827,,1707,1506,
827,,1707,1724,
827,,1707,1725,
827,,1707,1901,
827,,1707,1902,
827,,1707,1903,
827,,1707,2026,
827,,1707,2027,
827,,1707,2028,
827,,1707,2029,
827,,1707,2030,
827,,1707,2031,
827,,1708,1001,
827,,1708,1002,
827,,1708,1003,
827,,1708,1004,
827,,1708,1005,
827,,1708,1006,
827,,1708,1007,
827,,1708,1008,
827,,1708,1112,
827,,1708,1113,
827,,1708,1114,
827,,1708,1115,
827,,1708,1301,
827,,1708,1302,
827,,1708,1303,
827,,1708,1304,
827,,1708,1305,
827,,1708,1402,
827,,1708,1403,
827,,1708,1404,
827,,1708,1502,
827,,1708,1503,
827,,1708,1504,
827,,1708,1724,
827,,1708,1725,
827,,1708,1726,
827,,1708,1901,
827,,1708,1902,
827,,1708,1903,
827,,1708,1904,
827,,1708,2025,
827,,1708,2026,
827,,1708,2027,
827,,1708,2028,
827,,1708,2029,
827,,1708,2030,
827,,1709,1002,
827,,1709,1003,
827,,1709,1004,
827,,1709,1005,
827,,1709,1006,
827,,1709,1007,
827,,1709,1008,
827,,1709,1009,
827,,1709,1010,
827,,1709,1011,
827,,1709,1110,
827,,1709,1111,
827,,1709,1112,
827,,1709,1202,
827,,1709,1301,
827,,1709,1302,
827,,1709,1401,
827,,1709,1402,
827,,1709,1403,
827,,1709,1501,
827,,1709,1502,
827,,1709,1503,
827,,1709,1726,
827,,1709,1903,
827,,1709,1904,
827,,1709,1905,
827,,1709,1906,
827,,1709,2024,
827,,1709,2025,
827,,1709,2026,
827,,1709,2027,
827,,1710,1011,
827,,1710,1012,
827,,1710,1013,
827,,1710,1014,
827,,1710,1015,
827,,1710,1016,
827,,1710,1108,
827,,1710,1109,
827,,1710,1110,
827,,1710,1201,
827,,1710,1202,
827,,1710,1906,
827,,1710,1907,
827,,1710,1908,
827,,1710,1909,
827,,1710,2019,
827,,1710,2020,
827,,1710,2021,
827,,1710,2022,
827,,1710,2023,
827,,1711,1013,
827,,1711,1014,
827,,1711,1015,
827,,1711,1016,
827,,1711,1017,
827,,1711,1018,
827,,1711,1107,
827,,1711,1108,
827,,1711,1109,
827,,1711,1201,
827,,1711,1908,
827,,1711,1909,
827,,1711,2001,
827,,1711,2018,
827,,1711,2019,
827,,1711,2020,
827,,1711,2021,
827,,1711,2022,
827,,1712,1015,
827,,1712,1016,
827,,1712,1017,
827,,1712,1018,
827,,1712,1019,
827,,1712,1020,
827,,1712,1021,
827,,1712,1106,
827,,1712,1107,
827,,1712,2001,
827,,1712,2002,
827,,1712,2003,
827,,1712,2004,
827,,1712,2005,
827,,1712,2014,
827,,1712,2015,
827,,1712,2016,
827,,1712,2017,
827,,1712,2018,
827,,1712,2019,
827,,1713,1017,
827,,1713,1018,
827,,1713,1019,
827,,1713,1020,
827,,1713,1021,
827,,1713,1022,
827,,1713,1023,
827,,1713,1105,
827,,1713,1106,
827,,1713,1107,
827,,1713,2001,
827,,1713,2002,
827,,1713,2003,
827,,1713,2004,
827,,1713,2005,
827,,1713,2006,
827,,1713,2013,
827,,1713,2014,
827,,1713,2015,
827,,1713,2016,
827,,1713,2017,
827,,1713,2018,
827,,1714,1019,
827,,1714,1020,
827,,1714,1021,
827,,1714,1022,
827,,1714,1023,
827,,1714,1024,
827,,1714,1104,
827,,1714,1105,
827,,1714,1106,
827,,1714,2002,
827,,1714,2003,
827,,1714,2004,
827,,1714,2005,
827,,1714,2006,
827,,1714,2012,
827,,1714,2013,
827,,1714,2014,
827,,1714,2015,
827,,1714,2016,
827,,1714,2017,
827,,1715,1021,
827,,1715,1022,
827,,1715,1023,
827,,1715,1024,
827,,1715,1025,
827,,1715,1026,
827,,1715,1104,
827,,1715,1105,
827,,1715,1106,
827,,1715,2004,
827,,1715,2005,
827,,1715,2006,
827,,1715,2007,
827,,1715,2008,
827,,1715,2011,
827,,1715,2012,
827,,1715,2013,
827,,1715,2014,
827,,1715,2015,
827,,1716,1023,
827,,1716,1024,
827,,1716,1025,
827,,1716,1026,
827,,1716,1027,
827,,1716,1028,
827,,1716,1103,
827,,1716,1104,
827,,1716,2006,
827,,1716,2007,
827,,1716,2008,
827,,1716,2009,
827,,1716,2010,
827,,1716,2011,
827,,1716,2012,
827,,1716,2013,
827,,1717,1026,
827,,1717,1027,
827,,1717,1028,
827,,1717,1029,
827,,1717,1030,
827,,1717,1101,
827,,1717,1102,
827,,1717,1103,
827,,1717,1701,
827,,1717,2008,
827,,1717,2009,
827,,1717,2010,
827,,1717,2011,
827,,1718,1027,
827,,1718,1028,
827,,1718,1029,
827,,1718,1030,
827,,1718,1101,
827,,1718,1102,
827,,1718,1701,
827,,1718,1702,
827,,1718,2010,
827,,1719,1029,
827,,1719,1030,
827,,1719,1101,
827,,1719,1102,
827,,1719,1701,
827,,1719,1702,
827,,1719,1703,
827,,1720,1030,
827,,1720,1101,
827,,1720,1701,
827,,1720,1702,
827,,1720,1703,
827,,1721,1703,
827,,1721,1704,
827,,1721,1705,
827,,1722,1704,
827,,1722,1705,
827,,1723,1705,
827,,1723,1706,
827,,1724,1706,
827,,1724,1707,
827,,1724,1708,
827,,1724,1810,
827,,1724,1811,
827,,1725,1706,
827,,1725,1707,
827,,1725,1708,
827,,1725,1809,
827,,1725,1810,
827,,1725,1811,
827,,1726,1708,
827,,1726,1709,
827,,1726,1807,
827,,1726,1808,
827,,1726,1809,
827,,1726,1810,
827,,1801,1017,
827,,1801,1018,
827,,1801,1019,
827,,1801,1020,
827,,1801,1021,
827,,1801,1022,
827,,1801,1023,
827,,1801,1105,
827,,1801,1106,
827,,1801,1107,
827,,1801,2001,
827,,1801,2002,
827,,1801,2003,
827,,1801,2004,
827,,1801,2005,
827,,1801,2006,
827,,1801,2013,
827,,1801,2014,
827,,1801,2015,
827,,1801,2016,
827,,1801,2017,
827,,1801,2018,
827,,1802,1019,
827,,1802,1020,
827,,1802,1021,
827,,1802,1022,
827,,1802,1023,
827,,1802,1024,
827,,1802,1104,
827,,1802,1105,
827,,1802,1106,
827,,1802,2002,
827,,1802,2003,
827,,1802,2004,
827,,1802,2005,
827,,1802,2006,
827,,1802,2012,
827,,1802,2013,
827,,1802,2014,
827,,1802,2015,
827,,1802,2016,
827,,1802,2017,
827,,1803,1020,
827,,1803,1021,
827,,1803,1022,
827,,1803,1023,
827,,1803,1024,
827,,1803,1025,
827,,1803,1104,
827,,1803,1105,
827,,1803,1106,
827,,1803,2004,
827,,1803,2005,
827,,1803,2006,
827,,1803,2007,
827,,1803,2008,
827,,1803,2011,
827,,1803,2012,
827,,1803,2013,
827,,1803,2014,
827,,1803,2015,
827,,1803,2016,
827,,1804,1023,
827,,1804,1024,
827,,1804,1025,
827,,1804,1026,
827,,1804,1027,
827,,1804,1103,
827,,1804,1104,
827,,1804,1105,
827,,1804,1908,
827,,1804,1909,
827,,1804,2006,
827,,1804,2007,
827,,1804,2008,
827,,1804,2009,
827,,1804,2010,
827,,1804,2011,
827,,1804,2012,
827,,1804,2013,
827,,1805,1024,
827,,1805,1025,
827,,1805,1026,
827,,1805,1027,
827,,1805,1028,
827,,1805,1029,
827,,1805,1102,
827,,1805,1103,
827,,1805,1104,
827,,1805,1905,
827,,1805,1906,
827,,1805,1907,
827,,1805,1908,
827,,1805,1909,
827,,1805,2007,
827,,1805,2008,
827,,1805,2009,
827,,1805,2010,
827,,1805,2011,
827,,1805,2012,
827,,1806,1026,
827,,1806,1027,
827,,1806,1028,
827,,1806,1029,
827,,1806,1030,
827,,1806,1101,
827,,1806,1102,
827,,1806,1103,
827,,1806,1701,
827,,1806,1905,
827,,1806,1906,
827,,1806,1907,
827,,1806,1908,
827,,1806,1909,
827,,1806,2008,
827,,1806,2009,
827,,1806,2010,
827,,1806,2011,
827,,1807,1027,
827,,1807,1028,
827,,1807,1029,
827,,1807,1030,
827,,1807,1101,
827,,1807,1102,
827,,1807,1103,
827,,1807,1701,
827,,1807,1726,
827,,1807,1904,
827,,1807,1905,
827,,1807,1906,
827,,1807,1907,
827,,1807,1908,
827,,1807,2009,
827,,1807,2010,
827,,1808,1029,
827,,1808,1030,
827,,1808,1101,
827,,1808,1102,
827,,1808,1701,
827,,1808,1702,
827,,1808,1703,
827,,1808,1726,
827,,1808,1903,
827,,1808,1904,
827,,1808,1905,
827,,1808,1906,
827,,1809,1030,
827,,1809,1101,
827,,1809,1701,
827,,1809,1702,
827,,1809,1703,
827,,1809,1725,
827,,1809,1726,
827,,1809,1902,
827,,1809,1903,
827,,1809,1904,
827,,1809,1905,
827,,1810,1030,
827,,1810,1101,
827,,1810,1701,
827,,1810,1702,
827,,1810,1703,
827,,1810,1724,
827,,1810,1725,
827,,1810,1726,
827,,1810,1901,
827,,1810,1902,
827,,1810,1903,
827,,1810,1904,
827,,1811,1702,
827,,1811,1703,
827,,1811,1704,
827,,1811,1724,
827,,1811,1725,
827,,1811,1901,
827,,1811,1902,
827,,1811,1903,
827,,1901,1706,
827,,1901,1707,
827,,1901,1708,
827,,1901,1810,
827,,1901,1811,
827,,1902,1706,
827,,1902,1707,
827,,1902,1708,
827,,1902,1809,
827,,1902,1810,
827,,1902,1811,
827,,1903,1707,
827,,1903,1708,
827,,1903,1709,
827,,1903,1808,
827,,1903,1809,
827,,1903,1810,
827,,1903,1811,
827,,1904,1708,
827,,1904,1709,
827,,1904,1807,
827,,1904,1808,
827,,1904,1809,
827,,1904,1810,
827,,1905,1709,
827,,1905,1805,
827,,1905,1806,
827,,1905,1807,
827,,1905,1808,
827,,1905,1809,
827,,1906,1709,
827,,1906,1710,
827,,1906,1805,
827,,1906,1806,
827,,1906,1807,
827,,1906,1808,
827,,1907,1710,
827,,1907,1805,
827,,1907,1806,
827,,1907,1807,
827,,1908,1710,
827,,1908,1711,
827,,1908,1804,
827,,1908,1805,
827,,1908,1806,
827,,1908,1807,
827,,1909,1710,
827,,1909,1711,
827,,1909,1804,
827,,1909,1805,
827,,1909,1806,
827,,2001,1113,
827,,2001,1114,
827,,2001,1115,
827,,2001,1116,
827,,2001,1117,
827,,2001,1403,
827,,2001,1404,
827,,2001,1405,
827,,2001,1406,
827,,2001,1407,
827,,2001,1503,
827,,2001,1504,
827,,2001,1505,
827,,2001,1506,
827,,2001,1507,
827,,2001,1508,
827,,2001,1711,
827,,2001,1712,
827,,2001,1713,
827,,2001,1801,
827,,2001,2033,
827,,2001,2034,
827,,2001,2035,
827,,2002,1113,
827,,2002,1114,
827,,2002,1115,
827,,2002,1116,
827,,2002,1117,
827,,2002,1403,
827,,2002,1404,
827,,2002,1405,
827,,2002,1406,
827,,2002,1407,
827,,2002,1503,
827,,2002,1504,
827,,2002,1505,
827,,2002,1506,
827,,2002,1507,
827,,2002,1508,
827,,2002,1712,
827,,2002,1713,
827,,2002,1714,
827,,2002,1801,
827,,2002,1802,
827,,2002,2034,
827,,2002,2035,
827,,2003,1114,
827,,2003,1115,
827,,2003,1116,
827,,2003,1117,
827,,2003,1118,
827,,2003,1404,
827,,2003,1405,
827,,2003,1406,
827,,2003,1407,
827,,2003,1408,
827,,2003,1504,
827,,2003,1505,
827,,2003,1506,
827,,2003,1507,
827,,2003,1508,
827,,2003,1712,
827,,2003,1713,
827,,2003,1714,
827,,2003,1801,
827,,2003,1802,
827,,2003,2035,
827,,2004,1115,
827,,2004,1116,
827,,2004,1117,
827,,2004,1118,
827,,2004,1405,
827,,2004,1406,
827,,2004,1407,
827,,2004,1408,
827,,2004,1409,
827,,2004,1505,
827,,2004,1506,
827,,2004,1507,
827,,2004,1508,
827,,2004,1712,
827,,2004,1713,
827,,2004,1714,
827,,2004,1715,
827,,2004,1801,
827,,2004,1802,
827,,2004,1803,
827,,2005,1116,
827,,2005,1117,
827,,2005,1118,
827,,2005,1119,
827,,2005,1405,
827,,2005,1406,
827,,2005,1407,
827,,2005,1408,
827,,2005,1409,
827,,2005,1506,
827,,2005,1507,
827,,2005,1508,
827,,2005,1509,
827,,2005,1601,
827,,2005,1712,
827,,2005,1713,
827,,2005,1714,
827,,2005,1715,
827,,2005,1801,
827,,2005,1802,
827,,2005,1803,
827,,2006,1118,
827,,2006,1119,
827,,2006,1120,
827,,2006,1407,
827,,2006,1408,
827,,2006,1409,
827,,2006,1410,
827,,2006,1508,
827,,2006,1509,
827,,2006,1601,
827,,2006,1602,
827,,2006,1713,
827,,2006,1714,
827,,2006,1715,
827,,2006,1716,
827,,2006,1801,
827,,2006,1802,
827,,2006,1803,
827,,2006,1804,
827,,2007,1118,
827,,2007,1119,
827,,2007,1120,
827,,2007,1408,
827,,2007,1409,
827,,2007,1410,
827,,2007,1509,
827,,2007,1601,
827,,2007,1602,
827,,2007,1603,
827,,2007,1715,
827,,2007,1716,
827,,2007,1803,
827,,2007,1804,
827,,2007,1805,
827,,2008,1119,
827,,2008,1120,
827,,2008,1121,
827,,2008,1409,
827,,2008,1410,
827,,2008,1509,
827,,2008,1601,
827,,2008,1602,
827,,2008,1603,
827,,2008,1715,
827,,2008,1716,
827,,2008,1717,
827,,2008,1803,
827,,2008,1804,
827,,2008,1805,
827,,2008,1806,
827,,2009,1119,
827,,2009,1120,
827,,2009,1121,
827,,2009,1122,
827,,2009,1410,
827,,2009,1509,
827,,2009,1601,
827,,2009,1602,
827,,2009,1603,
827,,2009,1716,
827,,2009,1717,
827,,2009,1804,
827,,2009,1805,
827,,2009,1806,
827,,2009,1807,
827,,2010,1120,
827,,2010,1121,
827,,2010,1122,
827,,2010,1410,
827,,2010,1602,
827,,2010,1603,
827,,2010,1604,
827,,2010,1716,
827,,2010,1717,
827,,2010,1718,
827,,2010,1804,
827,,2010,1805,
827,,2010,1806,
827,,2010,1807,
827,,2011,1119,
827,,2011,1120,
827,,2011,1121,
827,,2011,1409,
827,,2011,1410,
827,,2011,1509,
827,,2011,1601,
827,,2011,1602,
827,,2011,1603,
827,,2011,1715,
827,,2011,1716,
827,,2011,1717,
827,,2011,1803,
827,,2011,1804,
827,,2011,1805,
827,,2011,1806,
827,,2012,1118,
827,,2012,1119,
827,,2012,1120,
827,,2012,1408,
827,,2012,1409,
827,,2012,1410,
827,,2012,1508,
827,,2012,1509,
827,,2012,1601,
827,,2012,1602,
827,,2012,1714,
827,,2012,1715,
827,,2012,1716,
827,,2012,1802,
827,,2012,1803,
827,,2012,1804,
827,,2012,1805,
827,,2013,1117,
827,,2013,1118,
827,,2013,1119,
827,,2013,1406,
827,,2013,1407,
827,,2013,1408,
827,,2013,1409,
827,,2013,1410,
827,,2013,1507,
827,,2013,1508,
827,,2013,1509,
827,,2013,1601,
827,,2013,1713,
827,,2013,1714,
827,,2013,1715,
827,,2013,1716,
827,,2013,1801,
827,,2013,1802,
827,,2013,1803,
827,,2013,1804,
827,,2014,1116,
827,,2014,1117,
827,,2014,1118,
827,,2014,1119,
827,,2014,1405,
827,,2014,1406,
827,,2014,1407,
827,,2014,1408,
827,,2014,1409,
827,,2014,1505,
827,,2014,1506,
827,,2014,1507,
827,,2014,1508,
827,,2014,1509,
827,,2014,1601,
827,,2014,1712,
827,,2014,1713,
827,,2014,1714,
827,,2014,1715,
827,,2014,1801,
827,,2014,1802,
827,,2014,1803,
827,,2015,1115,
827,,2015,1116,
827,,2015,1117,
827,,2015,1118,
827,,2015,1405,
827,,2015,1406,
827,,2015,1407,
827,,2015,1408,
827,,2015,1409,
827,,2015,1505,
827,,2015,1506,
827,,2015,1507,
827,,2015,1508,
827,,2015,1712,
827,,2015,1713,
827,,2015,1714,
827,,2015,1715,
827,,2015,1801,
827,,2015,1802,
827,,2015,1803,
827,,2016,1114,
827,,2016,1115,
827,,2016,1116,
827,,2016,1117,
827,,2016,1118,
827,,2016,1404,
827,,2016,1405,
827,,2016,1406,
827,,2016,1407,
827,,2016,1408,
827,,2016,1504,
827,,2016,1505,
827,,2016,1506,
827,,2016,1507,
827,,2016,1508,
827,,2016,1712,
827,,2016,1713,
827,,2016,1714,
827,,2016,1801,
827,,2016,1802,
827,,2016,1803,
827,,2017,1114,
827,,2017,1115,
827,,2017,1116,
827,,2017,1117,
827,,2017,1118,
827,,2017,1404,
827,,2017,1405,
827,,2017,1406,
827,,2017,1407,
827,,2017,1504,
827,,2017,1505,
827,,2017,1506,
827,,2017,1507,
827,,2017,1508,
827,,2017,1712,
827,,2017,1713,
827,,2017,1714,
827,,2017,1801,
827,,2017,1802,
827,,2018,1113,
827,,2018,1114,
827,,2018,1115,
827,,2018,1116,
827,,2018,1117,
827,,2018,1403,
827,,2018,1404,
827,,2018,1405,
827,,2018,1406,
827,,2018,1503,
827,,2018,1504,
827,,2018,1505,
827,,2018,1506,
827,,2018,1507,
827,,2018,1711,
827,,2018,1712,
827,,2018,1713,
827,,2018,1801,
827,,2019,1112,
827,,2019,1113,
827,,2019,1114,
827,,2019,1115,
827,,2019,1116,
827,,2019,1403,
827,,2019,1404,
827,,2019,1405,
827,,2019,1503,
827,,2019,1504,
827,,2019,1505,
827,,2019,1506,
827,,2019,1710,
827,,2019,1711,
827,,2019,1712,
827,,2020,1112,
827,,2020,1113,
827,,2020,1114,
827,,2020,1115,
827,,2020,1402,
827,,2020,1403,
827,,2020,1404,
827,,2020,1502,
827,,2020,1503,
827,,2020,1504,
827,,2020,1710,
827,,2020,1711,
827,,2021,1111,
827,,2021,1112,
827,,2021,1113,
827,,2021,1401,
827,,2021,1402,
827,,2021,1403,
827,,2021,1404,
827,,2021,1501,
827,,2021,1502,
827,,2021,1503,
827,,2021,1710,
827,,2021,1711,
827,,2022,1110,
827,,2022,1111,
827,,2022,1112,
827,,2022,1113,
827,,2022,1401,
827,,2022,1402,
827,,2022,1403,
827,,2022,1501,
827,,2022,1502,
827,,2022,1503,
827,,2022,1710,
827,,2022,1711,
827,,2023,1110,
827,,2023,1111,
827,,2023,1112,
827,,2023,1304,
827,,2023,1305,
827,,2023,1401,
827,,2023,1402,
827,,2023,1501,
827,,2023,1502,
827,,2023,1710,
827,,2024,1001,
827,,2024,1002,
827,,2024,1003,
827,,2024,1004,
827,,2024,1109,
827,,2024,1110,
827,,2024,1111,
827,,2024,1301,
827,,2024,1302,
827,,2024,1303,
827,,2024,1304,
827,,2024,1305,
827,,2024,1401,
827,,2024,1402,
827,,2024,1501,
827,,2024,1502,
827,,2024,1709,
827,,2025,1001,
827,,2025,1002,
827,,2025,1003,
827,,2025,1004,
827,,2025,1005,
827,,2025,1006,
827,,2025,1007,
827,,2025,1108,
827,,2025,1109,
827,,2025,1110,
827,,2025,1111,
827,,2025,1301,
827,,2025,1302,
827,,2025,1303,
827,,2025,1304,
827,,2025,1305,
827,,2025,1401,
827,,2025,1501,
827,,2025,1708,
827,,2025,1709,
827,,2026,1001,
827,,2026,1002,
827,,2026,1003,
827,,2026,1004,
827,,2026,1005,
827,,2026,1006,
827,,2026,1007,
827,,2026,1008,
827,,2026,1009,
827,,2026,1108,
827,,2026,1109,
827,,2026,1110,
827,,2026,1301,
827,,2026,1302,
827,,2026,1303,
827,,2026,1304,
827,,2026,1305,
827,,2026,1707,
827,,2026,1708,
827,,2026,1709,
827,,2027,1001,
827,,2027,1002,
827,,2027,1003,
827,,2027,1004,
827,,2027,1005,
827,,2027,1006,
827,,2027,1007,
827,,2027,1008,
827,,2027,1009,
827,,2027,1107,
827,,2027,1108,
827,,2027,1109,
827,,2027,1110,
827,,2027,1301,
827,,2027,1302,
827,,2027,1303,
827,,2027,1304,
827,,2027,1305,
827,,2027,1707,
827,,2027,1708,
827,,2027,1709,
827,,2028,1002,
827,,2028,1003,
827,,2028,1004,
827,,2028,1005,
827,,2028,1006,
827,,2028,1007,
827,,2028,1008,
827,,2028,1009,
827,,2028,1010,
827,,2028,1011,
827,,2028,1107,
827,,2028,1108,
827,,2028,1301,
827,,2028,1302,
827,,2028,1303,
827,,2028,1706,
827,,2028,1707,
827,,2028,1708,
827,,2029,1004,
827,,2029,1005,
827,,2029,1006,
827,,2029,1007,
827,,2029,1008,
827,,2029,1009,
827,,2029,1010,
827,,2029,1011,
827,,2029,1012,
827,,2029,1013,
827,,2029,1107,
827,,2029,1108,
827,,2029,1201,
827,,2029,1202,
827,,2029,1301,
827,,2029,1706,
827,,2029,1707,
827,,2029,1708,
827,,2030,1006,
827,,2030,1007,
827,,2030,1008,
827,,2030,1009,
827,,2030,1010,
827,,2030,1011,
827,,2030,1012,
827,,2030,1013,
827,,2030,1106,
827,,2030,1107,
827,,2030,1108,
827,,2030,1201,
827,,2030,1202,
827,,2030,1706,
827,,2030,1707,
827,,2030,1708,
827,,2031,1007,
827,,2031,1008,
827,,2031,1009,
827,,2031,1010,
827,,2031,1011,
827,,2031,1012,
827,,2031,1013,
827,,2031,1014,
827,,2031,1106,
827,,2031,1107,
827,,2031,1201,
827,,2031,1202,
827,,2031,1706,
827,,2031,1707,
827,,2032,1010,
827,,2032,1011,
827,,2032,1012,
827,,2032,1013,
827,,2032,1014,
827,,2032,1015,
827,,2032,1016,
827,,2032,1105,
827,,2032,1106,
827,,2032,1201,
827,,2032,1202,
827,,2032,1705,
827,,2032,1706,
827,,2033,1012,
827,,2033,1013,
827,,2033,1014,
827,,2033,1015,
827,,2033,1016,
827,,2033,1017,
827,,2033,1104,
827,,2033,1105,
827,,2033,1106,
827,,2033,1201,
827,,2033,1202,
827,,2033,1704,
827,,2033,1705,
827,,2033,2001,
827,,2034,1014,
827,,2034,1015,
827,,2034,1016,
827,,2034,1017,
827,,2034,1018,
827,,2034,1104,
827,,2034,1105,
827,,2034,1106,
827,,2034,1704,
827,,2034,1705,
827,,2034,2001,
827,,2034,2002,
827,,2035,1014,
827,,2035,1015,
827,,2035,1016,
827,,2035,1017,
827,,2035,1018,
827,,2035,1019,
827,,2035,1104,
827,,2035,1105,
827,,2035,1704,
827,,2035,1705,
827,,2035,2001,
827,,2035,2002,
827,,2035,2003,
827,,2101,2133,
827,,2101,2134,
827,,2101,2135,
827,,2102,2133,
827,,2102,2134,
827,,2102,2135,
827,,2102,2136,
827,,2103,2133,
827,,2103,2134,
827,,2103,2135,
827,,2103,2136,
827,,2104,2133,
827,,2104,2134,
827,,2104,2135,
827,,2104,2136,
827,,2105,2133,
827,,2105,2134,
827,,2105,2135,
827,,2105,2136,
827,,2105,2137,
827,,2106,2134,
827,,2106,2135,
827,,2106,2136,
827,,2106,2137,
827,,2106,2138,
827,,2107,2134,
827,,2107,2135,
827,,2107,2136,
827,,2107,2137,
827,,2107,2138,
827,,2107,2139,
827,,2108,2135,
827,,2108,2136,
827,,2108,2137,
827,,2108,2138,
827,,2108,2139,
827,,2109,2136,
827,,2109,2137,
827,,2109,2138,
827,,2109,2139,
827,,2110,2136,
827,,2110,2137,
827,,2110,2138,
827,,2110,2139,
827,,2111,2137,
827,,2111,2138,
827,,2111,2139,
827,,2112,2138,
827,,2112,2139,
827,,2133,2101,
827,,2133,2102,
827,,2133,2103,
827,,2133,2104,
827,,2133,2105,
827,,2134,2101,
827,,2134,2102,
827,,2134,2103,
827,,2134,2104,
827,,2134,2105,
827,,2134,2106,
827,,2134,2107,
827,,2135,2101,
827,,2135,2102,
827,,2135,2103,
827,,2135,2104,
827,,2135,2105,
827,,2135,2106,
827,,2135,2107,
827,,2135,2108,
827,,2136,2102,
827,,2136,2103,
827,,2136,2104,
827,,2136,2105,
827,,2136,2106,
827,,2136,2107,
827,,2136,2108,
827,,2136,2109,
827,,2136,2110,
827,,2137,2105,
827,,2137,2106,
827,,2137,2107,
827,,2137,2108,
827,,2137,2109,
827,,2137,2110,
827,,2137,2111,
827,,2138,2106,
827,,2138,2107,
827,,2138,2108,
827,,2138,2109,
827,,2138,2110,
827,,2138,2111,
827,,2138,2112,
827,,2139,2107,
827,,2139,2108,
827,,2139,2109,
827,,2139,2110,
827,,2139,2111,
827,,2139,2112,
912,,1001,1109,
912,,1001,1110,
912,,1001,1111,
912,,1001,1112,
912,,1001,1401,
912,,1001,1402,
912,,1001,1501,
912,,1001,1502,
912,,1001,1709,
912,,1001,1710,
912,,1001,2028,
912,,1001,2029,
912,,1001,2030,
912,,1001,2031,
912,,1001,2032,
912,,1002,1110,
912,,1002,1111,
912,,1002,1112,
912,,1002,1401,
912,,1002,1402,
912,,1002,1501,
912,,1002,1502,
912,,1002,1710,
912,,1002,1711,
912,,1002,2029,
912,,1002,2030,
912,,1002,2031,
912,,1002,2032,
912,,1002,2033,
912,,1003,1110,
912,,1003,1111,
912,,1003,1112,
912,,1003,1401,
912,,1003,1402,
912,,1003,1501,
912,,1003,1502,
912,,1003,1710,
912,,1003,1711,
912,,1003,2029,
912,,1003,2030,
912,,1003,2031,
912,,1003,2032,
912,,1003,2033,
912,,1004,1111,
912,,1004,1112,
912,,1004,1113,
912,,1004,1401,
912,,1004,1402,
912,,1004,1403,
912,,1004,1501,
912,,1004,1502,
912,,1004,1503,
912,,1004,1710,
912,,1004,1711,
912,,1004,2030,
912,,1004,2031,
912,,1004,2032,
912,,1004,2033,
912,,1004,2034,
912,,1005,1111,
912,,1005,1112,
912,,1005,1113,
912,,1005,1401,
912,,1005,1402,
912,,1005,1403,
912,,1005,1501,
912,,1005,1502,
912,,1005,1503,
912,,1005,1710,
912,,1005,1711,
912,,1005,2030,
912,,1005,2031,
912,,1005,2032,
912,,1005,2033,
912,,1005,2034,
912,,1005,2035,
912,,1006,1111,
912,,1006,1112,
912,,1006,1113,
912,,1006,1114,
912,,1006,1401,
912,,1006,1402,
912,,1006,1403,
912,,1006,1404,
912,,1006,1501,
912,,1006,1502,
912,,1006,1503,
912,,1006,1504,
912,,1006,1710,
912,,1006,1711,
912,,1006,2031,
912,,1006,2032,
912,,1006,2033,
912,,1006,2034,
912,,1006,2035,
912,,1007,1112,
912,,1007,1113,
912,,1007,1114,
912,,1007,1115,
912,,1007,1402,
912,,1007,1403,
912,,1007,1404,
912,,1007,1502,
912,,1007,1503,
912,,1007,1504,
912,,1007,1710,
912,,1007,1711,
912,,1007,2032,
912,,1007,2033,
912,,1007,2034,
912,,1007,2035,
912,,1008,1112,
912,,1008,1113,
912,,1008,1114,
912,,1008,1115,
912,,1008,1402,
912,,1008,1403,
912,,1008,1404,
912,,1008,1502,
912,,1008,1503,
912,,1008,1504,
912,,1008,1505,
912,,1008,1710,
912,,1008,1711,
912,,1008,1712,
912,,1008,2032,
912,,1008,2033,
912,,1008,2034,
912,,1008,2035,
912,,1009,1112,
912,,1009,1113,
912,,1009,1114,
912,,1009,1115,
912,,1009,1116,
912,,1009,1402,
912,,1009,1403,
912,,1009,1404,
912,,1009,1405,
912,,1009,1502,
912,,1009,1503,
912,,1009,1504,
912,,1009,1505,
912,,1009,1506,
912,,1009,1710,
912,,1009,1711,
912,,1009,1712,
912,,1009,2032,
912,,1009,2033,
912,,1009,2034,
912,,1009,2035,
912,,1010,1112,
912,,1010,1113,
912,,1010,1114,
912,,1010,1115,
912,,1010,1116,
912,,1010,1403,
912,,1010,1404,
912,,1010,1405,
912,,1010,1406,
912,,1010,1503,
912,,1010,1504,
912,,1010,1505,
912,,1010,1506,
912,,1010,1507,
912,,1010,1710,
912,,1010,1711,
912,,1010,1712,
912,,1010,2033,
912,,1010,2034,
912,,1010,2035,
912,,1011,1113,
912,,1011,1114,
912,,1011,1115,
912,,1011,1116,
912,,1011,1117,
912,,1011,1403,
912,,1011,1404,
912,,1011,1405,
912,,1011,1406,
912,,1011,1503,
912,,1011,1504,
912,,1011,1505,
912,,1011,1506,
912,,1011,1507,
912,,1011,1711,
912,,1011,1712,
912,,1011,1713,
912,,1011,1801,
912,,1011,2033,
912,,1011,2034,
912,,1011,2035,
912,,1012,1113,
912,,1012,1114,
912,,1012,1115,
912,,1012,1116,
912,,1012,1117,
912,,1012,1403,
912,,1012,1404,
912,,1012,1405,
912,,1012,1406,
912,,1012,1407,
912,,1012,1503,
912,,1012,1504,
912,,1012,1505,
912,,1012,1506,
912,,1012,1507,
912,,1012,1508,
912,,1012,1711,
912,,1012,1712,
912,,1012,1713,
912,,1012,1801,
912,,1012,2034,
912,,1012,2035,
912,,1013,1113,
912,,1013,1114,
912,,1013,1115,
912,,1013,1116,
912,,1013,1117,
912,,1013,1403,
912,,1013,1404,
912,,1013,1405,
912,,1013,1406,
912,,1013,1407,
912,,1013,1503,
912,,1013,1504,
912,,1013,1505,
912,,1013,1506,
912,,1013,1507,
912,,1013,1508,
912,,1013,1712,
912,,1013,1713,
912,,1013,1714,
912,,1013,1801,
912,,1013,1802,
912,,1013,2034,
912,,1013,2035,
912,,1014,1114,
912,,1014,1115,
912,,1014,1116,
912,,1014,1117,
912,,1014,1118,
912,,1014,1404,
912,,1014,1405,
912,,1014,1406,
912,,1014,1407,
912,,1014,1408,
912,,1014,1504,
912,,1014,1505,
912,,1014,1506,
912,,1014,1507,
912,,1014,1508,
912,,1014,1712,
912,,1014,1713,
912,,1014,1714,
912,,1014,1715,
912,,1014,1801,
912,,1014,1802,
912,,1014,1803,
912,,1015,1116,
912,,1015,1117,
912,,1015,1118,
912,,1015,1119,
912,,1015,1405,
912,,1015,1406,
912,,1015,1407,
912,,1015,1408,
912,,1015,1409,
912,,1015,1506,
912,,1015,1507,
912,,1015,1508,
912,,1015,1509,
912,,1015,1601,
912,,1015,1713,
912,,1015,1714,
912,,1015,1715,
912,,1015,1801,
912,,1015,1802,
912,,1015,1803,
912,,1016,1117,
912,,1016,1118,
912,,1016,1119,
912,,1016,1406,
912,,1016,1407,
912,,1016,1408,
912,,1016,1409,
912,,1016,1410,
912,,1016,1507,
912,,1016,1508,
912,,1016,1509,
912,,1016,1601,
912,,1016,1713,
912,,1016,1714,
912,,1016,1715,
912,,1016,1801,
912,,1016,1802,
912,,1016,1803,
912,,1016,1804,
912,,1017,1118,
912,,1017,1119,
912,,1017,1120,
912,,1017,1407,
912,,1017,1408,
912,,1017,1409,
912,,1017,1410,
912,,1017,1508,
912,,1017,1509,
912,,1017,1601,
912,,1017,1602,
912,,1017,1714,
912,,1017,1715,
912,,1017,1716,
912,,1017,1802,
912,,1017,1803,
912,,1017,1804,
912,,1018,1118,
912,,1018,1119,
912,,1018,1120,
912,,1018,1408,
912,,1018,1409,
912,,1018,1410,
912,,1018,1509,
912,,1018,1601,
912,,1018,1602,
912,,1018,1714,
912,,1018,1715,
912,,1018,1716,
912,,1018,1802,
912,,1018,1803,
912,,1018,1804,
912,,1018,1805,
912,,1019,1119,
912,,1019,1120,
912,,1019,1121,
912,,1019,1408,
912,,1019,1409,
912,,1019,1410,
912,,1019,1509,
912,,1019,1601,
912,,1019,1602,
912,,1019,1603,
912,,1019,1715,
912,,1019,1716,
912,,1019,1803,
912,,1019,1804,
912,,1019,1805,
912,,1019,1806,
912,,1020,1119,
912,,1020,1120,
912,,1020,1121,
912,,1020,1409,
912,,1020,1410,
912,,1020,1509,
912,,1020,1601,
912,,1020,1602,
912,,1020,1603,
912,,1020,1715,
912,,1020,1716,
912,,1020,1717,
912,,1020,1804,
912,,1020,1805,
912,,1020,1806,
912,,1021,1119,
912,,1021,1120,
912,,1021,1121,
912,,1021,1122,
912,,1021,1410,
912,,1021,1509,
912,,1021,1601,
912,,1021,1602,
912,,1021,1603,
912,,1021,1604,
912,,1021,1716,
912,,1021,1717,
912,,1021,1804,
912,,1021,1805,
912,,1021,1806,
912,,1021,1807,
912,,1022,1120,
912,,1022,1121,
912,,1022,1122,
912,,1022,1410,
912,,1022,1602,
912,,1022,1603,
912,,1022,1604,
912,,1022,1716,
912,,1022,1717,
912,,1022,1718,
912,,1022,1804,
912,,1022,1805,
912,,1022,1806,
912,,1022,1807,
912,,1023,1121,
912,,1023,1122,
912,,1023,1123,
912,,1023,1603,
912,,1023,1604,
912,,1023,1605,
912,,1023,1717,
912,,1023,1718,
912,,1023,1719,
912,,1023,1805,
912,,1023,1806,
912,,1023,1807,
912,,1023,1808,
912,,1024,1121,
912,,1024,1122,
912,,1024,1123,
912,,1024,1603,
912,,1024,1604,
912,,1024,1605,
912,,1024,1606,
912,,1024,1717,
912,,1024,1718,
912,,1024,1719,
912,,1024,1806,
912,,1024,1807,
912,,1024,1808,
912,,1024,1809,
912,,1025,1121,
912,,1025,1122,
912,,1025,1123,
912,,1025,1124,
912,,1025,1604,
912,,1025,1605,
912,,1025,1606,
912,,1025,1717,
912,,1025,1718,
912,,1025,1719,
912,,1025,1720,
912,,1025,1806,
912,,1025,1807,
912,,1025,1808,
912,,1025,1809,
912,,1025,1810,
912,,1026,1122,
912,,1026,1123,
912,,1026,1124,
912,,1026,1604,
912,,1026,1605,
912,,1026,1606,
912,,1026,1607,
912,,1026,1718,
912,,1026,1719,
912,,1026,1720,
912,,1026,1807,
912,,1026,1808,
912,,1026,1809,
912,,1026,1810,
912,,1027,1123,
912,,1027,1124,
912,,1027,1125,
912,,1027,1126,
912,,1027,1605,
912,,1027,1606,
912,,1027,1607,
912,,1027,1608,
912,,1027,1719,
912,,1027,1720,
912,,1027,1808,
912,,1027,1809,
912,,1027,1810,
912,,1027,1811,
912,,1028,1124,
912,,1028,1125,
912,,1028,1126,
912,,1028,1605,
912,,1028,1606,
912,,1028,1607,
912,,1028,1608,
912,,1028,1719,
912,,1028,1720,
912,,1028,1721,
912,,1028,1808,
912,,1028,1809,
912,,1028,1810,
912,,1028,1811,
912,,1029,1124,
912,,1029,1125,
912,,1029,1126,
912,,1029,1606,
912,,1029,1607,
912,,1029,1608,
912,,1029,1720,
912,,1029,1721,
912,,1029,1809,
912,,1029,1810,
912,,1029,1811,
912,,1030,1125,
912,,1030,1126,
912,,1030,1607,
912,,1030,1608,
912,,1030,1721,
912,,1030,1722,
912,,1030,1811,
912,,1101,1125,
912,,1101,1126,
912,,1101,1607,
912,,1101,1608,
912,,1101,1721,
912,,1101,1722,
912,,1101,1811,
912,,1102,1126,
912,,1102,1608,
912,,1102,1720,
912,,1102,1721,
912,,1102,1809,
912,,1102,1810,
912,,1102,1811,
912,,1103,1718,
912,,1103,1719,
912,,1103,1720,
912,,1103,1808,
912,,1103,1809,
912,,1103,1810,
912,,1103,1811,
912,,1104,1717,
912,,1104,1718,
912,,1104,1719,
912,,1104,1806,
912,,1104,1807,
912,,1104,1808,
912,,1104,1809,
912,,1105,1716,
912,,1105,1717,
912,,1105,1718,
912,,1105,1805,
912,,1105,1806,
912,,1105,1807,
912,,1105,1808,
912,,1106,1716,
912,,1106,1717,
912,,1106,1804,
912,,1106,1805,
912,,1106,1806,
912,,1106,2035,
912,,1107,1714,
912,,1107,1715,
912,,1107,1716,
912,,1107,1802,
912,,1107,1803,
912,,1107,1804,
912,,1107,2032,
912,,1107,2033,
912,,1107,2034,
912,,1107,2035,
912,,1108,1712,
912,,1108,1713,
912,,1108,1714,
912,,1108,1715,
912,,1108,1801,
912,,1108,1802,
912,,1108,1803,
912,,1108,2031,
912,,1108,2032,
912,,1108,2033,
912,,1108,2034,
912,,1108,2035,
912,,1109,1001,
912,,1109,1303,
912,,1109,1304,
912,,1109,1305,
912,,1109,1712,
912,,1109,1713,
912,,1109,1714,
912,,1109,1801,
912,,1109,1802,
912,,1109,2028,
912,,1109,2029,
912,,1109,2030,
912,,1109,2031,
912,,1109,2032,
912,,1110,1001,
912,,1110,1002,
912,,1110,1003,
912,,1110,1302,
912,,1110,1303,
912,,1110,1304,
912,,1110,1305,
912,,1110,1711,
912,,1110,1712,
912,,1110,1713,
912,,1110,1801,
912,,1110,2028,
912,,1110,2029,
912,,1110,2030,
912,,1110,2031,
912,,1110,2032,
912,,1111,1001,
912,,1111,1002,
912,,1111,1003,
912,,1111,1004,
912,,1111,1005,
912,,1111,1006,
912,,1111,1301,
912,,1111,1302,
912,,1111,1303,
912,,1111,1304,
912,,1111,1305,
912,,1111,1710,
912,,1111,1711,
912,,1111,1712,
912,,1111,2026,
912,,1111,2027,
912,,1111,2028,
912,,1111,2029,
912,,1111,2030,
912,,1111,2031,
912,,1112,1001,
912,,1112,1002,
912,,1112,1003,
912,,1112,1004,
912,,1112,1005,
912,,1112,1006,
912,,1112,1007,
912,,1112,1008,
912,,1112,1009,
912,,1112,1010,
912,,1112,1301,
912,,1112,1302,
912,,1112,1303,
912,,1112,1304,
912,,1112,1305,
912,,1112,1710,
912,,1112,1711,
912,,1112,2024,
912,,1112,2025,
912,,1112,2026,
912,,1112,2027,
912,,1112,2028,
912,,1112,2029,
912,,1113,1004,
912,,1113,1005,
912,,1113,1006,
912,,1113,1007,
912,,1113,1008,
912,,1113,1009,
912,,1113,1010,
912,,1113,1011,
912,,1113,1012,
912,,1113,1013,
912,,1113,1201,
912,,1113,1202,
912,,1113,1301,
912,,1113,1709,
912,,1113,1710,
912,,1113,2023,
912,,1113,2024,
912,,1113,2025,
912,,1113,2026,
912,,1113,2027,
912,,1114,1006,
912,,1114,1007,
912,,1114,1008,
912,,1114,1009,
912,,1114,1010,
912,,1114,1011,
912,,1114,1012,
912,,1114,1013,
912,,1114,1014,
912,,1114,1201,
912,,1114,1202,
912,,1114,1709,
912,,1114,2021,
912,,1114,2022,
912,,1114,2023,
912,,1114,2024,
912,,1114,2025,
912,,1115,1007,
912,,1115,1008,
912,,1115,1009,
912,,1115,1010,
912,,1115,1011,
912,,1115,1012,
912,,1115,1013,
912,,1115,1014,
912,,1115,1201,
912,,1115,1202,
912,,1115,1709,
912,,1115,2021,
912,,1115,2022,
912,,1115,2023,
912,,1115,2024,
912,,1116,1009,
912,,1116,1010,
912,,1116,1011,
912,,1116,1012,
912,,1116,1013,
912,,1116,1014,
912,,1116,1015,
912,,1116,1201,
912,,1116,1202,
912,,1116,1708,
912,,1116,1709,
912,,1116,2020,
912,,1116,2021,
912,,1116,2022,
912,,1116,2023,
912,,1116,2024,
912,,1117,1011,
912,,1117,1012,
912,,1117,1013,
912,,1117,1014,
912,,1117,1015,
912,,1117,1016,
912,,1117,1201,
912,,1117,1202,
912,,1117,1707,
912,,1117,1708,
912,,1117,1709,
912,,1117,2019,
912,,1117,2020,
912,,1117,2021,
912,,1117,2022,
912,,1117,2023,
912,,1118,1014,
912,,1118,1015,
912,,1118,1016,
912,,1118,1017,
912,,1118,1018,
912,,1118,1706,
912,,1118,1707,
912,,1118,1708,
912,,1118,2001,
912,,1118,2002,
912,,1118,2018,
912,,1118,2019,
912,,1118,2020,
912,,1118,2021,
912,,1118,2022,
912,,1119,1015,
912,,1119,1016,
912,,1119,1017,
912,,1119,1018,
912,,1119,1019,
912,,1119,1020,
912,,1119,1021,
912,,1119,1706,
912,,1119,1707,
912,,1119,1708,
912,,1119,2001,
912,,1119,2002,
912,,1119,2003,
912,,1119,2004,
912,,1119,2015,
912,,1119,2016,
912,,1119,2017,
912,,1119,2018,
912,,1119,2019,
912,,1119,2020,
912,,1120,1017,
912,,1120,1018,
912,,1120,1019,
912,,1120,1020,
912,,1120,1021,
912,,1120,1022,
912,,1120,1705,
912,,1120,1706,
912,,1120,2001,
912,,1120,2002,
912,,1120,2003,
912,,1120,2004,
912,,1120,2005,
912,,1120,2013,
912,,1120,2014,
912,,1120,2015,
912,,1120,2016,
912,,1120,2017,
912,,1120,2018,
912,,1121,1019,
912,,1121,1020,
912,,1121,1021,
912,,1121,1022,
912,,1121,1023,
912,,1121,1024,
912,,1121,1025,
912,,1121,1704,
912,,1121,1705,
912,,1121,2002,
912,,1121,2003,
912,,1121,2004,
912,,1121,2005,
912,,1121,2006,
912,,1121,2007,
912,,1121,2012,
912,,1121,2013,
912,,1121,2014,
912,,1121,2015,
912,,1121,2016,
912,,1121,2017,
912,,1122,1021,
912,,1122,1022,
912,,1122,1023,
912,,1122,1024,
912,,1122,1025,
912,,1122,1026,
912,,1122,1704,
912,,1122,1705,
912,,1122,2004,
912,,1122,2005,
912,,1122,2006,
912,,1122,2007,
912,,1122,2008,
912,,1122,2011,
912,,1122,2012,
912,,1122,2013,
912,,1122,2014,
912,,1123,1023,
912,,1123,1024,
912,,1123,1025,
912,,1123,1026,
912,,1123,1027,
912,,1123,1703,
912,,1123,1704,
912,,1123,1705,
912,,1123,2006,
912,,1123,2007,
912,,1123,2008,
912,,1123,2009,
912,,1123,2010,
912,,1123,2011,
912,,1123,2012,
912,,1123,2013,
912,,1124,1025,
912,,1124,1026,
912,,1124,1027,
912,,1124,1028,
912,,1124,1029,
912,,1124,1702,
912,,1124,1703,
912,,1124,1704,
912,,1124,2007,
912,,1124,2008,
912,,1124,2009,
912,,1124,2010,
912,,1124,2011,
912,,1125,1027,
912,,1125,1028,
912,,1125,1029,
912,,1125,1030,
912,,1125,1101,
912,,1125,1701,
912,,1125,1702,
912,,1125,1703,
912,,1125,2009,
912,,1125,2010,
912,,1126,1027,
912,,1126,1028,
912,,1126,1029,
912,,1126,1030,
912,,1126,1101,
912,,1126,1102,
912,,1126,1701,
912,,1126,1702,
912,,1126,1703,
912,,1126,2010,
912,,1201,1113,
912,,1201,1114,
912,,1201,1115,
912,,1201,1116,
912,,1201,1117,
912,,1201,1403,
912,,1201,1404,
912,,1201,1405,
912,,1201,1406,
912,,1201,1407,
912,,1201,1503,
912,,1201,1504,
912,,1201,1505,
912,,1201,1506,
912,,1201,1507,
912,,1201,1508,
912,,1201,1712,
912,,1201,1713,
912,,1201,1714,
912,,1201,1801,
912,,1201,1802,
912,,1201,2034,
912,,1201,2035,
912,,1202,1113,
912,,1202,1114,
912,,1202,1115,
912,,1202,1116,
912,,1202,1117,
912,,1202,1403,
912,,1202,1404,
912,,1202,1405,
912,,1202,1406,
912,,1202,1407,
912,,1202,1503,
912,,1202,1504,
912,,1202,1505,
912,,1202,1506,
912,,1202,1507,
912,,1202,1508,
912,,1202,1711,
912,,1202,1712,
912,,1202,1713,
912,,1202,1801,
912,,1202,2034,
912,,1202,2035,
912,,1301,1111,
912,,1301,1112,
912,,1301,1113,
912,,1301,1401,
912,,1301,1402,
912,,1301,1403,
912,,1301,1501,
912,,1301,1502,
912,,1301,1503,
912,,1301,1710,
912,,1301,1711,
912,,1301,2030,
912,,1301,2031,
912,,1301,2032,
912,,1301,2033,
912,,1301,2034,
912,,1302,1110,
912,,1302,1111,
912,,1302,1112,
912,,1302,1401,
912,,1302,1402,
912,,1302,1501,
912,,1302,1502,
912,,1302,1710,
912,,1302,2029,
912,,1302,2030,
912,,1302,2031,
912,,1302,2032,
912,,1302,2033,
912,,1303,1109,
912,,1303,1110,
912,,1303,1111,
912,,1303,1112,
912,,1303,1401,
912,,1303,1402,
912,,1303,1501,
912,,1303,1502,
912,,1303,1709,
912,,1303,1710,
912,,1303,2029,
912,,1303,2030,
912,,1303,2031,
912,,1303,2032,
912,,1303,2033,
912,,1304,1109,
912,,1304,1110,
912,,1304,1111,
912,,1304,1112,
912,,1304,1401,
912,,1304,1402,
912,,1304,1501,
912,,1304,1502,
912,,1304,1709,
912,,1304,1710,
912,,1304,2028,
912,,1304,2029,
912,,1304,2030,
912,,1304,2031,
912,,1304,2032,
912,,1305,1109,
912,,1305,1110,
912,,1305,1111,
912,,1305,1112,
912,,1305,1401,
912,,1305,1402,
912,,1305,1501,
912,,1305,1502,
912,,1305,1709,
912,,1305,1710,
912,,1305,2028,
912,,1305,2029,
912,,1305,2030,
912,,1305,2031,
912,,1305,2032,
912,,1401,1001,
912,,1401,1002,
912,,1401,1003,
912,,1401,1004,
912,,1401,1005,
912,,1401,1006,
912,,1401,1301,
912,,1401,1302,
912,,1401,1303,
912,,1401,1304,
912,,1401,1305,
912,,1401,1710,
912,,1401,1711,
912,,1401,1712,
912,,1401,2026,
912,,1401,2027,
912,,1401,2028,
912,,1401,2029,
912,,1401,2030,
912,,1401,2031,
912,,1402,1001,
912,,1402,1002,
912,,1402,1003,
912,,1402,1004,
912,,1402,1005,
912,,1402,1006,
912,,1402,1007,
912,,1402,1008,
912,,1402,1009,
912,,1402,1301,
912,,1402,1302,
912,,1402,1303,
912,,1402,1304,
912,,1402,1305,
912,,1402,1710,
912,,1402,1711,
912,,1402,2025,
912,,1402,2026,
912,,1402,2027,
912,,1402,2028,
912,,1402,2029,
912,,1403,1004,
912,,1403,1005,
912,,1403,1006,
912,,1403,1007,
912,,1403,1008,
912,,1403,1009,
912,,1403,1010,
912,,1403,1011,
912,,1403,1012,
912,,1403,1013,
912,,1403,1201,
912,,1403,1202,
912,,1403,1301,
912,,1403,1710,
912,,1403,2023,
912,,1403,2024,
912,,1403,2025,
912,,1403,2026,
912,,1403,2027,
912,,1404,1006,
912,,1404,1007,
912,,1404,1008,
912,,1404,1009,
912,,1404,1010,
912,,1404,1011,
912,,1404,1012,
912,,1404,1013,
912,,1404,1014,
912,,1404,1201,
912,,1404,1202,
912,,1404,1709,
912,,1404,1710,
912,,1404,2022,
912,,1404,2023,
912,,1404,2024,
912,,1404,2025,
912,,1405,1009,
912,,1405,1010,
912,,1405,1011,
912,,1405,1012,
912,,1405,1013,
912,,1405,1014,
912,,1405,1015,
912,,1405,1201,
912,,1405,1202,
912,,1405,1708,
912,,1405,1709,
912,,1405,2020,
912,,1405,2021,
912,,1405,2022,
912,,1405,2023,
912,,1405,2024,
912,,1406,1010,
912,,1406,1011,
912,,1406,1012,
912,,1406,1013,
912,,1406,1014,
912,,1406,1015,
912,,1406,1016,
912,,1406,1201,
912,,1406,1202,
912,,1406,1707,
912,,1406,1708,
912,,1406,1709,
912,,1406,2019,
912,,1406,2020,
912,,1406,2021,
912,,1406,2022,
912,,1406,2023,
912,,1407,1012,
912,,1407,1013,
912,,1407,1014,
912,,1407,1015,
912,,1407,1016,
912,,1407,1017,
912,,1407,1201,
912,,1407,1202,
912,,1407,1707,
912,,1407,1708,
912,,1407,1709,
912,,1407,2018,
912,,1407,2019,
912,,1407,2020,
912,,1407,2021,
912,,1407,2022,
912,,1407,2023,
912,,1408,1014,
912,,1408,1015,
912,,1408,1016,
912,,1408,1017,
912,,1408,1018,
912,,1408,1019,
912,,1408,1706,
912,,1408,1707,
912,,1408,1708,
912,,1408,2001,
912,,1408,2002,
912,,1408,2017,
912,,1408,2018,
912,,1408,2019,
912,,1408,2020,
912,,1408,2021,
912,,1409,1015,
912,,1409,1016,
912,,1409,1017,
912,,1409,1018,
912,,1409,1019,
912,,1409,1020,
912,,1409,1706,
912,,1409,1707,
912,,1409,1708,
912,,1409,2001,
912,,1409,2002,
912,,1409,2003,
912,,1409,2016,
912,,1409,2017,
912,,1409,2018,
912,,1409,2019,
912,,1409,2020,
912,,1410,1016,
912,,1410,1017,
912,,1410,1018,
912,,1410,1019,
912,,1410,1020,
912,,1410,1021,
912,,1410,1022,
912,,1410,1706,
912,,1410,1707,
912,,1410,2001,
912,,1410,2002,
912,,1410,2003,
912,,1410,2004,
912,,1410,2005,
912,,1410,2014,
912,,1410,2015,
912,,1410,2016,
912,,1410,2017,
912,,1410,2018,
912,,1410,2019,
912,,1501,1001,
912,,1501,1002,
912,,1501,1003,
912,,1501,1004,
912,,1501,1005,
912,,1501,1006,
912,,1501,1301,
912,,1501,1302,
912,,1501,1303,
912,,1501,1304,
912,,1501,1305,
912,,1501,1710,
912,,1501,1711,
912,,1501,1712,
912,,1501,2026,
912,,1501,2027,
912,,1501,2028,
912,,1501,2029,
912,,1501,2030,
912,,1501,2031,
912,,1502,1001,
912,,1502,1002,
912,,1502,1003,
912,,1502,1004,
912,,1502,1005,
912,,1502,1006,
912,,1502,1007,
912,,1502,1008,
912,,1502,1009,
912,,1502,1301,
912,,1502,1302,
912,,1502,1303,
912,,1502,1304,
912,,1502,1305,
912,,1502,1710,
912,,1502,1711,
912,,1502,2025,
912,,1502,2026,
912,,1502,2027,
912,,1502,2028,
912,,1502,2029,
912,,1502,2030,
912,,1503,1004,
912,,1503,1005,
912,,1503,1006,
912,,1503,1007,
912,,1503,1008,
912,,1503,1009,
912,,1503,1010,
912,,1503,1011,
912,,1503,1012,
912,,1503,1013,
912,,1503,1201,
912,,1503,1202,
912,,1503,1301,
912,,1503,1710,
912,,1503,2023,
912,,1503,2024,
912,,1503,2025,
912,,1503,2026,
912,,1503,2027,
912,,1504,1006,
912,,1504,1007,
912,,1504,1008,
912,,1504,1009,
912,,1504,1010,
912,,1504,1011,
912,,1504,1012,
912,,1504,1013,
912,,1504,1014,
912,,1504,1201,
912,,1504,1202,
912,,1504,1709,
912,,1504,2021,
912,,1504,2022,
912,,1504,2023,
912,,1504,2024,
912,,1504,2025,
912,,1505,1008,
912,,1505,1009,
912,,1505,1010,
912,,1505,1011,
912,,1505,1012,
912,,1505,1013,
912,,1505,1014,
912,,1505,1201,
912,,1505,1202,
912,,1505,1708,
912,,1505,1709,
912,,1505,2020,
912,,1505,2021,
912,,1505,2022,
912,,1505,2023,
912,,1505,2024,
912,,1506,1009,
912,,1506,1010,
912,,1506,1011,
912,,1506,1012,
912,,1506,1013,
912,,1506,1014,
912,,1506,1015,
912,,1506,1201,
912,,1506,1202,
912,,1506,1708,
912,,1506,1709,
912,,1506,2020,
912,,1506,2021,
912,,1506,2022,
912,,1506,2023,
912,,1506,2024,
912,,1507,1010,
912,,1507,1011,
912,,1507,1012,
912,,1507,1013,
912,,1507,1014,
912,,1507,1015,
912,,1507,1016,
912,,1507,1201,
912,,1507,1202,
912,,1507,1707,
912,,1507,1708,
912,,1507,1709,
912,,1507,2019,
912,,1507,2020,
912,,1507,2021,
912,,1507,2022,
912,,1507,2023,
912,,1508,1012,
912,,1508,1013,
912,,1508,1014,
912,,1508,1015,
912,,1508,1016,
912,,1508,1017,
912,,1508,1201,
912,,1508,1202,
912,,1508,1707,
912,,1508,1708,
912,,1508,1709,
912,,1508,2018,
912,,1508,2019,
912,,1508,2020,
912,,1508,2021,
912,,1508,2022,
912,,1508,2023,
912,,1509,1015,
912,,1509,1016,
912,,1509,1017,
912,,1509,1018,
912,,1509,1019,
912,,1509,1020,
912,,1509,1021,
912,,1509,1706,
912,,1509,1707,
912,,1509,1708,
912,,1509,2001,
912,,1509,2002,
912,,1509,2003,
912,,1509,2004,
912,,1509,2015,
912,,1509,2016,
912,,1509,2017,
912,,1509,2018,
912,,1509,2019,
912,,1509,2020,
912,,1601,1015,
912,,1601,1016,
912,,1601,1017,
912,,1601,1018,
912,,1601,1019,
912,,1601,1020,
912,,1601,1021,
912,,1601,1706,
912,,1601,1707,
912,,1601,1708,
912,,1601,2001,
912,,1601,2002,
912,,1601,2003,
912,,1601,2004,
912,,1601,2015,
912,,1601,2016,
912,,1601,2017,
912,,1601,2018,
912,,1601,2019,
912,,1601,2020,
912,,1602,1017,
912,,1602,1018,
912,,1602,1019,
912,,1602,1020,
912,,1602,1021,
912,,1602,1022,
912,,1602,1705,
912,,1602,1706,
912,,1602,2001,
912,,1602,2002,
912,,1602,2003,
912,,1602,2004,
912,,1602,2005,
912,,1602,2013,
912,,1602,2014,
912,,1602,2015,
912,,1602,2016,
912,,1602,2017,
912,,1602,2018,
912,,1603,1019,
912,,1603,1020,
912,,1603,1021,
912,,1603,1022,
912,,1603,1023,
912,,1603,1024,
912,,1603,1705,
912,,1603,2002,
912,,1603,2003,
912,,1603,2004,
912,,1603,2005,
912,,1603,2006,
912,,1603,2012,
912,,1603,2013,
912,,1603,2014,
912,,1603,2015,
912,,1603,2016,
912,,1603,2017,
912,,1604,1021,
912,,1604,1022,
912,,1604,1023,
912,,1604,1024,
912,,1604,1025,
912,,1604,1026,
912,,1604,1704,
912,,1604,1705,
912,,1604,2005,
912,,1604,2006,
912,,1604,2007,
912,,1604,2008,
912,,1604,2009,
912,,1604,2011,
912,,1604,2012,
912,,1604,2013,
912,,1604,2014,
912,,1605,1023,
912,,1605,1024,
912,,1605,1025,
912,,1605,1026,
912,,1605,1027,
912,,1605,1028,
912,,1605,1703,
912,,1605,1704,
912,,1605,2006,
912,,1605,2007,
912,,1605,2008,
912,,1605,2009,
912,,1605,2010,
912,,1605,2011,
912,,1605,2012,
912,,1606,1024,
912,,1606,1025,
912,,1606,1026,
912,,1606,1027,
912,,1606,1028,
912,,1606,1029,
912,,1606,1702,
912,,1606,1703,
912,,1606,1704,
912,,1606,2007,
912,,1606,2008,
912,,1606,2009,
912,,1606,2010,
912,,1606,2011,
912,,1606,2012,
912,,1607,1026,
912,,1607,1027,
912,,1607,1028,
912,,1607,1029,
912,,1607,1030,
912,,1607,1101,
912,,1607,1701,
912,,1607,1702,
912,,1607,1703,
912,,1607,2008,
912,,1607,2009,
912,,1607,2010,
912,,1607,2011,
912,,1608,1027,
912,,1608,1028,
912,,1608,1029,
912,,1608,1030,
912,,1608,1101,
912,,1608,1102,
912,,1608,1701,
912,,1608,1702,
912,,1608,1703,
912,,1608,2010,
912,,1701,1125,
912,,1701,1126,
912,,1701,1607,
912,,1701,1608,
912,,1701,1721,
912,,1701,1722,
912,,1701,1811,
912,,1702,1124,
912,,1702,1125,
912,,1702,1126,
912,,1702,1606,
912,,1702,1607,
912,,1702,1608,
912,,1702,1721,
912,,1702,1722,
912,,1702,1723,
912,,1703,1123,
912,,1703,1124,
912,,1703,1125,
912,,1703,1126,
912,,1703,1605,
912,,1703,1606,
912,,1703,1607,
912,,1703,1608,
912,,1703,1722,
912,,1703,1723,
912,,1704,1121,
912,,1704,1122,
912,,1704,1123,
912,,1704,1124,
912,,1704,1604,
912,,1704,1605,
912,,1704,1606,
912,,1704,1723,
912,,1704,1724,
912,,1704,1725,
912,,1704,1901,
912,,1704,1902,
912,,1705,1120,
912,,1705,1121,
912,,1705,1122,
912,,1705,1123,
912,,1705,1602,
912,,1705,1603,
912,,1705,1604,
912,,1705,1724,
912,,1705,1725,
912,,1705,1901,
912,,1705,1902,
912,,1705,1903,
912,,1706,1118,
912,,1706,1119,
912,,1706,1120,
912,,1706,1408,
912,,1706,1409,
912,,1706,1410,
912,,1706,1509,
912,,1706,1601,
912,,1706,1602,
912,,1706,1726,
912,,1706,1903,
912,,1706,1904,
912,,1706,1905,
912,,1706,1906,
912,,1706,1907,
912,,1706,2033,
912,,1706,2034,
912,,1706,2035,
912,,1707,1117,
912,,1707,1118,
912,,1707,1119,
912,,1707,1406,
912,,1707,1407,
912,,1707,1408,
912,,1707,1409,
912,,1707,1410,
912,,1707,1507,
912,,1707,1508,
912,,1707,1509,
912,,1707,1601,
912,,1707,1726,
912,,1707,1904,
912,,1707,1905,
912,,1707,1906,
912,,1707,1907,
912,,1707,1908,
912,,1707,1909,
912,,1707,2032,
912,,1707,2033,
912,,1707,2034,
912,,1707,2035,
912,,1708,1116,
912,,1708,1117,
912,,1708,1118,
912,,1708,1119,
912,,1708,1405,
912,,1708,1406,
912,,1708,1407,
912,,1708,1408,
912,,1708,1409,
912,,1708,1505,
912,,1708,1506,
912,,1708,1507,
912,,1708,1508,
912,,1708,1509,
912,,1708,1601,
912,,1708,1905,
912,,1708,1906,
912,,1708,1907,
912,,1708,1908,
912,,1708,1909,
912,,1708,2031,
912,,1708,2032,
912,,1708,2033,
912,,1708,2034,
912,,1708,2035,
912,,1709,1001,
912,,1709,1113,
912,,1709,1114,
912,,1709,1115,
912,,1709,1116,
912,,1709,1117,
912,,1709,1303,
912,,1709,1304,
912,,1709,1305,
912,,1709,1404,
912,,1709,1405,
912,,1709,1406,
912,,1709,1407,
912,,1709,1504,
912,,1709,1505,
912,,1709,1506,
912,,1709,1507,
912,,1709,1508,
912,,1709,1907,
912,,1709,1908,
912,,1709,1909,
912,,1709,2028,
912,,1709,2029,
912,,1709,2030,
912,,1709,2031,
912,,1709,2032,
912,,1710,1001,
912,,1710,1002,
912,,1710,1003,
912,,1710,1004,
912,,1710,1005,
912,,1710,1006,
912,,1710,1007,
912,,1710,1008,
912,,1710,1009,
912,,1710,1010,
912,,1710,1111,
912,,1710,1112,
912,,1710,1113,
912,,1710,1301,
912,,1710,1302,
912,,1710,1303,
912,,1710,1304,
912,,1710,1305,
912,,1710,1401,
912,,1710,1402,
912,,1710,1403,
912,,1710,1404,
912,,1710,1501,
912,,1710,1502,
912,,1710,1503,
912,,1710,2024,
912,,1710,2025,
912,,1710,2026,
912,,1710,2027,
912,,1710,2028,
912,,1710,2029,
912,,1711,1002,
912,,1711,1003,
912,,1711,1004,
912,,1711,1005,
912,,1711,1006,
912,,1711,1007,
912,,1711,1008,
912,,1711,1009,
912,,1711,1010,
912,,1711,1011,
912,,1711,1012,
912,,1711,1110,
912,,1711,1111,
912,,1711,1112,
912,,1711,1202,
912,,1711,1301,
912,,1711,1401,
912,,1711,1402,
912,,1711,1501,
912,,1711,1502,
912,,1711,2023,
912,,1711,2024,
912,,1711,2025,
912,,1711,2026,
912,,1711,2027,
912,,1712,1008,
912,,1712,1009,
912,,1712,1010,
912,,1712,1011,
912,,1712,1012,
912,,1712,1013,
912,,1712,1014,
912,,1712,1108,
912,,1712,1109,
912,,1712,1110,
912,,1712,1111,
912,,1712,1201,
912,,1712,1202,
912,,1712,1401,
912,,1712,1501,
912,,1712,2020,
912,,1712,2021,
912,,1712,2022,
912,,1712,2023,
912,,1712,2024,
912,,1713,1011,
912,,1713,1012,
912,,1713,1013,
912,,1713,1014,
912,,1713,1015,
912,,1713,1016,
912,,1713,1108,
912,,1713,1109,
912,,1713,1110,
912,,1713,1201,
912,,1713,1202,
912,,1713,2019,
912,,1713,2020,
912,,1713,2021,
912,,1713,2022,
912,,1713,2023,
912,,1714,1013,
912,,1714,1014,
912,,1714,1015,
912,,1714,1016,
912,,1714,1017,
912,,1714,1018,
912,,1714,1107,
912,,1714,1108,
912,,1714,1109,
912,,1714,1201,
912,,1714,2001,
912,,1714,2018,
912,,1714,2019,
912,,1714,2020,
912,,1714,2021,
912,,1714,2022,
912,,1715,1014,
912,,1715,1015,
912,,1715,1016,
912,,1715,1017,
912,,1715,1018,
912,,1715,1019,
912,,1715,1020,
912,,1715,1107,
912,,1715,1108,
912,,1715,2001,
912,,1715,2002,
912,,1715,2003,
912,,1715,2016,
912,,1715,2017,
912,,1715,2018,
912,,1715,2019,
912,,1715,2020,
912,,1715,2021,
912,,1716,1017,
912,,1716,1018,
912,,1716,1019,
912,,1716,1020,
912,,1716,1021,
912,,1716,1022,
912,,1716,1105,
912,,1716,1106,
912,,1716,1107,
912,,1716,2001,
912,,1716,2002,
912,,1716,2003,
912,,1716,2004,
912,,1716,2005,
912,,1716,2014,
912,,1716,2015,
912,,1716,2016,
912,,1716,2017,
912,,1716,2018,
912,,1717,1020,
912,,1717,1021,
912,,1717,1022,
912,,1717,1023,
912,,1717,1024,
912,,1717,1025,
912,,1717,1104,
912,,1717,1105,
912,,1717,1106,
912,,1717,2003,
912,,1717,2004,
912,,1717,2005,
912,,1717,2006,
912,,1717,2007,
912,,1717,2012,
912,,1717,2013,
912,,1717,2014,
912,,1717,2015,
912,,1717,2016,
912,,1718,1022,
912,,1718,1023,
912,,1718,1024,
912,,1718,1025,
912,,1718,1026,
912,,1718,1103,
912,,1718,1104,
912,,1718,1105,
912,,1718,2005,
912,,1718,2006,
912,,1718,2007,
912,,1718,2008,
912,,1718,2009,
912,,1718,2011,
912,,1718,2012,
912,,1718,2013,
912,,1718,2014,
912,,1719,1023,
912,,1719,1024,
912,,1719,1025,
912,,1719,1026,
912,,1719,1027,
912,,1719,1028,
912,,1719,1103,
912,,1719,1104,
912,,1719,2006,
912,,1719,2007,
912,,1719,2008,
912,,1719,2009,
912,,1719,2010,
912,,1719,2011,
912,,1719,2012,
912,,1720,1025,
912,,1720,1026,
912,,1720,1027,
912,,1720,1028,
912,,1720,1029,
912,,1720,1102,
912,,1720,1103,
912,,1720,2007,
912,,1720,2008,
912,,1720,2009,
912,,1720,2010,
912,,1720,2011,
912,,1721,1028,
912,,1721,1029,
912,,1721,1030,
912,,1721,1101,
912,,1721,1102,
912,,1721,1701,
912,,1721,1702,
912,,1722,1030,
912,,1722,1101,
912,,1722,1701,
912,,1722,1702,
912,,1722,1703,
912,,1723,1702,
912,,1723,1703,
912,,1723,1704,
912,,1724,1704,
912,,1724,1705,
912,,1725,1704,
912,,1725,1705,
912,,1726,1706,
912,,1726,1707,
912,,1726,1811,
912,,1801,1011,
912,,1801,1012,
912,,1801,1013,
912,,1801,1014,
912,,1801,1015,
912,,1801,1016,
912,,1801,1108,
912,,1801,1109,
912,,1801,1110,
912,,1801,1201,
912,,1801,1202,
912,,1801,2019,
912,,1801,2020,
912,,1801,2021,
912,,1801,2022,
912,,1801,2023,
912,,1802,1013,
912,,1802,1014,
912,,1802,1015,
912,,1802,1016,
912,,1802,1017,
912,,1802,1018,
912,,1802,1107,
912,,1802,1108,
912,,1802,1109,
912,,1802,1201,
912,,1802,2001,
912,,1802,2018,
912,,1802,2019,
912,,1802,2020,
912,,1802,2021,
912,,1802,2022,
912,,1803,1014,
912,,1803,1015,
912,,1803,1016,
912,,1803,1017,
912,,1803,1018,
912,,1803,1019,
912,,1803,1107,
912,,1803,1108,
912,,1803,2001,
912,,1803,2002,
912,,1803,2003,
912,,1803,2017,
912,,1803,2018,
912,,1803,2019,
912,,1803,2020,
912,,1803,2021,
912,,1804,1016,
912,,1804,1017,
912,,1804,1018,
912,,1804,1019,
912,,1804,1020,
912,,1804,1021,
912,,1804,1022,
912,,1804,1106,
912,,1804,1107,
912,,1804,2001,
912,,1804,2002,
912,,1804,2003,
912,,1804,2004,
912,,1804,2005,
912,,1804,2014,
912,,1804,2015,
912,,1804,2016,
912,,1804,2017,
912,,1804,2018,
912,,1804,2019,
912,,1805,1018,
912,,1805,1019,
912,,1805,1020,
912,,1805,1021,
912,,1805,1022,
912,,1805,1023,
912,,1805,1105,
912,,1805,1106,
912,,1805,2001,
912,,1805,2002,
912,,1805,2003,
912,,1805,2004,
912,,1805,2005,
912,,1805,2006,
912,,1805,2013,
912,,1805,2014,
912,,1805,2015,
912,,1805,2016,
912,,1805,2017,
912,,1806,1019,
912,,1806,1020,
912,,1806,1021,
912,,1806,1022,
912,,1806,1023,
912,,1806,1024,
912,,1806,1025,
912,,1806,1104,
912,,1806,1105,
912,,1806,1106,
912,,1806,2003,
912,,1806,2004,
912,,1806,2005,
912,,1806,2006,
912,,1806,2007,
912,,1806,2012,
912,,1806,2013,
912,,1806,2014,
912,,1806,2015,
912,,1806,2016,
912,,1806,2017,
912,,1807,1021,
912,,1807,1022,
912,,1807,1023,
912,,1807,1024,
912,,1807,1025,
912,,1807,1026,
912,,1807,1104,
912,,1807,1105,
912,,1807,1909,
912,,1807,2004,
912,,1807,2005,
912,,1807,2006,
912,,1807,2007,
912,,1807,2008,
912,,1807,2011,
912,,1807,2012,
912,,1807,2013,
912,,1807,2014,
912,,1807,2015,
912,,1808,1023,
912,,1808,1024,
912,,1808,1025,
912,,1808,1026,
912,,1808,1027,
912,,1808,1028,
912,,1808,1103,
912,,1808,1104,
912,,1808,1105,
912,,1808,1907,
912,,1808,1908,
912,,1808,1909,
912,,1808,2006,
912,,1808,2007,
912,,1808,2008,
912,,1808,2009,
912,,1808,2010,
912,,1808,2011,
912,,1808,2012,
912,,1808,2013,
912,,1809,1024,
912,,1809,1025,
912,,1809,1026,
912,,1809,1027,
912,,1809,1028,
912,,1809,1029,
912,,1809,1102,
912,,1809,1103,
912,,1809,1104,
912,,1809,1906,
912,,1809,1907,
912,,1809,1908,
912,,1809,1909,
912,,1809,2007,
912,,1809,2008,
912,,1809,2009,
912,,1809,2010,
912,,1809,2011,
912,,1809,2012,
912,,1810,1025,
912,,1810,1026,
912,,1810,1027,
912,,1810,1028,
912,,1810,1029,
912,,1810,1102,
912,,1810,1103,
912,,1810,1905,
912,,1810,1906,
912,,1810,1907,
912,,1810,1908,
912,,1810,1909,
912,,1810,2007,
912,,1810,2008,
912,,1810,2009,
912,,1810,2010,
912,,1810,2011,
912,,1811,1027,
912,,1811,1028,
912,,1811,1029,
912,,1811,1030,
912,,1811,1101,
912,,1811,1102,
912,,1811,1103,
912,,1811,1701,
912,,1811,1726,
912,,1811,1904,
912,,1811,1905,
912,,1811,1906,
912,,1811,1907,
912,,1811,1908,
912,,1811,1909,
912,,1811,2009,
912,,1811,2010,
912,,1901,1704,
912,,1901,1705,
912,,1902,1704,
912,,1902,1705,
912,,1903,1705,
912,,1903,1706,
912,,1904,1706,
912,,1904,1707,
912,,1904,1811,
912,,1905,1706,
912,,1905,1707,
912,,1905,1708,
912,,1905,1810,
912,,1905,1811,
912,,1906,1706,
912,,1906,1707,
912,,1906,1708,
912,,1906,1809,
912,,1906,1810,
912,,1906,1811,
912,,1907,1706,
912,,1907,1707,
912,,1907,1708,
912,,1907,1709,
912,,1907,1808,
912,,1907,1809,
912,,1907,1810,
912,,1907,1811,
912,,1908,1707,
912,,1908,1708,
912,,1908,1709,
912,,1908,1808,
912,,1908,1809,
912,,1908,1810,
912,,1908,1811,
912,,1909,1707,
912,,1909,1708,
912,,1909,1709,
912,,1909,1807,
912,,1909,1808,
912,,1909,1809,
912,,1909,1810,
912,,1909,1811,
912,,2001,1118,
912,,2001,1119,
912,,2001,1120,
912,,2001,1408,
912,,2001,1409,
912,,2001,1410,
912,,2001,1509,
912,,2001,1601,
912,,2001,1602,
912,,2001,1714,
912,,2001,1715,
912,,2001,1716,
912,,2001,1802,
912,,2001,1803,
912,,2001,1804,
912,,2001,1805,
912,,2002,1118,
912,,2002,1119,
912,,2002,1120,
912,,2002,1121,
912,,2002,1408,
912,,2002,1409,
912,,2002,1410,
912,,2002,1509,
912,,2002,1601,
912,,2002,1602,
912,,2002,1603,
912,,2002,1715,
912,,2002,1716,
912,,2002,1803,
912,,2002,1804,
912,,2002,1805,
912,,2003,1119,
912,,2003,1120,
912,,2003,1121,
912,,2003,1409,
912,,2003,1410,
912,,2003,1509,
912,,2003,1601,
912,,2003,1602,
912,,2003,1603,
912,,2003,1715,
912,,2003,1716,
912,,2003,1717,
912,,2003,1803,
912,,2003,1804,
912,,2003,1805,
912,,2003,1806,
912,,2004,1119,
912,,2004,1120,
912,,2004,1121,
912,,2004,1122,
912,,2004,1410,
912,,2004,1509,
912,,2004,1601,
912,,2004,1602,
912,,2004,1603,
912,,2004,1716,
912,,2004,1717,
912,,2004,1804,
912,,2004,1805,
912,,2004,1806,
912,,2004,1807,
912,,2005,1120,
912,,2005,1121,
912,,2005,1122,
912,,2005,1410,
912,,2005,1602,
912,,2005,1603,
912,,2005,1604,
912,,2005,1716,
912,,2005,1717,
912,,2005,1718,
912,,2005,1804,
912,,2005,1805,
912,,2005,1806,
912,,2005,1807,
912,,2006,1121,
912,,2006,1122,
912,,2006,1123,
912,,2006,1603,
912,,2006,1604,
912,,2006,1605,
912,,2006,1717,
912,,2006,1718,
912,,2006,1719,
912,,2006,1805,
912,,2006,1806,
912,,2006,1807,
912,,2006,1808,
912,,2007,1121,
912,,2007,1122,
912,,2007,1123,
912,,2007,1124,
912,,2007,1604,
912,,2007,1605,
912,,2007,1606,
912,,2007,1717,
912,,2007,1718,
912,,2007,1719,
912,,2007,1720,
912,,2007,1806,
912,,2007,1807,
912,,2007,1808,
912,,2007,1809,
912,,2007,1810,
912,,2008,1122,
912,,2008,1123,
912,,2008,1124,
912,,2008,1604,
912,,2008,1605,
912,,2008,1606,
912,,2008,1607,
912,,2008,1718,
912,,2008,1719,
912,,2008,1720,
912,,2008,1807,
912,,2008,1808,
912,,2008,1809,
912,,2008,1810,
912,,2009,1123,
912,,2009,1124,
912,,2009,1125,
912,,2009,1604,
912,,2009,1605,
912,,2009,1606,
912,,2009,1607,
912,,2009,1718,
912,,2009,1719,
912,,2009,1720,
912,,2009,1808,
912,,2009,1809,
912,,2009,1810,
912,,2009,1811,
912,,2010,1123,
912,,2010,1124,
912,,2010,1125,
912,,2010,1126,
912,,2010,1605,
912,,2010,1606,
912,,2010,1607,
912,,2010,1608,
912,,2010,1719,
912,,2010,1720,
912,,2010,1808,
912,,2010,1809,
912,,2010,1810,
912,,2010,1811,
912,,2011,1122,
912,,2011,1123,
912,,2011,1124,
912,,2011,1604,
912,,2011,1605,
912,,2011,1606,
912,,2011,1607,
912,,2011,1718,
912,,2011,1719,
912,,2011,1720,
912,,2011,1807,
912,,2011,1808,
912,,2011,1809,
912,,2011,1810,
912,,2012,1121,
912,,2012,1122,
912,,2012,1123,
912,,2012,1603,
912,,2012,1604,
912,,2012,1605,
912,,2012,1606,
912,,2012,1717,
912,,2012,1718,
912,,2012,1719,
912,,2012,1806,
912,,2012,1807,
912,,2012,1808,
912,,2012,1809,
912,,2013,1120,
912,,2013,1121,
912,,2013,1122,
912,,2013,1123,
912,,2013,1602,
912,,2013,1603,
912,,2013,1604,
912,,2013,1717,
912,,2013,1718,
912,,2013,1805,
912,,2013,1806,
912,,2013,1807,
912,,2013,1808,
912,,2014,1120,
912,,2014,1121,
912,,2014,1122,
912,,2014,1410,
912,,2014,1602,
912,,2014,1603,
912,,2014,1604,
912,,2014,1716,
912,,2014,1717,
912,,2014,1718,
912,,2014,1804,
912,,2014,1805,
912,,2014,1806,
912,,2014,1807,
912,,2015,1119,
912,,2015,1120,
912,,2015,1121,
912,,2015,1410,
912,,2015,1509,
912,,2015,1601,
912,,2015,1602,
912,,2015,1603,
912,,2015,1716,
912,,2015,1717,
912,,2015,1804,
912,,2015,1805,
912,,2015,1806,
912,,2015,1807,
912,,2016,1119,
912,,2016,1120,
912,,2016,1121,
912,,2016,1409,
912,,2016,1410,
912,,2016,1509,
912,,2016,1601,
912,,2016,1602,
912,,2016,1603,
912,,2016,1715,
912,,2016,1716,
912,,2016,1717,
912,,2016,1804,
912,,2016,1805,
912,,2016,1806,
912,,2017,1119,
912,,2017,1120,
912,,2017,1121,
912,,2017,1408,
912,,2017,1409,
912,,2017,1410,
912,,2017,1509,
912,,2017,1601,
912,,2017,1602,
912,,2017,1603,
912,,2017,1715,
912,,2017,1716,
912,,2017,1803,
912,,2017,1804,
912,,2017,1805,
912,,2017,1806,
912,,2018,1118,
912,,2018,1119,
912,,2018,1120,
912,,2018,1407,
912,,2018,1408,
912,,2018,1409,
912,,2018,1410,
912,,2018,1508,
912,,2018,1509,
912,,2018,1601,
912,,2018,1602,
912,,2018,1714,
912,,2018,1715,
912,,2018,1716,
912,,2018,1802,
912,,2018,1803,
912,,2018,1804,
912,,2019,1117,
912,,2019,1118,
912,,2019,1119,
912,,2019,1406,
912,,2019,1407,
912,,2019,1408,
912,,2019,1409,
912,,2019,1410,
912,,2019,1507,
912,,2019,1508,
912,,2019,1509,
912,,2019,1601,
912,,2019,1713,
912,,2019,1714,
912,,2019,1715,
912,,2019,1801,
912,,2019,1802,
912,,2019,1803,
912,,2019,1804,
912,,2020,1116,
912,,2020,1117,
912,,2020,1118,
912,,2020,1119,
912,,2020,1405,
912,,2020,1406,
912,,2020,1407,
912,,2020,1408,
912,,2020,1409,
912,,2020,1505,
912,,2020,1506,
912,,2020,1507,
912,,2020,1508,
912,,2020,1509,
912,,2020,1601,
912,,2020,1712,
912,,2020,1713,
912,,2020,1714,
912,,2020,1715,
912,,2020,1801,
912,,2020,1802,
912,,2020,1803,
912,,2021,1114,
912,,2021,1115,
912,,2021,1116,
912,,2021,1117,
912,,2021,1118,
912,,2021,1405,
912,,2021,1406,
912,,2021,1407,
912,,2021,1408,
912,,2021,1504,
912,,2021,1505,
912,,2021,1506,
912,,2021,1507,
912,,2021,1508,
912,,2021,1712,
912,,2021,1713,
912,,2021,1714,
912,,2021,1715,
912,,2021,1801,
912,,2021,1802,
912,,2021,1803,
912,,2022,1114,
912,,2022,1115,
912,,2022,1116,
912,,2022,1117,
912,,2022,1118,
912,,2022,1404,
912,,2022,1405,
912,,2022,1406,
912,,2022,1407,
912,,2022,1504,
912,,2022,1505,
912,,2022,1506,
912,,2022,1507,
912,,2022,1508,
912,,2022,1712,
912,,2022,1713,
912,,2022,1714,
912,,2022,1801,
912,,2022,1802,
912,,2023,1113,
912,,2023,1114,
912,,2023,1115,
912,,2023,1116,
912,,2023,1117,
912,,2023,1403,
912,,2023,1404,
912,,2023,1405,
912,,2023,1406,
912,,2023,1407,
912,,2023,1503,
912,,2023,1504,
912,,2023,1505,
912,,2023,1506,
912,,2023,1507,
912,,2023,1508,
912,,2023,1711,
912,,2023,1712,
912,,2023,1713,
912,,2023,1801,
912,,2024,1112,
912,,2024,1113,
912,,2024,1114,
912,,2024,1115,
912,,2024,1116,
912,,2024,1403,
912,,2024,1404,
912,,2024,1405,
912,,2024,1503,
912,,2024,1504,
912,,2024,1505,
912,,2024,1506,
912,,2024,1710,
912,,2024,1711,
912,,2024,1712,
912,,2025,1112,
912,,2025,1113,
912,,2025,1114,
912,,2025,1402,
912,,2025,1403,
912,,2025,1404,
912,,2025,1502,
912,,2025,1503,
912,,2025,1504,
912,,2025,1710,
912,,2025,1711,
912,,2026,1111,
912,,2026,1112,
912,,2026,1113,
912,,2026,1401,
912,,2026,1402,
912,,2026,1403,
912,,2026,1501,
912,,2026,1502,
912,,2026,1503,
912,,2026,1710,
912,,2026,1711,
912,,2027,1111,
912,,2027,1112,
912,,2027,1113,
912,,2027,1401,
912,,2027,1402,
912,,2027,1403,
912,,2027,1501,
912,,2027,1502,
912,,2027,1503,
912,,2027,1710,
912,,2027,1711,
912,,2028,1001,
912,,2028,1109,
912,,2028,1110,
912,,2028,1111,
912,,2028,1112,
912,,2028,1304,
912,,2028,1305,
912,,2028,1401,
912,,2028,1402,
912,,2028,1501,
912,,2028,1502,
912,,2028,1709,
912,,2028,1710,
912,,2029,1001,
912,,2029,1002,
912,,2029,1003,
912,,2029,1109,
912,,2029,1110,
912,,2029,1111,
912,,2029,1112,
912,,2029,1302,
912,,2029,1303,
912,,2029,1304,
912,,2029,1305,
912,,2029,1401,
912,,2029,1402,
912,,2029,1501,
912,,2029,1502,
912,,2029,1709,
912,,2029,1710,
912,,2030,1001,
912,,2030,1002,
912,,2030,1003,
912,,2030,1004,
912,,2030,1005,
912,,2030,1109,
912,,2030,1110,
912,,2030,1111,
912,,2030,1301,
912,,2030,1302,
912,,2030,1303,
912,,2030,1304,
912,,2030,1305,
912,,2030,1401,
912,,2030,1501,
912,,2030,1502,
912,,2030,1709,
912,,2031,1001,
912,,2031,1002,
912,,2031,1003,
912,,2031,1004,
912,,2031,1005,
912,,2031,1006,
912,,2031,1108,
912,,2031,1109,
912,,2031,1110,
912,,2031,1111,
912,,2031,1301,
912,,2031,1302,
912,,2031,1303,
912,,2031,1304,
912,,2031,1305,
912,,2031,1401,
912,,2031,1501,
912,,2031,1708,
912,,2031,1709,
912,,2032,1001,
912,,2032,1002,
912,,2032,1003,
912,,2032,1004,
912,,2032,1005,
912,,2032,1006,
912,,2032,1007,
912,,2032,1008,
912,,2032,1009,
912,,2032,1107,
912,,2032,1108,
912,,2032,1109,
912,,2032,1110,
912,,2032,1301,
912,,2032,1302,
912,,2032,1303,
912,,2032,1304,
912,,2032,1305,
912,,2032,1707,
912,,2032,1708,
912,,2032,1709,
912,,2033,1002,
912,,2033,1003,
912,,2033,1004,
912,,2033,1005,
912,,2033,1006,
912,,2033,1007,
912,,2033,1008,
912,,2033,1009,
912,,2033,1010,
912,,2033,1011,
912,,2033,1107,
912,,2033,1108,
912,,2033,1301,
912,,2033,1302,
912,,2033,1303,
912,,2033,1706,
912,,2033,1707,
912,,2033,1708,
912,,2034,1004,
912,,2034,1005,
912,,2034,1006,
912,,2034,1007,
912,,2034,1008,
912,,2034,1009,
912,,2034,1010,
912,,2034,1011,
912,,2034,1012,
912,,2034,1013,
912,,2034,1107,
912,,2034,1108,
912,,2034,1201,
912,,2034,1202,
912,,2034,1301,
912,,2034,1706,
912,,2034,1707,
912,,2034,1708,
912,,2035,1005,
912,,2035,1006,
912,,2035,1007,
912,,2035,1008,
912,,2035,1009,
912,,2035,1010,
912,,2035,1011,
912,,2035,1012,
912,,2035,1013,
912,,2035,1106,
912,,2035,1107,
912,,2035,1108,
912,,2035,1201,
912,,2035,1202,
912,,2035,1706,
912,,2035,1707,
912,,2035,1708,
912,,2101,2136,
912,,2101,2137,
912,,2101,2138,
912,,2101,2139,
912,,2102,2137,
912,,2102,2138,
912,,2102,2139,
912,,2103,2137,
912,,2103,2138,
912,,2103,2139,
912,,2104,2137,
912,,2104,2138,
912,,2104,2139,
912,,2105,2138,
912,,2105,2139,
912,,2106,2139,
912,,2136,2101,
912,,2137,2101,
912,,2137,2102,
912,,2137,2103,
912,,2137,2104,
912,,2138,2101,
912,,2138,2102,
912,,2138,2103,
912,,2138,2104,
912,,2138,2105,
912,,2139,2101,
912,,2139,2102,
912,,2139,2103,
912,,2139,2104,
912,,2139,2105,
912,,2139,2106,
995,,1001,1113,
995,,1001,1114,
995,,1001,1115,
995,,1001,1116,
995,,1001,1117,
995,,1001,1403,
995,,1001,1404,
995,,1001,1405,
995,,1001,1406,
995,,1001,1407,
995,,1001,1503,
995,,1001,1504,
995,,1001,1505,
995,,1001,1506,
995,,1001,1507,
995,,1001,1508,
995,,1001,1711,
995,,1001,1712,
995,,1001,1713,
995,,1001,1801,
995,,1001,2033,
995,,1001,2034,
995,,1001,2035,
995,,1002,1113,
995,,1002,1114,
995,,1002,1115,
995,,1002,1116,
995,,1002,1117,
995,,1002,1403,
995,,1002,1404,
995,,1002,1405,
995,,1002,1406,
995,,1002,1407,
995,,1002,1503,
995,,1002,1504,
995,,1002,1505,
995,,1002,1506,
995,,1002,1507,
995,,1002,1508,
995,,1002,1712,
995,,1002,1713,
995,,1002,1714,
995,,1002,1801,
995,,1002,1802,
995,,1002,2034,
995,,1002,2035,
995,,1003,1113,
995,,1003,1114,
995,,1003,1115,
995,,1003,1116,
995,,1003,1117,
995,,1003,1403,
995,,1003,1404,
995,,1003,1405,
995,,1003,1406,
995,,1003,1407,
995,,1003,1503,
995,,1003,1504,
995,,1003,1505,
995,,1003,1506,
995,,1003,1507,
995,,1003,1508,
995,,1003,1712,
995,,1003,1713,
995,,1003,1714,
995,,1003,1801,
995,,1003,1802,
995,,1003,2034,
995,,1003,2035,
995,,1004,1114,
995,,1004,1115,
995,,1004,1116,
995,,1004,1117,
995,,1004,1118,
995,,1004,1404,
995,,1004,1405,
995,,1004,1406,
995,,1004,1407,
995,,1004,1408,
995,,1004,1504,
995,,1004,1505,
995,,1004,1506,
995,,1004,1507,
995,,1004,1508,
995,,1004,1712,
995,,1004,1713,
995,,1004,1714,
995,,1004,1801,
995,,1004,1802,
995,,1004,2035,
995,,1005,1114,
995,,1005,1115,
995,,1005,1116,
995,,1005,1117,
995,,1005,1118,
995,,1005,1404,
995,,1005,1405,
995,,1005,1406,
995,,1005,1407,
995,,1005,1408,
995,,1005,1504,
995,,1005,1505,
995,,1005,1506,
995,,1005,1507,
995,,1005,1508,
995,,1005,1712,
995,,1005,1713,
995,,1005,1714,
995,,1005,1801,
995,,1005,1802,
995,,1005,1803,
995,,1006,1115,
995,,1006,1116,
995,,1006,1117,
995,,1006,1118,
995,,1006,1405,
995,,1006,1406,
995,,1006,1407,
995,,1006,1408,
995,,1006,1409,
995,,1006,1505,
995,,1006,1506,
995,,1006,1507,
995,,1006,1508,
995,,1006,1712,
995,,1006,1713,
995,,1006,1714,
995,,1006,1715,
995,,1006,1801,
995,,1006,1802,
995,,1006,1803,
995,,1007,1116,
995,,1007,1117,
995,,1007,1118,
995,,1007,1119,
995,,1007,1405,
995,,1007,1406,
995,,1007,1407,
995,,1007,1408,
995,,1007,1409,
995,,1007,1505,
995,,1007,1506,
995,,1007,1507,
995,,1007,1508,
995,,1007,1509,
995,,1007,1601,
995,,1007,1712,
995,,1007,1713,
995,,1007,1714,
995,,1007,1715,
995,,1007,1801,
995,,1007,1802,
995,,1007,1803,
995,,1008,1116,
995,,1008,1117,
995,,1008,1118,
995,,1008,1119,
995,,1008,1405,
995,,1008,1406,
995,,1008,1407,
995,,1008,1408,
995,,1008,1409,
995,,1008,1506,
995,,1008,1507,
995,,1008,1508,
995,,1008,1509,
995,,1008,1601,
995,,1008,1713,
995,,1008,1714,
995,,1008,1715,
995,,1008,1801,
995,,1008,1802,
995,,1008,1803,
995,,1009,1117,
995,,1009,1118,
995,,1009,1119,
995,,1009,1406,
995,,1009,1407,
995,,1009,1408,
995,,1009,1409,
995,,1009,1410,
995,,1009,1507,
995,,1009,1508,
995,,1009,1509,
995,,1009,1601,
995,,1009,1713,
995,,1009,1714,
995,,1009,1715,
995,,1009,1801,
995,,1009,1802,
995,,1009,1803,
995,,1009,1804,
995,,1010,1117,
995,,1010,1118,
995,,1010,1119,
995,,1010,1120,
995,,1010,1407,
995,,1010,1408,
995,,1010,1409,
995,,1010,1410,
995,,1010,1508,
995,,1010,1509,
995,,1010,1601,
995,,1010,1602,
995,,1010,1713,
995,,1010,1714,
995,,1010,1715,
995,,1010,1716,
995,,1010,1801,
995,,1010,1802,
995,,1010,1803,
995,,1010,1804,
995,,1011,1118,
995,,1011,1119,
995,,1011,1120,
995,,1011,1407,
995,,1011,1408,
995,,1011,1409,
995,,1011,1410,
995,,1011,1508,
995,,1011,1509,
995,,1011,1601,
995,,1011,1602,
995,,1011,1714,
995,,1011,1715,
995,,1011,1716,
995,,1011,1802,
995,,1011,1803,
995,,1011,1804,
995,,1012,1118,
995,,1012,1119,
995,,1012,1120,
995,,1012,1408,
995,,1012,1409,
995,,1012,1410,
995,,1012,1509,
995,,1012,1601,
995,,1012,1602,
995,,1012,1714,
995,,1012,1715,
995,,1012,1716,
995,,1012,1802,
995,,1012,1803,
995,,1012,1804,
995,,1012,1805,
995,,1013,1118,
995,,1013,1119,
995,,1013,1120,
995,,1013,1121,
995,,1013,1408,
995,,1013,1409,
995,,1013,1410,
995,,1013,1509,
995,,1013,1601,
995,,1013,1602,
995,,1013,1603,
995,,1013,1715,
995,,1013,1716,
995,,1013,1803,
995,,1013,1804,
995,,1013,1805,
995,,1014,1119,
995,,1014,1120,
995,,1014,1121,
995,,1014,1409,
995,,1014,1410,
995,,1014,1509,
995,,1014,1601,
995,,1014,1602,
995,,1014,1603,
995,,1014,1716,
995,,1014,1717,
995,,1014,1804,
995,,1014,1805,
995,,1014,1806,
995,,1015,1120,
995,,1015,1121,
995,,1015,1122,
995,,1015,1410,
995,,1015,1602,
995,,1015,1603,
995,,1015,1604,
995,,1015,1716,
995,,1015,1717,
995,,1015,1718,
995,,1015,1804,
995,,1015,1805,
995,,1015,1806,
995,,1015,1807,
995,,1016,1120,
995,,1016,1121,
995,,1016,1122,
995,,1016,1123,
995,,1016,1602,
995,,1016,1603,
995,,1016,1604,
995,,1016,1716,
995,,1016,1717,
995,,1016,1718,
995,,1016,1805,
995,,1016,1806,
995,,1016,1807,
995,,1016,1808,
995,,1017,1121,
995,,1017,1122,
995,,1017,1123,
995,,1017,1603,
995,,1017,1604,
995,,1017,1605,
995,,1017,1717,
995,,1017,1718,
995,,1017,1719,
995,,1017,1805,
995,,1017,1806,
995,,1017,1807,
995,,1017,1808,
995,,1017,1809,
995,,1018,1121,
995,,1018,1122,
995,,1018,1123,
995,,1018,1124,
995,,1018,1603,
995,,1018,1604,
995,,1018,1605,
995,,1018,1606,
995,,1018,1717,
995,,1018,1718,
995,,1018,1719,
995,,1018,1806,
995,,1018,1807,
995,,1018,1808,
995,,1018,1809,
995,,1019,1122,
995,,1019,1123,
995,,1019,1124,
995,,1019,1604,
995,,1019,1605,
995,,1019,1606,
995,,1019,1607,
995,,1019,1717,
995,,1019,1718,
995,,1019,1719,
995,,1019,1720,
995,,1019,1807,
995,,1019,1808,
995,,1019,1809,
995,,1019,1810,
995,,1020,1122,
995,,1020,1123,
995,,1020,1124,
995,,1020,1604,
995,,1020,1605,
995,,1020,1606,
995,,1020,1607,
995,,1020,1718,
995,,1020,1719,
995,,1020,1720,
995,,1020,1807,
995,,1020,1808,
995,,1020,1809,
995,,1020,1810,
995,,1021,1123,
995,,1021,1124,
995,,1021,1125,
995,,1021,1605,
995,,1021,1606,
995,,1021,1607,
995,,1021,1718,
995,,1021,1719,
995,,1021,1720,
995,,1021,1808,
995,,1021,1809,
995,,1021,1810,
995,,1021,1811,
995,,1022,1123,
995,,1022,1124,
995,,1022,1125,
995,,1022,1126,
995,,1022,1605,
995,,1022,1606,
995,,1022,1607,
995,,1022,1608,
995,,1022,1719,
995,,1022,1720,
995,,1022,1721,
995,,1022,1808,
995,,1022,1809,
995,,1022,1810,
995,,1022,1811,
995,,1023,1124,
995,,1023,1125,
995,,1023,1126,
995,,1023,1606,
995,,1023,1607,
995,,1023,1608,
995,,1023,1720,
995,,1023,1721,
995,,1023,1809,
995,,1023,1810,
995,,1023,1811,
995,,1024,1124,
995,,1024,1125,
995,,1024,1126,
995,,1024,1607,
995,,1024,1608,
995,,1024,1720,
995,,1024,1721,
995,,1024,1722,
995,,1024,1810,
995,,1024,1811,
995,,1025,1125,
995,,1025,1126,
995,,1025,1607,
995,,1025,1608,
995,,1025,1721,
995,,1025,1722,
995,,1025,1811,
995,,1026,1125,
995,,1026,1126,
995,,1026,1608,
995,,1026,1721,
995,,1026,1722,
995,,1026,1723,
995,,1026,1811,
995,,1027,1721,
995,,1027,1722,
995,,1027,1723,
995,,1028,1722,
995,,1028,1723,
995,,1029,1722,
995,,1029,1723,
995,,1029,1724,
995,,1029,1901,
995,,1030,1723,
995,,1030,1724,
995,,1030,1725,
995,,1030,1901,
995,,1030,1902,
995,,1101,1723,
995,,1101,1724,
995,,1101,1725,
995,,1101,1901,
995,,1101,1902,
995,,1102,1722,
995,,1102,1723,
995,,1103,1721,
995,,1103,1722,
995,,1103,1723,
995,,1104,1720,
995,,1104,1721,
995,,1104,1722,
995,,1104,1810,
995,,1104,1811,
995,,1105,1719,
995,,1105,1720,
995,,1105,1721,
995,,1105,1809,
995,,1105,1810,
995,,1105,1811,
995,,1106,1718,
995,,1106,1719,
995,,1106,1720,
995,,1106,1807,
995,,1106,1808,
995,,1106,1809,
995,,1106,1810,
995,,1106,1811,
995,,1107,1717,
995,,1107,1718,
995,,1107,1719,
995,,1107,1805,
995,,1107,1806,
995,,1107,1807,
995,,1107,1808,
995,,1108,1716,
995,,1108,1717,
995,,1108,1718,
995,,1108,1804,
995,,1108,1805,
995,,1108,1806,
995,,1108,1807,
995,,1109,1715,
995,,1109,1716,
995,,1109,1803,
995,,1109,1804,
995,,1109,1805,
995,,1109,1806,
995,,1109,2033,
995,,1109,2034,
995,,1109,2035,
995,,1110,1714,
995,,1110,1715,
995,,1110,1716,
995,,1110,1802,
995,,1110,1803,
995,,1110,1804,
995,,1110,2033,
995,,1110,2034,
995,,1110,2035,
995,,1111,1713,
995,,1111,1714,
995,,1111,1715,
995,,1111,1801,
995,,1111,1802,
995,,1111,1803,
995,,1111,1804,
995,,1111,2032,
995,,1111,2033,
995,,1111,2034,
995,,1111,2035,
995,,1112,1712,
995,,1112,1713,
995,,1112,1714,
995,,1112,1715,
995,,1112,1801,
995,,1112,1802,
995,,1112,1803,
995,,1112,2030,
995,,1112,2031,
995,,1112,2032,
995,,1112,2033,
995,,1112,2034,
995,,1113,1001,
995,,1113,1002,
995,,1113,1003,
995,,1113,1302,
995,,1113,1303,
995,,1113,1304,
995,,1113,1305,
995,,1113,1711,
995,,1113,1712,
995,,1113,1713,
995,,1113,1801,
995,,1113,2028,
995,,1113,2029,
995,,1113,2030,
995,,1113,2031,
995,,1113,2032,
995,,1114,1001,
995,,1114,1002,
995,,1114,1003,
995,,1114,1004,
995,,1114,1005,
995,,1114,1301,
995,,1114,1302,
995,,1114,1303,
995,,1114,1304,
995,,1114,1305,
995,,1114,1710,
995,,1114,1711,
995,,1114,1712,
995,,1114,2026,
995,,1114,2027,
995,,1114,2028,
995,,1114,2029,
995,,1114,2030,
995,,1114,2031,
995,,1115,1001,
995,,1115,1002,
995,,1115,1003,
995,,1115,1004,
995,,1115,1005,
995,,1115,1006,
995,,1115,1301,
995,,1115,1302,
995,,1115,1303,
995,,1115,1304,
995,,1115,1305,
995,,1115,1710,
995,,1115,1711,
995,,1115,1712,
995,,1115,2025,
995,,1115,2026,
995,,1115,2027,
995,,1115,2028,
995,,1115,2029,
995,,1115,2030,
995,,1115,2031,
995,,1116,1001,
995,,1116,1002,
995,,1116,1003,
995,,1116,1004,
995,,1116,1005,
995,,1116,1006,
995,,1116,1007,
995,,1116,1008,
995,,1116,1301,
995,,1116,1302,
995,,1116,1303,
995,,1116,1304,
995,,1116,1305,
995,,1116,1710,
995,,1116,1711,
995,,1116,2025,
995,,1116,2026,
995,,1116,2027,
995,,1116,2028,
995,,1116,2029,
995,,1116,2030,
995,,1117,1001,
995,,1117,1002,
995,,1117,1003,
995,,1117,1004,
995,,1117,1005,
995,,1117,1006,
995,,1117,1007,
995,,1117,1008,
995,,1117,1009,
995,,1117,1010,
995,,1117,1301,
995,,1117,1302,
995,,1117,1303,
995,,1117,1304,
995,,1117,1305,
995,,1117,1710,
995,,1117,1711,
995,,1117,2024,
995,,1117,2025,
995,,1117,2026,
995,,1117,2027,
995,,1117,2028,
995,,1117,2029,
995,,1118,1004,
995,,1118,1005,
995,,1118,1006,
995,,1118,1007,
995,,1118,1008,
995,,1118,1009,
995,,1118,1010,
995,,1118,1011,
995,,1118,1012,
995,,1118,1013,
995,,1118,1201,
995,,1118,1202,
995,,1118,1301,
995,,1118,1709,
995,,1118,1710,
995,,1118,2023,
995,,1118,2024,
995,,1118,2025,
995,,1118,2026,
995,,1118,2027,
995,,1119,1007,
995,,1119,1008,
995,,1119,1009,
995,,1119,1010,
995,,1119,1011,
995,,1119,1012,
995,,1119,1013,
995,,1119,1014,
995,,1119,1201,
995,,1119,1202,
995,,1119,1709,
995,,1119,2021,
995,,1119,2022,
995,,1119,2023,
995,,1119,2024,
995,,1119,2025,
995,,1120,1010,
995,,1120,1011,
995,,1120,1012,
995,,1120,1013,
995,,1120,1014,
995,,1120,1015,
995,,1120,1016,
995,,1120,1201,
995,,1120,1202,
995,,1120,1707,
995,,1120,1708,
995,,1120,1709,
995,,1120,2019,
995,,1120,2020,
995,,1120,2021,
995,,1120,2022,
995,,1120,2023,
995,,1121,1013,
995,,1121,1014,
995,,1121,1015,
995,,1121,1016,
995,,1121,1017,
995,,1121,1018,
995,,1121,1201,
995,,1121,1706,
995,,1121,1707,
995,,1121,1708,
995,,1121,1709,
995,,1121,2001,
995,,1121,2018,
995,,1121,2019,
995,,1121,2020,
995,,1121,2021,
995,,1121,2022,
995,,1122,1015,
995,,1122,1016,
995,,1122,1017,
995,,1122,1018,
995,,1122,1019,
995,,1122,1020,
995,,1122,1706,
995,,1122,1707,
995,,1122,1708,
995,,1122,2001,
995,,1122,2002,
995,,1122,2003,
995,,1122,2015,
995,,1122,2016,
995,,1122,2017,
995,,1122,2018,
995,,1122,2019,
995,,1122,2020,
995,,1123,1016,
995,,1123,1017,
995,,1123,1018,
995,,1123,1019,
995,,1123,1020,
995,,1123,1021,
995,,1123,1022,
995,,1123,1706,
995,,1123,1707,
995,,1123,2001,
995,,1123,2002,
995,,1123,2003,
995,,1123,2004,
995,,1123,2005,
995,,1123,2014,
995,,1123,2015,
995,,1123,2016,
995,,1123,2017,
995,,1123,2018,
995,,1123,2019,
995,,1124,1018,
995,,1124,1019,
995,,1124,1020,
995,,1124,1021,
995,,1124,1022,
995,,1124,1023,
995,,1124,1024,
995,,1124,1705,
995,,1124,1706,
995,,1124,2001,
995,,1124,2002,
995,,1124,2003,
995,,1124,2004,
995,,1124,2005,
995,,1124,2006,
995,,1124,2012,
995,,1124,2013,
995,,1124,2014,
995,,1124,2015,
995,,1124,2016,
995,,1124,2017,
995,,1125,1021,
995,,1125,1022,
995,,1125,1023,
995,,1125,1024,
995,,1125,1025,
995,,1125,1026,
995,,1125,1704,
995,,1125,1705,
995,,1125,2004,
995,,1125,2005,
995,,1125,2006,
995,,1125,2007,
995,,1125,2008,
995,,1125,2011,
995,,1125,2012,
995,,1125,2013,
995,,1125,2014,
995,,1125,2015,
995,,1126,1022,
995,,1126,1023,
995,,1126,1024,
995,,1126,1025,
995,,1126,1026,
995,,1126,1704,
995,,1126,1705,
995,,1126,2005,
995,,1126,2006,
995,,1126,2007,
995,,1126,2008,
995,,1126,2009,
995,,1126,2011,
995,,1126,2012,
995,,1126,2013,
995,,1126,2014,
995,,1201,1118,
995,,1201,1119,
995,,1201,1120,
995,,1201,1121,
995,,1201,1408,
995,,1201,1409,
995,,1201,1410,
995,,1201,1509,
995,,1201,1601,
995,,1201,1602,
995,,1201,1603,
995,,1201,1715,
995,,1201,1716,
995,,1201,1803,
995,,1201,1804,
995,,1201,1805,
995,,1202,1118,
995,,1202,1119,
995,,1202,1120,
995,,1202,1408,
995,,1202,1409,
995,,1202,1410,
995,,1202,1509,
995,,1202,1601,
995,,1202,1602,
995,,1202,1714,
995,,1202,1715,
995,,1202,1716,
995,,1202,1802,
995,,1202,1803,
995,,1202,1804,
995,,1202,1805,
995,,1301,1114,
995,,1301,1115,
995,,1301,1116,
995,,1301,1117,
995,,1301,1118,
995,,1301,1404,
995,,1301,1405,
995,,1301,1406,
995,,1301,1407,
995,,1301,1408,
995,,1301,1504,
995,,1301,1505,
995,,1301,1506,
995,,1301,1507,
995,,1301,1508,
995,,1301,1712,
995,,1301,1713,
995,,1301,1714,
995,,1301,1801,
995,,1301,1802,
995,,1301,2035,
995,,1302,1113,
995,,1302,1114,
995,,1302,1115,
995,,1302,1116,
995,,1302,1117,
995,,1302,1403,
995,,1302,1404,
995,,1302,1405,
995,,1302,1406,
995,,1302,1407,
995,,1302,1503,
995,,1302,1504,
995,,1302,1505,
995,,1302,1506,
995,,1302,1507,
995,,1302,1508,
995,,1302,1711,
995,,1302,1712,
995,,1302,1713,
995,,1302,1714,
995,,1302,1801,
995,,1302,1802,
995,,1302,2034,
995,,1302,2035,
995,,1303,1113,
995,,1303,1114,
995,,1303,1115,
995,,1303,1116,
995,,1303,1117,
995,,1303,1403,
995,,1303,1404,
995,,1303,1405,
995,,1303,1406,
995,,1303,1407,
995,,1303,1503,
995,,1303,1504,
995,,1303,1505,
995,,1303,1506,
995,,1303,1507,
995,,1303,1508,
995,,1303,1711,
995,,1303,1712,
995,,1303,1713,
995,,1303,1801,
995,,1303,2034,
995,,1303,2035,
995,,1304,1113,
995,,1304,1114,
995,,1304,1115,
995,,1304,1116,
995,,1304,1117,
995,,1304,1403,
995,,1304,1404,
995,,1304,1405,
995,,1304,1406,
995,,1304,1503,
995,,1304,1504,
995,,1304,1505,
995,,1304,1506,
995,,1304,1507,
995,,1304,1711,
995,,1304,1712,
995,,1304,1713,
995,,1304,1801,
995,,1304,2033,
995,,1304,2034,
995,,1304,2035,
995,,1305,1113,
995,,1305,1114,
995,,1305,1115,
995,,1305,1116,
995,,1305,1117,
995,,1305,1403,
995,,1305,1404,
995,,1305,1405,
995,,1305,1406,
995,,1305,1503,
995,,1305,1504,
995,,1305,1505,
995,,1305,1506,
995,,1305,1507,
995,,1305,1711,
995,,1305,1712,
995,,1305,1713,
995,,1305,1801,
995,,1305,2033,
995,,1305,2034,
995,,1305,2035,
995,,1401,1713,
995,,1401,1714,
995,,1401,1715,
995,,1401,1801,
995,,1401,1802,
995,,1401,1803,
995,,1401,1804,
995,,1401,2032,
995,,1401,2033,
995,,1401,2034,
995,,1401,2035,
995,,1402,1712,
995,,1402,1713,
995,,1402,1714,
995,,1402,1715,
995,,1402,1801,
995,,1402,1802,
995,,1402,1803,
995,,1402,2030,
995,,1402,2031,
995,,1402,2032,
995,,1402,2033,
995,,1402,2034,
995,,1402,2035,
995,,1403,1001,
995,,1403,1002,
995,,1403,1003,
995,,1403,1302,
995,,1403,1303,
995,,1403,1304,
995,,1403,1305,
995,,1403,1711,
995,,1403,1712,
995,,1403,1713,
995,,1403,1801,
995,,1403,2028,
995,,1403,2029,
995,,1403,2030,
995,,1403,2031,
995,,1403,2032,
995,,1404,1001,
995,,1404,1002,
995,,1404,1003,
995,,1404,1004,
995,,1404,1005,
995,,1404,1301,
995,,1404,1302,
995,,1404,1303,
995,,1404,1304,
995,,1404,1305,
995,,1404,1711,
995,,1404,1712,
995,,1404,2026,
995,,1404,2027,
995,,1404,2028,
995,,1404,2029,
995,,1404,2030,
995,,1404,2031,
995,,1405,1001,
995,,1405,1002,
995,,1405,1003,
995,,1405,1004,
995,,1405,1005,
995,,1405,1006,
995,,1405,1007,
995,,1405,1008,
995,,1405,1301,
995,,1405,1302,
995,,1405,1303,
995,,1405,1304,
995,,1405,1305,
995,,1405,1710,
995,,1405,1711,
995,,1405,1712,
995,,1405,2025,
995,,1405,2026,
995,,1405,2027,
995,,1405,2028,
995,,1405,2029,
995,,1405,2030,
995,,1406,1001,
995,,1406,1002,
995,,1406,1003,
995,,1406,1004,
995,,1406,1005,
995,,1406,1006,
995,,1406,1007,
995,,1406,1008,
995,,1406,1009,
995,,1406,1301,
995,,1406,1302,
995,,1406,1303,
995,,1406,1304,
995,,1406,1305,
995,,1406,1710,
995,,1406,1711,
995,,1406,2024,
995,,1406,2025,
995,,1406,2026,
995,,1406,2027,
995,,1406,2028,
995,,1406,2029,
995,,1407,1001,
995,,1407,1002,
995,,1407,1003,
995,,1407,1004,
995,,1407,1005,
995,,1407,1006,
995,,1407,1007,
995,,1407,1008,
995,,1407,1009,
995,,1407,1010,
995,,1407,1011,
995,,1407,1301,
995,,1407,1302,
995,,1407,1303,
995,,1407,1710,
995,,1407,1711,
995,,1407,2024,
995,,1407,2025,
995,,1407,2026,
995,,1407,2027,
995,,1407,2028,
995,,1408,1004,
995,,1408,1005,
995,,1408,1006,
995,,1408,1007,
995,,1408,1008,
995,,1408,1009,
995,,1408,1010,
995,,1408,1011,
995,,1408,1012,
995,,1408,1013,
995,,1408,1201,
995,,1408,1202,
995,,1408,1301,
995,,1408,1709,
995,,1408,1710,
995,,1408,2022,
995,,1408,2023,
995,,1408,2024,
995,,1408,2025,
995,,1408,2026,
995,,1408,2027,
995,,1409,1006,
995,,1409,1007,
995,,1409,1008,
995,,1409,1009,
995,,1409,1010,
995,,1409,1011,
995,,1409,1012,
995,,1409,1013,
995,,1409,1014,
995,,1409,1201,
995,,1409,1202,
995,,1409,1709,
995,,1409,2021,
995,,1409,2022,
995,,1409,2023,
995,,1409,2024,
995,,1409,2025,
995,,1410,1009,
995,,1410,1010,
995,,1410,1011,
995,,1410,1012,
995,,1410,1013,
995,,1410,1014,
995,,1410,1015,
995,,1410,1201,
995,,1410,1202,
995,,1410,1708,
995,,1410,1709,
995,,1410,2020,
995,,1410,2021,
995,,1410,2022,
995,,1410,2023,
995,,1410,2024,
995,,1501,1713,
995,,1501,1714,
995,,1501,1715,
995,,1501,1801,
995,,1501,1802,
995,,1501,1803,
995,,1501,1804,
995,,1501,2032,
995,,1501,2033,
995,,1501,2034,
995,,1501,2035,
995,,1502,1712,
995,,1502,1713,
995,,1502,1714,
995,,1502,1715,
995,,1502,1801,
995,,1502,1802,
995,,1502,1803,
995,,1502,2031,
995,,1502,2032,
995,,1502,2033,
995,,1502,2034,
995,,1502,2035,
995,,1503,1001,
995,,1503,1002,
995,,1503,1003,
995,,1503,1302,
995,,1503,1303,
995,,1503,1304,
995,,1503,1305,
995,,1503,1711,
995,,1503,1712,
995,,1503,1713,
995,,1503,1801,
995,,1503,2028,
995,,1503,2029,
995,,1503,2030,
995,,1503,2031,
995,,1503,2032,
995,,1504,1001,
995,,1504,1002,
995,,1504,1003,
995,,1504,1004,
995,,1504,1005,
995,,1504,1301,
995,,1504,1302,
995,,1504,1303,
995,,1504,1304,
995,,1504,1305,
995,,1504,1710,
995,,1504,1711,
995,,1504,1712,
995,,1504,2026,
995,,1504,2027,
995,,1504,2028,
995,,1504,2029,
995,,1504,2030,
995,,1504,2031,
995,,1505,1001,
995,,1505,1002,
995,,1505,1003,
995,,1505,1004,
995,,1505,1005,
995,,1505,1006,
995,,1505,1007,
995,,1505,1301,
995,,1505,1302,
995,,1505,1303,
995,,1505,1304,
995,,1505,1305,
995,,1505,1710,
995,,1505,1711,
995,,1505,1712,
995,,1505,2025,
995,,1505,2026,
995,,1505,2027,
995,,1505,2028,
995,,1505,2029,
995,,1505,2030,
995,,1506,1001,
995,,1506,1002,
995,,1506,1003,
995,,1506,1004,
995,,1506,1005,
995,,1506,1006,
995,,1506,1007,
995,,1506,1008,
995,,1506,1301,
995,,1506,1302,
995,,1506,1303,
995,,1506,1304,
995,,1506,1305,
995,,1506,1710,
995,,1506,1711,
995,,1506,2025,
995,,1506,2026,
995,,1506,2027,
995,,1506,2028,
995,,1506,2029,
995,,1506,2030,
995,,1507,1001,
995,,1507,1002,
995,,1507,1003,
995,,1507,1004,
995,,1507,1005,
995,,1507,1006,
995,,1507,1007,
995,,1507,1008,
995,,1507,1009,
995,,1507,1301,
995,,1507,1302,
995,,1507,1303,
995,,1507,1304,
995,,1507,1305,
995,,1507,1710,
995,,1507,1711,
995,,1507,2024,
995,,1507,2025,
995,,1507,2026,
995,,1507,2027,
995,,1507,2028,
995,,1507,2029,
995,,1508,1001,
995,,1508,1002,
995,,1508,1003,
995,,1508,1004,
995,,1508,1005,
995,,1508,1006,
995,,1508,1007,
995,,1508,1008,
995,,1508,1009,
995,,1508,1010,
995,,1508,1011,
995,,1508,1301,
995,,1508,1302,
995,,1508,1303,
995,,1508,1710,
995,,1508,1711,
995,,1508,2024,
995,,1508,2025,
995,,1508,2026,
995,,1508,2027,
995,,1508,2028,
995,,1509,1007,
995,,1509,1008,
995,,1509,1009,
995,,1509,1010,
995,,1509,1011,
995,,1509,1012,
995,,1509,1013,
995,,1509,1014,
995,,1509,1201,
995,,1509,1202,
995,,1509,1709,
995,,1509,2021,
995,,1509,2022,
995,,1509,2023,
995,,1509,2024,
995,,1509,2025,
995,,1601,1007,
995,,1601,1008,
995,,1601,1009,
995,,1601,1010,
995,,1601,1011,
995,,1601,1012,
995,,1601,1013,
995,,1601,1014,
995,,1601,1201,
995,,1601,1202,
995,,1601,1709,
995,,1601,2021,
995,,1601,2022,
995,,1601,2023,
995,,1601,2024,
995,,1601,2025,
995,,1602,1010,
995,,1602,1011,
995,,1602,1012,
995,,1602,1013,
995,,1602,1014,
995,,1602,1015,
995,,1602,1016,
995,,1602,1201,
995,,1602,1202,
995,,1602,1707,
995,,1602,1708,
995,,1602,1709,
995,,1602,2019,
995,,1602,2020,
995,,1602,2021,
995,,1602,2022,
995,,1602,2023,
995,,1603,1013,
995,,1603,1014,
995,,1603,1015,
995,,1603,1016,
995,,1603,1017,
995,,1603,1018,
995,,1603,1201,
995,,1603,1706,
995,,1603,1707,
995,,1603,1708,
995,,1603,1709,
995,,1603,2001,
995,,1603,2018,
995,,1603,2019,
995,,1603,2020,
995,,1603,2021,
995,,1603,2022,
995,,1603,2023,
995,,1604,1015,
995,,1604,1016,
995,,1604,1017,
995,,1604,1018,
995,,1604,1019,
995,,1604,1020,
995,,1604,1706,
995,,1604,1707,
995,,1604,1708,
995,,1604,2001,
995,,1604,2002,
995,,1604,2003,
995,,1604,2004,
995,,1604,2015,
995,,1604,2016,
995,,1604,2017,
995,,1604,2018,
995,,1604,2019,
995,,1604,2020,
995,,1605,1017,
995,,1605,1018,
995,,1605,1019,
995,,1605,1020,
995,,1605,1021,
995,,1605,1022,
995,,1605,1705,
995,,1605,1706,
995,,1605,2001,
995,,1605,2002,
995,,1605,2003,
995,,1605,2004,
995,,1605,2005,
995,,1605,2013,
995,,1605,2014,
995,,1605,2015,
995,,1605,2016,
995,,1605,2017,
995,,1605,2018,
995,,1606,1018,
995,,1606,1019,
995,,1606,1020,
995,,1606,1021,
995,,1606,1022,
995,,1606,1023,
995,,1606,1705,
995,,1606,1706,
995,,1606,2001,
995,,1606,2002,
995,,1606,2003,
995,,1606,2004,
995,,1606,2005,
995,,1606,2006,
995,,1606,2013,
995,,1606,2014,
995,,1606,2015,
995,,1606,2016,
995,,1606,2017,
995,,1606,2018,
995,,1607,1019,
995,,1607,1020,
995,,1607,1021,
995,,1607,1022,
995,,1607,1023,
995,,1607,1024,
995,,1607,1025,
995,,1607,1704,
995,,1607,1705,
995,,1607,2003,
995,,1607,2004,
995,,1607,2005,
995,,1607,2006,
995,,1607,2007,
995,,1607,2012,
995,,1607,2013,
995,,1607,2014,
995,,1607,2015,
995,,1607,2016,
995,,1607,2017,
995,,1608,1022,
995,,1608,1023,
995,,1608,1024,
995,,1608,1025,
995,,1608,1026,
995,,1608,1704,
995,,1608,1705,
995,,1608,2005,
995,,1608,2006,
995,,1608,2007,
995,,1608,2008,
995,,1608,2009,
995,,1608,2011,
995,,1608,2012,
995,,1608,2013,
995,,1608,2014,
995,,1701,1723,
995,,1701,1724,
995,,1701,1725,
995,,1701,1901,
995,,1701,1902,
995,,1702,1724,
995,,1702,1725,
995,,1702,1901,
995,,1702,1902,
995,,1702,1903,
995,,1703,1724,
995,,1703,1725,
995,,1703,1726,
995,,1703,1901,
995,,1703,1902,
995,,1703,1903,
995,,1703,1904,
995,,1704,1125,
995,,1704,1126,
995,,1704,1607,
995,,1704,1608,
995,,1704,1726,
995,,1704,1903,
995,,1704,1904,
995,,1704,1905,
995,,1704,1906,
995,,1704,1907,
995,,1705,1124,
995,,1705,1125,
995,,1705,1126,
995,,1705,1605,
995,,1705,1606,
995,,1705,1607,
995,,1705,1608,
995,,1705,1726,
995,,1705,1904,
995,,1705,1905,
995,,1705,1906,
995,,1705,1907,
995,,1705,1908,
995,,1705,1909,
995,,1706,1121,
995,,1706,1122,
995,,1706,1123,
995,,1706,1124,
995,,1706,1603,
995,,1706,1604,
995,,1706,1605,
995,,1706,1606,
995,,1706,1908,
995,,1706,1909,
995,,1707,1120,
995,,1707,1121,
995,,1707,1122,
995,,1707,1123,
995,,1707,1602,
995,,1707,1603,
995,,1707,1604,
995,,1708,1120,
995,,1708,1121,
995,,1708,1122,
995,,1708,1410,
995,,1708,1602,
995,,1708,1603,
995,,1708,1604,
995,,1709,1118,
995,,1709,1119,
995,,1709,1120,
995,,1709,1121,
995,,1709,1408,
995,,1709,1409,
995,,1709,1410,
995,,1709,1509,
995,,1709,1601,
995,,1709,1602,
995,,1709,1603,
995,,1709,2033,
995,,1709,2034,
995,,1709,2035,
995,,1710,1114,
995,,1710,1115,
995,,1710,1116,
995,,1710,1117,
995,,1710,1118,
995,,1710,1405,
995,,1710,1406,
995,,1710,1407,
995,,1710,1408,
995,,1710,1504,
995,,1710,1505,
995,,1710,1506,
995,,1710,1507,
995,,1710,1508,
995,,1710,2030,
995,,1710,2031,
995,,1710,2032,
995,,1710,2033,
995,,1710,2034,
995,,1711,1001,
995,,1711,1113,
995,,1711,1114,
995,,1711,1115,
995,,1711,1116,
995,,1711,1117,
995,,1711,1302,
995,,1711,1303,
995,,1711,1304,
995,,1711,1305,
995,,1711,1403,
995,,1711,1404,
995,,1711,1405,
995,,1711,1406,
995,,1711,1407,
995,,1711,1503,
995,,1711,1504,
995,,1711,1505,
995,,1711,1506,
995,,1711,1507,
995,,1711,1508,
995,,1711,2028,
995,,1711,2029,
995,,1711,2030,
995,,1711,2031,
995,,1711,2032,
995,,1712,1001,
995,,1712,1002,
995,,1712,1003,
995,,1712,1004,
995,,1712,1005,
995,,1712,1006,
995,,1712,1007,
995,,1712,1112,
995,,1712,1113,
995,,1712,1114,
995,,1712,1115,
995,,1712,1301,
995,,1712,1302,
995,,1712,1303,
995,,1712,1304,
995,,1712,1305,
995,,1712,1402,
995,,1712,1403,
995,,1712,1404,
995,,1712,1405,
995,,1712,1502,
995,,1712,1503,
995,,1712,1504,
995,,1712,1505,
995,,1712,2025,
995,,1712,2026,
995,,1712,2027,
995,,1712,2028,
995,,1712,2029,
995,,1712,2030,
995,,1713,1001,
995,,1713,1002,
995,,1713,1003,
995,,1713,1004,
995,,1713,1005,
995,,1713,1006,
995,,1713,1007,
995,,1713,1008,
995,,1713,1009,
995,,1713,1010,
995,,1713,1111,
995,,1713,1112,
995,,1713,1113,
995,,1713,1301,
995,,1713,1302,
995,,1713,1303,
995,,1713,1304,
995,,1713,1305,
995,,1713,1401,
995,,1713,1402,
995,,1713,1403,
995,,1713,1501,
995,,1713,1502,
995,,1713,1503,
995,,1713,2024,
995,,1713,2025,
995,,1713,2026,
995,,1713,2027,
995,,1713,2028,
995,,1714,1002,
995,,1714,1003,
995,,1714,1004,
995,,1714,1005,
995,,1714,1006,
995,,1714,1007,
995,,1714,1008,
995,,1714,1009,
995,,1714,1010,
995,,1714,1011,
995,,1714,1012,
995,,1714,1110,
995,,1714,1111,
995,,1714,1112,
995,,1714,1202,
995,,1714,1301,
995,,1714,1302,
995,,1714,1401,
995,,1714,1402,
995,,1714,1501,
995,,1714,1502,
995,,1714,2023,
995,,1714,2024,
995,,1714,2025,
995,,1714,2026,
995,,1714,2027,
995,,1715,1006,
995,,1715,1007,
995,,1715,1008,
995,,1715,1009,
995,,1715,1010,
995,,1715,1011,
995,,1715,1012,
995,,1715,1013,
995,,1715,1109,
995,,1715,1110,
995,,1715,1111,
995,,1715,1112,
995,,1715,1201,
995,,1715,1202,
995,,1715,1401,
995,,1715,1402,
995,,1715,1501,
995,,1715,1502,
995,,1715,2022,
995,,1715,2023,
995,,1715,2024,
995,,1715,2025,
995,,1715,2026,
995,,1716,1010,
995,,1716,1011,
995,,1716,1012,
995,,1716,1013,
995,,1716,1014,
995,,1716,1015,
995,,1716,1016,
995,,1716,1108,
995,,1716,1109,
995,,1716,1110,
995,,1716,1201,
995,,1716,1202,
995,,1716,2019,
995,,1716,2020,
995,,1716,2021,
995,,1716,2022,
995,,1716,2023,
995,,1716,2024,
995,,1717,1014,
995,,1717,1015,
995,,1717,1016,
995,,1717,1017,
995,,1717,1018,
995,,1717,1019,
995,,1717,1107,
995,,1717,1108,
995,,1717,2001,
995,,1717,2002,
995,,1717,2017,
995,,1717,2018,
995,,1717,2019,
995,,1717,2020,
995,,1717,2021,
995,,1718,1015,
995,,1718,1016,
995,,1718,1017,
995,,1718,1018,
995,,1718,1019,
995,,1718,1020,
995,,1718,1021,
995,,1718,1106,
995,,1718,1107,
995,,1718,1108,
995,,1718,2001,
995,,1718,2002,
995,,1718,2003,
995,,1718,2004,
995,,1718,2015,
995,,1718,2016,
995,,1718,2017,
995,,1718,2018,
995,,1718,2019,
995,,1718,2020,
995,,1719,1017,
995,,1719,1018,
995,,1719,1019,
995,,1719,1020,
995,,1719,1021,
995,,1719,1022,
995,,1719,1105,
995,,1719,1106,
995,,1719,1107,
995,,1719,2001,
995,,1719,2002,
995,,1719,2003,
995,,1719,2004,
995,,1719,2005,
995,,1719,2013,
995,,1719,2014,
995,,1719,2015,
995,,1719,2016,
995,,1719,2017,
995,,1719,2018,
995,,1720,1019,
995,,1720,1020,
995,,1720,1021,
995,,1720,1022,
995,,1720,1023,
995,,1720,1024,
995,,1720,1104,
995,,1720,1105,
995,,1720,1106,
995,,1720,2002,
995,,1720,2003,
995,,1720,2004,
995,,1720,2005,
995,,1720,2006,
995,,1720,2012,
995,,1720,2013,
995,,1720,2014,
995,,1720,2015,
995,,1720,2016,
995,,1720,2017,
995,,1721,1022,
995,,1721,1023,
995,,1721,1024,
995,,1721,1025,
995,,1721,1026,
995,,1721,1027,
995,,1721,1103,
995,,1721,1104,
995,,1721,1105,
995,,1721,2006,
995,,1721,2007,
995,,1721,2008,
995,,1721,2009,
995,,1721,2010,
995,,1721,2011,
995,,1721,2012,
995,,1721,2013,
995,,1722,1024,
995,,1722,1025,
995,,1722,1026,
995,,1722,1027,
995,,1722,1028,
995,,1722,1029,
995,,1722,1102,
995,,1722,1103,
995,,1722,1104,
995,,1722,2007,
995,,1722,2008,
995,,1722,2009,
995,,1722,2010,
995,,1722,2011,
995,,1722,2012,
995,,1723,1026,
995,,1723,1027,
995,,1723,1028,
995,,1723,1029,
995,,1723,1030,
995,,1723,1101,
995,,1723,1102,
995,,1723,1103,
995,,1723,1701,
995,,1723,2008,
995,,1723,2009,
995,,1723,2010,
995,,1723,2011,
995,,1724,1029,
995,,1724,1030,
995,,1724,1101,
995,,1724,1701,
995,,1724,1702,
995,,1724,1703,
995,,1725,1030,
995,,1725,1101,
995,,1725,1701,
995,,1725,1702,
995,,1725,1703,
995,,1726,1703,
995,,1726,1704,
995,,1726,1705,
995,,1801,1001,
995,,1801,1002,
995,,1801,1003,
995,,1801,1004,
995,,1801,1005,
995,,1801,1006,
995,,1801,1007,
995,,1801,1008,
995,,1801,1009,
995,,1801,1010,
995,,1801,1111,
995,,1801,1112,
995,,1801,1113,
995,,1801,1301,
995,,1801,1302,
995,,1801,1303,
995,,1801,1304,
995,,1801,1305,
995,,1801,1401,
995,,1801,1402,
995,,1801,1403,
995,,1801,1501,
995,,1801,1502,
995,,1801,1503,
995,,1801,2024,
995,,1801,2025,
995,,1801,2026,
995,,1801,2027,
995,,1801,2028,
995,,1802,1002,
995,,1802,1003,
995,,1802,1004,
995,,1802,1005,
995,,1802,1006,
995,,1802,1007,
995,,1802,1008,
995,,1802,1009,
995,,1802,1010,
995,,1802,1011,
995,,1802,1012,
995,,1802,1110,
995,,1802,1111,
995,,1802,1112,
995,,1802,1202,
995,,1802,1301,
995,,1802,1302,
995,,1802,1401,
995,,1802,1402,
995,,1802,1501,
995,,1802,1502,
995,,1802,2023,
995,,1802,2024,
995,,1802,2025,
995,,1802,2026,
995,,1802,2027,
995,,1803,1005,
995,,1803,1006,
995,,1803,1007,
995,,1803,1008,
995,,1803,1009,
995,,1803,1010,
995,,1803,1011,
995,,1803,1012,
995,,1803,1013,
995,,1803,1109,
995,,1803,1110,
995,,1803,1111,
995,,1803,1112,
995,,1803,1201,
995,,1803,1202,
995,,1803,1401,
995,,1803,1402,
995,,1803,1501,
995,,1803,1502,
995,,1803,2022,
995,,1803,2023,
995,,1803,2024,
995,,1803,2025,
995,,1803,2026,
995,,1804,1009,
995,,1804,1010,
995,,1804,1011,
995,,1804,1012,
995,,1804,1013,
995,,1804,1014,
995,,1804,1015,
995,,1804,1108,
995,,1804,1109,
995,,1804,1110,
995,,1804,1111,
995,,1804,1201,
995,,1804,1202,
995,,1804,1401,
995,,1804,1501,
995,,1804,2020,
995,,1804,2021,
995,,1804,2022,
995,,1804,2023,
995,,1804,2024,
995,,1805,1012,
995,,1805,1013,
995,,1805,1014,
995,,1805,1015,
995,,1805,1016,
995,,1805,1017,
995,,1805,1107,
995,,1805,1108,
995,,1805,1109,
995,,1805,1201,
995,,1805,1202,
995,,1805,2018,
995,,1805,2019,
995,,1805,2020,
995,,1805,2021,
995,,1805,2022,
995,,1805,2023,
995,,1806,1014,
995,,1806,1015,
995,,1806,1016,
995,,1806,1017,
995,,1806,1018,
995,,1806,1107,
995,,1806,1108,
995,,1806,1109,
995,,1806,2001,
995,,1806,2002,
995,,1806,2018,
995,,1806,2019,
995,,1806,2020,
995,,1806,2021,
995,,1806,2022,
995,,1807,1015,
995,,1807,1016,
995,,1807,1017,
995,,1807,1018,
995,,1807,1019,
995,,1807,1020,
995,,1807,1106,
995,,1807,1107,
995,,1807,1108,
995,,1807,2001,
995,,1807,2002,
995,,1807,2003,
995,,1807,2016,
995,,1807,2017,
995,,1807,2018,
995,,1807,2019,
995,,1807,2020,
995,,1807,2021,
995,,1808,1016,
995,,1808,1017,
995,,1808,1018,
995,,1808,1019,
995,,1808,1020,
995,,1808,1021,
995,,1808,1022,
995,,1808,1106,
995,,1808,1107,
995,,1808,2001,
995,,1808,2002,
995,,1808,2003,
995,,1808,2004,
995,,1808,2005,
995,,1808,2014,
995,,1808,2015,
995,,1808,2016,
995,,1808,2017,
995,,1808,2018,
995,,1808,2019,
995,,1809,1017,
995,,1809,1018,
995,,1809,1019,
995,,1809,1020,
995,,1809,1021,
995,,1809,1022,
995,,1809,1023,
995,,1809,1105,
995,,1809,1106,
995,,1809,2001,
995,,1809,2002,
995,,1809,2003,
995,,1809,2004,
995,,1809,2005,
995,,1809,2006,
995,,1809,2013,
995,,1809,2014,
995,,1809,2015,
995,,1809,2016,
995,,1809,2017,
995,,1809,2018,
995,,1810,1019,
995,,1810,1020,
995,,1810,1021,
995,,1810,1022,
995,,1810,1023,
995,,1810,1024,
995,,1810,1104,
995,,1810,1105,
995,,1810,1106,
995,,1810,2002,
995,,1810,2003,
995,,1810,2004,
995,,1810,2005,
995,,1810,2006,
995,,1810,2012,
995,,1810,2013,
995,,1810,2014,
995,,1810,2015,
995,,1810,2016,
995,,1810,2017,
995,,1811,1021,
995,,1811,1022,
995,,1811,1023,
995,,1811,1024,
995,,1811,1025,
995,,1811,1026,
995,,1811,1104,
995,,1811,1105,
995,,1811,1106,
995,,1811,2004,
995,,1811,2005,
995,,1811,2006,
995,,1811,2007,
995,,1811,2008,
995,,1811,2011,
995,,1811,2012,
995,,1811,2013,
995,,1811,2014,
995,,1811,2015,
995,,1901,1029,
995,,1901,1030,
995,,1901,1101,
995,,1901,1701,
995,,1901,1702,
995,,1901,1703,
995,,1902,1030,
995,,1902,1101,
995,,1902,1701,
995,,1902,1702,
995,,1902,1703,
995,,1903,1702,
995,,1903,1703,
995,,1903,1704,
995,,1904,1703,
995,,1904,1704,
995,,1904,1705,
995,,1905,1704,
995,,1905,1705,
995,,1906,1704,
995,,1906,1705,
995,,1907,1704,
995,,1907,1705,
995,,1908,1705,
995,,1908,1706,
995,,1909,1705,
995,,1909,1706,
995,,2001,1121,
995,,2001,1122,
995,,2001,1123,
995,,2001,1124,
995,,2001,1603,
995,,2001,1604,
995,,2001,1605,
995,,2001,1606,
995,,2001,1717,
995,,2001,1718,
995,,2001,1719,
995,,2001,1806,
995,,2001,1807,
995,,2001,1808,
995,,2001,1809,
995,,2002,1122,
995,,2002,1123,
995,,2002,1124,
995,,2002,1604,
995,,2002,1605,
995,,2002,1606,
995,,2002,1717,
995,,2002,1718,
995,,2002,1719,
995,,2002,1720,
995,,2002,1806,
995,,2002,1807,
995,,2002,1808,
995,,2002,1809,
995,,2002,1810,
995,,2003,1122,
995,,2003,1123,
995,,2003,1124,
995,,2003,1604,
995,,2003,1605,
995,,2003,1606,
995,,2003,1607,
995,,2003,1718,
995,,2003,1719,
995,,2003,1720,
995,,2003,1807,
995,,2003,1808,
995,,2003,1809,
995,,2003,1810,
995,,2004,1123,
995,,2004,1124,
995,,2004,1125,
995,,2004,1604,
995,,2004,1605,
995,,2004,1606,
995,,2004,1607,
995,,2004,1718,
995,,2004,1719,
995,,2004,1720,
995,,2004,1808,
995,,2004,1809,
995,,2004,1810,
995,,2004,1811,
995,,2005,1123,
995,,2005,1124,
995,,2005,1125,
995,,2005,1126,
995,,2005,1605,
995,,2005,1606,
995,,2005,1607,
995,,2005,1608,
995,,2005,1719,
995,,2005,1720,
995,,2005,1808,
995,,2005,1809,
995,,2005,1810,
995,,2005,1811,
995,,2006,1124,
995,,2006,1125,
995,,2006,1126,
995,,2006,1606,
995,,2006,1607,
995,,2006,1608,
995,,2006,1720,
995,,2006,1721,
995,,2006,1809,
995,,2006,1810,
995,,2006,1811,
995,,2007,1125,
995,,2007,1126,
995,,2007,1607,
995,,2007,1608,
995,,2007,1721,
995,,2007,1722,
995,,2007,1811,
995,,2008,1125,
995,,2008,1126,
995,,2008,1608,
995,,2008,1721,
995,,2008,1722,
995,,2008,1723,
995,,2008,1811,
995,,2009,1126,
995,,2009,1608,
995,,2009,1721,
995,,2009,1722,
995,,2009,1723,
995,,2010,1721,
995,,2010,1722,
995,,2010,1723,
995,,2011,1125,
995,,2011,1126,
995,,2011,1608,
995,,2011,1721,
995,,2011,1722,
995,,2011,1723,
995,,2011,1811,
995,,2012,1124,
995,,2012,1125,
995,,2012,1126,
995,,2012,1607,
995,,2012,1608,
995,,2012,1720,
995,,2012,1721,
995,,2012,1722,
995,,2012,1810,
995,,2012,1811,
995,,2013,1124,
995,,2013,1125,
995,,2013,1126,
995,,2013,1605,
995,,2013,1606,
995,,2013,1607,
995,,2013,1608,
995,,2013,1719,
995,,2013,1720,
995,,2013,1721,
995,,2013,1809,
995,,2013,1810,
995,,2013,1811,
995,,2014,1123,
995,,2014,1124,
995,,2014,1125,
995,,2014,1126,
995,,2014,1605,
995,,2014,1606,
995,,2014,1607,
995,,2014,1608,
995,,2014,1719,
995,,2014,1720,
995,,2014,1808,
995,,2014,1809,
995,,2014,1810,
995,,2014,1811,
995,,2015,1122,
995,,2015,1123,
995,,2015,1124,
995,,2015,1125,
995,,2015,1604,
995,,2015,1605,
995,,2015,1606,
995,,2015,1607,
995,,2015,1718,
995,,2015,1719,
995,,2015,1720,
995,,2015,1808,
995,,2015,1809,
995,,2015,1810,
995,,2015,1811,
995,,2016,1122,
995,,2016,1123,
995,,2016,1124,
995,,2016,1604,
995,,2016,1605,
995,,2016,1606,
995,,2016,1607,
995,,2016,1718,
995,,2016,1719,
995,,2016,1720,
995,,2016,1807,
995,,2016,1808,
995,,2016,1809,
995,,2016,1810,
995,,2017,1122,
995,,2017,1123,
995,,2017,1124,
995,,2017,1604,
995,,2017,1605,
995,,2017,1606,
995,,2017,1607,
995,,2017,1717,
995,,2017,1718,
995,,2017,1719,
995,,2017,1720,
995,,2017,1807,
995,,2017,1808,
995,,2017,1809,
995,,2017,1810,
995,,2018,1121,
995,,2018,1122,
995,,2018,1123,
995,,2018,1603,
995,,2018,1604,
995,,2018,1605,
995,,2018,1606,
995,,2018,1717,
995,,2018,1718,
995,,2018,1719,
995,,2018,1805,
995,,2018,1806,
995,,2018,1807,
995,,2018,1808,
995,,2018,1809,
995,,2019,1120,
995,,2019,1121,
995,,2019,1122,
995,,2019,1123,
995,,2019,1602,
995,,2019,1603,
995,,2019,1604,
995,,2019,1716,
995,,2019,1717,
995,,2019,1718,
995,,2019,1805,
995,,2019,1806,
995,,2019,1807,
995,,2019,1808,
995,,2020,1120,
995,,2020,1121,
995,,2020,1122,
995,,2020,1410,
995,,2020,1602,
995,,2020,1603,
995,,2020,1604,
995,,2020,1716,
995,,2020,1717,
995,,2020,1718,
995,,2020,1804,
995,,2020,1805,
995,,2020,1806,
995,,2020,1807,
995,,2021,1119,
995,,2021,1120,
995,,2021,1121,
995,,2021,1409,
995,,2021,1410,
995,,2021,1509,
995,,2021,1601,
995,,2021,1602,
995,,2021,1603,
995,,2021,1716,
995,,2021,1717,
995,,2021,1804,
995,,2021,1805,
995,,2021,1806,
995,,2021,1807,
995,,2022,1119,
995,,2022,1120,
995,,2022,1121,
995,,2022,1408,
995,,2022,1409,
995,,2022,1410,
995,,2022,1509,
995,,2022,1601,
995,,2022,1602,
995,,2022,1603,
995,,2022,1715,
995,,2022,1716,
995,,2022,1803,
995,,2022,1804,
995,,2022,1805,
995,,2022,1806,
995,,2023,1118,
995,,2023,1119,
995,,2023,1120,
995,,2023,1408,
995,,2023,1409,
995,,2023,1410,
995,,2023,1509,
995,,2023,1601,
995,,2023,1602,
995,,2023,1603,
995,,2023,1714,
995,,2023,1715,
995,,2023,1716,
995,,2023,1802,
995,,2023,1803,
995,,2023,1804,
995,,2023,1805,
995,,2024,1117,
995,,2024,1118,
995,,2024,1119,
995,,2024,1406,
995,,2024,1407,
995,,2024,1408,
995,,2024,1409,
995,,2024,1410,
995,,2024,1507,
995,,2024,1508,
995,,2024,1509,
995,,2024,1601,
995,,2024,1713,
995,,2024,1714,
995,,2024,1715,
995,,2024,1716,
995,,2024,1801,
995,,2024,1802,
995,,2024,1803,
995,,2024,1804,
995,,2025,1115,
995,,2025,1116,
995,,2025,1117,
995,,2025,1118,
995,,2025,1119,
995,,2025,1405,
995,,2025,1406,
995,,2025,1407,
995,,2025,1408,
995,,2025,1409,
995,,2025,1505,
995,,2025,1506,
995,,2025,1507,
995,,2025,1508,
995,,2025,1509,
995,,2025,1601,
995,,2025,1712,
995,,2025,1713,
995,,2025,1714,
995,,2025,1715,
995,,2025,1801,
995,,2025,1802,
995,,2025,1803,
995,,2026,1114,
995,,2026,1115,
995,,2026,1116,
995,,2026,1117,
995,,2026,1118,
995,,2026,1404,
995,,2026,1405,
995,,2026,1406,
995,,2026,1407,
995,,2026,1408,
995,,2026,1504,
995,,2026,1505,
995,,2026,1506,
995,,2026,1507,
995,,2026,1508,
995,,2026,1712,
995,,2026,1713,
995,,2026,1714,
995,,2026,1715,
995,,2026,1801,
995,,2026,1802,
995,,2026,1803,
995,,2027,1114,
995,,2027,1115,
995,,2027,1116,
995,,2027,1117,
995,,2027,1118,
995,,2027,1404,
995,,2027,1405,
995,,2027,1406,
995,,2027,1407,
995,,2027,1408,
995,,2027,1504,
995,,2027,1505,
995,,2027,1506,
995,,2027,1507,
995,,2027,1508,
995,,2027,1712,
995,,2027,1713,
995,,2027,1714,
995,,2027,1801,
995,,2027,1802,
995,,2028,1113,
995,,2028,1114,
995,,2028,1115,
995,,2028,1116,
995,,2028,1117,
995,,2028,1403,
995,,2028,1404,
995,,2028,1405,
995,,2028,1406,
995,,2028,1407,
995,,2028,1503,
995,,2028,1504,
995,,2028,1505,
995,,2028,1506,
995,,2028,1507,
995,,2028,1508,
995,,2028,1711,
995,,2028,1712,
995,,2028,1713,
995,,2028,1801,
995,,2029,1113,
995,,2029,1114,
995,,2029,1115,
995,,2029,1116,
995,,2029,1117,
995,,2029,1403,
995,,2029,1404,
995,,2029,1405,
995,,2029,1406,
995,,2029,1503,
995,,2029,1504,
995,,2029,1505,
995,,2029,1506,
995,,2029,1507,
995,,2029,1711,
995,,2029,1712,
995,,2030,1112,
995,,2030,1113,
995,,2030,1114,
995,,2030,1115,
995,,2030,1116,
995,,2030,1402,
995,,2030,1403,
995,,2030,1404,
995,,2030,1405,
995,,2030,1503,
995,,2030,1504,
995,,2030,1505,
995,,2030,1506,
995,,2030,1710,
995,,2030,1711,
995,,2030,1712,
995,,2031,1112,
995,,2031,1113,
995,,2031,1114,
995,,2031,1115,
995,,2031,1402,
995,,2031,1403,
995,,2031,1404,
995,,2031,1502,
995,,2031,1503,
995,,2031,1504,
995,,2031,1710,
995,,2031,1711,
995,,2032,1111,
995,,2032,1112,
995,,2032,1113,
995,,2032,1401,
995,,2032,1402,
995,,2032,1403,
995,,2032,1501,
995,,2032,1502,
995,,2032,1503,
995,,2032,1710,
995,,2032,1711,
995,,2033,1001,
995,,2033,1109,
995,,2033,1110,
995,,2033,1111,
995,,2033,1112,
995,,2033,1304,
995,,2033,1305,
995,,2033,1401,
995,,2033,1402,
995,,2033,1501,
995,,2033,1502,
995,,2033,1709,
995,,2033,1710,
995,,2034,1001,
995,,2034,1002,
995,,2034,1003,
995,,2034,1109,
995,,2034,1110,
995,,2034,1111,
995,,2034,1112,
995,,2034,1302,
995,,2034,1303,
995,,2034,1304,
995,,2034,1305,
995,,2034,1401,
995,,2034,1402,
995,,2034,1501,
995,,2034,1502,
995,,2034,1709,
995,,2034,1710,
995,,2035,1001,
995,,2035,1002,
995,,2035,1003,
995,,2035,1004,
995,,2035,1109,
995,,2035,1110,
995,,2035,1111,
995,,2035,1301,
995,,2035,1302,
995,,2035,1303,
995,,2035,1304,
995,,2035,1305,
995,,2035,1401,
995,,2035,1402,
995,,2035,1501,
995,,2035,1502,
995,,2035,1709,
